2026-07-18T17:16:58Z 1784395018
2026-07-18T17:17:04Z 1784395024
2026-07-18T17:18:04Z 1784395084
2026-07-18T17:19:04Z 1784395144
2026-07-18T17:20:04Z 1784395204
2026-07-18T17:21:04Z 1784395264
2026-07-18T17:22:04Z 1784395324
2026-07-18T17:23:04Z 1784395384
2026-07-18T17:24:04Z 1784395444
2026-07-18T17:25:04Z 1784395504
2026-07-18T17:26:04Z 1784395564
2026-07-18T17:27:04Z 1784395624
2026-07-18T17:28:04Z 1784395684
2026-07-18T17:29:04Z 1784395744
2026-07-18T17:30:04Z 1784395804
2026-07-18T17:31:04Z 1784395864
2026-07-18T17:32:04Z 1784395924
2026-07-18T17:33:04Z 1784395984
2026-07-18T17:34:04Z 1784396044
2026-07-18T17:35:04Z 1784396104
2026-07-18T17:36:04Z 1784396164
2026-07-18T17:37:04Z 1784396224
2026-07-18T17:38:04Z 1784396284
2026-07-18T17:39:04Z 1784396344
2026-07-18T17:40:04Z 1784396404
2026-07-18T17:41:04Z 1784396464
2026-07-18T17:42:04Z 1784396524
2026-07-18T17:43:04Z 1784396584
2026-07-18T17:44:04Z 1784396644
2026-07-18T17:45:04Z 1784396704
2026-07-18T17:46:04Z 1784396764
2026-07-18T17:47:04Z 1784396824
2026-07-18T17:48:04Z 1784396884
2026-07-18T17:49:04Z 1784396944
2026-07-18T17:50:04Z 1784397004
2026-07-18T17:51:04Z 1784397064
2026-07-18T17:52:04Z 1784397124
2026-07-18T17:53:04Z 1784397184
2026-07-18T17:54:04Z 1784397244
2026-07-18T17:55:04Z 1784397304
2026-07-18T17:56:04Z 1784397364
2026-07-18T17:57:04Z 1784397424
2026-07-18T17:58:04Z 1784397484
2026-07-18T17:59:04Z 1784397544
2026-07-18T18:00:04Z 1784397604
2026-07-18T18:01:04Z 1784397664
2026-07-18T18:02:04Z 1784397724
2026-07-18T18:03:04Z 1784397784
2026-07-18T18:04:04Z 1784397844
2026-07-18T18:05:04Z 1784397904
2026-07-18T18:06:04Z 1784397964
2026-07-18T18:07:04Z 1784398024
2026-07-18T18:08:04Z 1784398084
2026-07-18T18:09:04Z 1784398144
2026-07-18T18:10:04Z 1784398204
2026-07-18T18:11:04Z 1784398264
2026-07-18T18:12:04Z 1784398324
2026-07-18T18:13:04Z 1784398384
2026-07-18T18:14:04Z 1784398444
2026-07-18T18:15:04Z 1784398504
2026-07-18T18:16:04Z 1784398564
2026-07-18T18:17:04Z 1784398624
2026-07-18T18:18:04Z 1784398684
2026-07-18T18:19:04Z 1784398744
2026-07-18T18:20:04Z 1784398804
2026-07-18T18:21:04Z 1784398864
2026-07-18T18:22:04Z 1784398924
2026-07-18T18:23:04Z 1784398984
2026-07-18T18:24:04Z 1784399044
2026-07-18T18:25:04Z 1784399104
2026-07-18T18:26:04Z 1784399164
2026-07-18T18:27:04Z 1784399224
2026-07-18T18:28:04Z 1784399284
2026-07-18T18:29:04Z 1784399344
2026-07-18T18:30:04Z 1784399404
2026-07-18T18:31:04Z 1784399464
2026-07-18T18:32:04Z 1784399524
2026-07-18T18:33:04Z 1784399584
2026-07-18T18:34:04Z 1784399644
2026-07-18T18:35:04Z 1784399704
2026-07-18T18:36:04Z 1784399764
2026-07-18T18:37:04Z 1784399824
2026-07-18T18:38:04Z 1784399884
2026-07-18T18:39:04Z 1784399944
2026-07-18T18:40:04Z 1784400004
2026-07-18T18:41:04Z 1784400064
2026-07-18T18:42:04Z 1784400124
2026-07-18T18:43:04Z 1784400184
2026-07-18T18:44:04Z 1784400244
2026-07-18T18:45:04Z 1784400304
2026-07-18T18:46:04Z 1784400364
2026-07-18T18:47:04Z 1784400424
2026-07-18T18:48:04Z 1784400484
2026-07-18T18:49:04Z 1784400544
2026-07-18T18:50:04Z 1784400604
2026-07-18T18:51:04Z 1784400664
2026-07-18T18:52:04Z 1784400724
2026-07-18T18:53:04Z 1784400784
2026-07-18T18:54:04Z 1784400844
2026-07-18T18:55:04Z 1784400904
2026-07-18T18:56:04Z 1784400964
2026-07-18T18:57:04Z 1784401024
2026-07-18T18:58:04Z 1784401084
2026-07-18T18:59:04Z 1784401144
2026-07-18T19:00:04Z 1784401204
2026-07-18T19:01:04Z 1784401264
2026-07-18T19:02:04Z 1784401324
2026-07-18T19:03:04Z 1784401384
2026-07-18T19:04:04Z 1784401444
2026-07-18T19:05:04Z 1784401504
2026-07-18T19:06:04Z 1784401564
2026-07-18T19:07:04Z 1784401624
2026-07-18T19:08:04Z 1784401684
2026-07-18T19:09:04Z 1784401744
2026-07-18T19:10:04Z 1784401804
2026-07-18T19:11:04Z 1784401864
2026-07-18T19:12:04Z 1784401924
2026-07-18T19:13:04Z 1784401984
2026-07-18T19:14:04Z 1784402044
2026-07-18T19:15:04Z 1784402104
2026-07-18T19:16:04Z 1784402164
2026-07-18T19:17:04Z 1784402224
2026-07-18T19:18:04Z 1784402284
2026-07-18T19:19:04Z 1784402344
2026-07-18T19:20:04Z 1784402404
2026-07-18T19:21:04Z 1784402464
2026-07-18T19:22:04Z 1784402524
2026-07-18T19:23:04Z 1784402584
2026-07-18T19:24:04Z 1784402644
2026-07-18T19:25:04Z 1784402704
2026-07-18T19:26:04Z 1784402764
2026-07-18T19:27:04Z 1784402824
2026-07-18T19:28:04Z 1784402884
2026-07-18T19:29:04Z 1784402944
2026-07-18T19:30:04Z 1784403004
2026-07-18T19:31:04Z 1784403064
2026-07-18T19:32:04Z 1784403124
2026-07-18T19:33:04Z 1784403184
2026-07-18T19:34:04Z 1784403244
2026-07-18T19:35:04Z 1784403304
2026-07-18T19:36:04Z 1784403364
2026-07-18T19:37:04Z 1784403424
2026-07-18T19:38:04Z 1784403484
2026-07-18T19:39:04Z 1784403544
2026-07-18T19:40:04Z 1784403604
2026-07-18T19:41:04Z 1784403664
2026-07-18T19:42:04Z 1784403724
2026-07-18T19:43:04Z 1784403784
2026-07-18T19:44:04Z 1784403844
2026-07-18T19:45:04Z 1784403904
2026-07-18T19:46:04Z 1784403964
2026-07-18T19:47:04Z 1784404024
2026-07-18T19:48:04Z 1784404084
2026-07-18T19:49:04Z 1784404144
2026-07-18T19:50:04Z 1784404204
2026-07-18T19:51:04Z 1784404264
2026-07-18T19:52:04Z 1784404324
2026-07-18T19:53:04Z 1784404384
2026-07-18T19:54:04Z 1784404444
2026-07-18T19:55:04Z 1784404504
2026-07-18T19:56:04Z 1784404564
2026-07-18T19:57:04Z 1784404624
2026-07-18T19:58:04Z 1784404684
2026-07-18T19:59:04Z 1784404744
2026-07-18T20:00:04Z 1784404804
2026-07-18T20:01:04Z 1784404864
2026-07-18T20:02:04Z 1784404924
2026-07-18T20:03:04Z 1784404984
2026-07-18T20:04:04Z 1784405044
2026-07-18T20:05:04Z 1784405104
2026-07-18T20:06:04Z 1784405164
2026-07-18T20:07:04Z 1784405224
2026-07-18T20:08:04Z 1784405284
2026-07-18T20:09:04Z 1784405344
2026-07-18T20:10:04Z 1784405404
2026-07-18T20:11:04Z 1784405464
2026-07-18T20:12:04Z 1784405524
2026-07-18T20:13:04Z 1784405584
2026-07-18T20:14:04Z 1784405644
2026-07-18T20:15:04Z 1784405704
2026-07-18T20:16:04Z 1784405764
2026-07-18T20:17:04Z 1784405824
2026-07-18T20:18:04Z 1784405884
2026-07-18T20:19:04Z 1784405944
2026-07-18T20:20:04Z 1784406004
2026-07-18T20:21:04Z 1784406064
2026-07-18T20:22:04Z 1784406124
2026-07-18T20:23:04Z 1784406184
2026-07-18T20:24:04Z 1784406244
2026-07-18T20:25:04Z 1784406304
2026-07-18T20:26:03Z 1784406363
2026-07-18T20:27:04Z 1784406424
2026-07-18T20:28:04Z 1784406484
2026-07-18T20:29:04Z 1784406544
2026-07-18T20:30:04Z 1784406604
2026-07-18T20:31:04Z 1784406664
2026-07-18T20:32:04Z 1784406724
2026-07-18T20:33:04Z 1784406784
2026-07-18T20:34:04Z 1784406844
2026-07-18T20:35:04Z 1784406904
2026-07-18T20:36:04Z 1784406964
2026-07-18T20:37:04Z 1784407024
2026-07-18T20:38:04Z 1784407084
2026-07-18T20:39:04Z 1784407144
2026-07-18T20:40:04Z 1784407204
2026-07-18T20:41:04Z 1784407264
2026-07-18T20:42:04Z 1784407324
2026-07-18T20:43:04Z 1784407384
2026-07-18T20:44:04Z 1784407444
2026-07-18T20:45:04Z 1784407504
2026-07-18T20:46:04Z 1784407564
2026-07-18T20:47:04Z 1784407624
2026-07-18T20:48:04Z 1784407684
2026-07-18T20:49:04Z 1784407744
2026-07-18T20:50:04Z 1784407804
2026-07-18T20:51:04Z 1784407864
2026-07-18T20:52:04Z 1784407924
2026-07-18T20:53:04Z 1784407984
2026-07-18T20:54:04Z 1784408044
2026-07-18T20:55:04Z 1784408104
2026-07-18T20:56:04Z 1784408164
2026-07-18T20:57:04Z 1784408224
2026-07-18T20:58:04Z 1784408284
2026-07-18T20:59:04Z 1784408344
2026-07-18T21:00:04Z 1784408404
2026-07-18T21:01:04Z 1784408464
2026-07-18T21:02:04Z 1784408524
2026-07-18T21:03:04Z 1784408584
2026-07-18T21:04:04Z 1784408644
2026-07-18T21:05:04Z 1784408704
2026-07-18T21:06:04Z 1784408764
2026-07-18T21:07:04Z 1784408824
2026-07-18T21:08:04Z 1784408884
2026-07-18T21:09:04Z 1784408944
2026-07-18T21:10:04Z 1784409004
2026-07-18T21:11:04Z 1784409064
2026-07-18T21:12:04Z 1784409124
2026-07-18T21:13:04Z 1784409184
2026-07-18T21:14:04Z 1784409244
2026-07-18T21:15:04Z 1784409304
2026-07-18T21:16:04Z 1784409364
2026-07-18T21:17:04Z 1784409424
2026-07-18T21:18:04Z 1784409484
2026-07-18T21:19:04Z 1784409544
2026-07-18T21:20:04Z 1784409604
2026-07-18T21:21:04Z 1784409664
2026-07-18T21:22:04Z 1784409724
2026-07-18T21:23:04Z 1784409784
2026-07-18T21:24:04Z 1784409844
2026-07-18T21:25:04Z 1784409904
2026-07-18T21:26:04Z 1784409964
2026-07-18T21:27:04Z 1784410024
2026-07-18T21:28:04Z 1784410084
2026-07-18T21:29:04Z 1784410144
2026-07-18T21:30:04Z 1784410204
2026-07-18T21:31:04Z 1784410264
2026-07-18T21:32:04Z 1784410324
2026-07-18T21:33:04Z 1784410384
2026-07-18T21:34:04Z 1784410444
2026-07-18T21:35:04Z 1784410504
2026-07-18T21:36:04Z 1784410564
2026-07-18T21:37:04Z 1784410624
2026-07-18T21:38:04Z 1784410684
2026-07-18T21:39:04Z 1784410744
2026-07-18T21:40:04Z 1784410804
2026-07-18T21:41:04Z 1784410864
2026-07-18T21:42:04Z 1784410924
2026-07-18T21:43:04Z 1784410984
2026-07-18T21:44:04Z 1784411044
2026-07-18T21:45:04Z 1784411104
2026-07-18T21:46:04Z 1784411164
2026-07-18T21:47:04Z 1784411224
2026-07-18T21:48:04Z 1784411284
2026-07-18T21:49:04Z 1784411344
2026-07-18T21:50:04Z 1784411404
2026-07-18T21:51:04Z 1784411464
2026-07-18T21:52:04Z 1784411524
2026-07-18T21:53:04Z 1784411584
2026-07-18T21:54:04Z 1784411644
2026-07-18T21:55:04Z 1784411704
2026-07-18T21:56:04Z 1784411764
2026-07-18T21:57:04Z 1784411824
2026-07-18T21:58:04Z 1784411884
2026-07-18T21:59:04Z 1784411944
2026-07-18T22:00:04Z 1784412004
2026-07-18T22:01:04Z 1784412064
2026-07-18T22:02:04Z 1784412124
2026-07-18T22:03:04Z 1784412184
2026-07-18T22:04:04Z 1784412244
2026-07-18T22:05:04Z 1784412304
2026-07-18T22:06:04Z 1784412364
2026-07-18T22:07:04Z 1784412424
2026-07-18T22:08:04Z 1784412484
2026-07-18T22:09:04Z 1784412544
2026-07-18T22:10:04Z 1784412604
2026-07-18T22:11:04Z 1784412664
2026-07-18T22:12:04Z 1784412724
2026-07-18T22:13:04Z 1784412784
2026-07-18T22:14:04Z 1784412844
2026-07-18T22:15:04Z 1784412904
2026-07-18T22:16:04Z 1784412964
2026-07-18T22:17:04Z 1784413024
2026-07-18T22:18:04Z 1784413084
2026-07-18T22:19:04Z 1784413144
2026-07-18T22:20:04Z 1784413204
2026-07-18T22:21:04Z 1784413264
2026-07-18T22:22:04Z 1784413324
2026-07-18T22:23:04Z 1784413384
2026-07-18T22:24:01Z 1784413441
2026-07-18T22:25:04Z 1784413504
2026-07-18T22:26:04Z 1784413564
2026-07-18T22:27:04Z 1784413624
2026-07-18T22:28:04Z 1784413684
2026-07-18T22:29:04Z 1784413744
2026-07-18T22:30:04Z 1784413804
2026-07-18T22:31:04Z 1784413864
2026-07-18T22:32:04Z 1784413924
2026-07-18T22:33:04Z 1784413984
2026-07-18T22:34:04Z 1784414044
2026-07-18T22:35:04Z 1784414104
2026-07-18T22:36:04Z 1784414164
2026-07-18T22:37:04Z 1784414224
2026-07-18T22:38:04Z 1784414284
2026-07-18T22:39:04Z 1784414344
2026-07-18T22:40:04Z 1784414404
2026-07-18T22:41:04Z 1784414464
2026-07-18T22:42:04Z 1784414524
2026-07-18T22:43:04Z 1784414584
2026-07-18T22:44:04Z 1784414644
2026-07-18T22:45:04Z 1784414704
2026-07-18T22:46:04Z 1784414764
2026-07-18T22:47:04Z 1784414824
2026-07-18T22:48:04Z 1784414884
2026-07-18T22:49:04Z 1784414944
2026-07-18T22:50:04Z 1784415004
2026-07-18T22:51:04Z 1784415064
2026-07-18T22:52:04Z 1784415124
2026-07-18T22:53:04Z 1784415184
2026-07-18T22:54:04Z 1784415244
2026-07-18T22:55:04Z 1784415304
2026-07-18T22:56:04Z 1784415364
2026-07-18T22:57:04Z 1784415424
2026-07-18T22:58:04Z 1784415484
2026-07-18T22:59:04Z 1784415544
2026-07-18T23:00:04Z 1784415604
2026-07-18T23:01:04Z 1784415664
2026-07-18T23:02:04Z 1784415724
2026-07-18T23:03:04Z 1784415784
2026-07-18T23:04:04Z 1784415844
2026-07-18T23:05:04Z 1784415904
2026-07-18T23:06:04Z 1784415964
2026-07-18T23:07:04Z 1784416024
2026-07-18T23:08:04Z 1784416084
2026-07-18T23:09:04Z 1784416144
2026-07-18T23:10:04Z 1784416204
2026-07-18T23:11:04Z 1784416264
2026-07-18T23:12:04Z 1784416324
2026-07-18T23:13:04Z 1784416384
2026-07-18T23:14:04Z 1784416444
2026-07-18T23:15:04Z 1784416504
2026-07-18T23:16:04Z 1784416564
2026-07-18T23:17:04Z 1784416624
2026-07-18T23:18:04Z 1784416684
2026-07-18T23:19:04Z 1784416744
2026-07-18T23:20:04Z 1784416804
2026-07-18T23:21:04Z 1784416864
2026-07-18T23:22:04Z 1784416924
2026-07-18T23:23:04Z 1784416984
2026-07-18T23:24:04Z 1784417044
2026-07-18T23:25:04Z 1784417104
2026-07-18T23:26:04Z 1784417164
2026-07-18T23:27:04Z 1784417224
2026-07-18T23:28:04Z 1784417284
2026-07-18T23:29:04Z 1784417344
2026-07-18T23:30:04Z 1784417404
2026-07-18T23:31:04Z 1784417464
2026-07-18T23:32:04Z 1784417524
2026-07-18T23:33:04Z 1784417584
2026-07-18T23:34:04Z 1784417644
2026-07-18T23:35:04Z 1784417704
2026-07-18T23:36:04Z 1784417764
2026-07-18T23:37:04Z 1784417824
2026-07-18T23:38:04Z 1784417884
2026-07-18T23:39:04Z 1784417944
2026-07-18T23:40:04Z 1784418004
2026-07-18T23:41:04Z 1784418064
2026-07-18T23:42:04Z 1784418124
2026-07-18T23:43:04Z 1784418184
2026-07-18T23:44:04Z 1784418244
2026-07-18T23:45:04Z 1784418304
2026-07-18T23:46:04Z 1784418364
2026-07-18T23:47:04Z 1784418424
2026-07-18T23:48:04Z 1784418484
2026-07-18T23:49:04Z 1784418544
2026-07-18T23:50:04Z 1784418604
2026-07-18T23:51:04Z 1784418664
2026-07-18T23:52:04Z 1784418724
2026-07-18T23:53:04Z 1784418784
2026-07-18T23:54:04Z 1784418844
2026-07-18T23:55:04Z 1784418904
2026-07-18T23:56:04Z 1784418964
2026-07-18T23:57:04Z 1784419024
2026-07-18T23:58:04Z 1784419084
2026-07-18T23:59:04Z 1784419144
2026-07-19T00:00:04Z 1784419204
2026-07-19T00:01:04Z 1784419264
2026-07-19T00:02:04Z 1784419324
2026-07-19T00:03:04Z 1784419384
2026-07-19T00:04:04Z 1784419444
2026-07-19T00:05:04Z 1784419504
2026-07-19T00:06:04Z 1784419564
2026-07-19T00:07:04Z 1784419624
2026-07-19T00:08:04Z 1784419684
2026-07-19T00:09:04Z 1784419744
2026-07-19T00:10:04Z 1784419804
2026-07-19T00:11:04Z 1784419864
2026-07-19T00:12:04Z 1784419924
2026-07-19T00:13:04Z 1784419984
2026-07-19T00:14:04Z 1784420044
2026-07-19T00:15:04Z 1784420104
2026-07-19T00:16:04Z 1784420164
2026-07-19T00:17:04Z 1784420224
2026-07-19T00:18:04Z 1784420284
2026-07-19T00:19:04Z 1784420344
2026-07-19T00:20:04Z 1784420404
2026-07-19T00:21:04Z 1784420464
2026-07-19T00:22:04Z 1784420524
2026-07-19T00:23:04Z 1784420584
2026-07-19T00:24:04Z 1784420644
2026-07-19T00:25:04Z 1784420704
2026-07-19T00:26:04Z 1784420764
2026-07-19T00:27:04Z 1784420824
2026-07-19T00:28:04Z 1784420884
2026-07-19T00:29:04Z 1784420944
2026-07-19T00:30:04Z 1784421004
2026-07-19T00:31:04Z 1784421064
2026-07-19T00:32:04Z 1784421124
2026-07-19T00:33:04Z 1784421184
2026-07-19T00:34:04Z 1784421244
2026-07-19T00:35:04Z 1784421304
2026-07-19T00:36:04Z 1784421364
2026-07-19T00:37:04Z 1784421424
2026-07-19T00:38:04Z 1784421484
2026-07-19T00:39:04Z 1784421544
2026-07-19T00:40:04Z 1784421604
2026-07-19T00:41:04Z 1784421664
2026-07-19T00:42:04Z 1784421724
2026-07-19T00:43:04Z 1784421784
2026-07-19T00:44:04Z 1784421844
2026-07-19T00:45:04Z 1784421904
2026-07-19T00:46:04Z 1784421964
2026-07-19T00:47:04Z 1784422024
2026-07-19T00:48:04Z 1784422084
2026-07-19T00:49:04Z 1784422144
2026-07-19T00:50:04Z 1784422204
2026-07-19T00:51:04Z 1784422264
2026-07-19T00:52:04Z 1784422324
2026-07-19T00:53:04Z 1784422384
2026-07-19T00:54:04Z 1784422444
2026-07-19T00:55:04Z 1784422504
2026-07-19T00:56:04Z 1784422564
2026-07-19T00:57:04Z 1784422624
2026-07-19T00:58:04Z 1784422684
2026-07-19T00:59:04Z 1784422744
2026-07-19T01:00:04Z 1784422804
2026-07-19T01:01:04Z 1784422864
2026-07-19T01:02:04Z 1784422924
2026-07-19T01:03:04Z 1784422984
2026-07-19T01:04:04Z 1784423044
2026-07-19T01:05:04Z 1784423104
2026-07-19T01:06:04Z 1784423164
2026-07-19T01:07:04Z 1784423224
2026-07-19T01:08:04Z 1784423284
2026-07-19T01:09:04Z 1784423344
2026-07-19T01:10:04Z 1784423404
2026-07-19T01:11:04Z 1784423464
2026-07-19T01:12:04Z 1784423524
2026-07-19T01:13:04Z 1784423584
2026-07-19T01:14:04Z 1784423644
2026-07-19T01:15:04Z 1784423704
2026-07-19T01:16:04Z 1784423764
2026-07-19T01:17:04Z 1784423824
2026-07-19T01:18:04Z 1784423884
2026-07-19T01:19:04Z 1784423944
2026-07-19T01:20:04Z 1784424004
2026-07-19T01:21:04Z 1784424064
2026-07-19T01:22:04Z 1784424124
2026-07-19T01:23:04Z 1784424184
2026-07-19T01:24:04Z 1784424244
2026-07-19T01:25:04Z 1784424304
2026-07-19T01:26:04Z 1784424364
2026-07-19T01:27:04Z 1784424424
2026-07-19T01:28:04Z 1784424484
2026-07-19T01:29:04Z 1784424544
2026-07-19T01:30:04Z 1784424604
2026-07-19T01:31:04Z 1784424664
2026-07-19T01:32:04Z 1784424724
2026-07-19T01:33:04Z 1784424784
2026-07-19T01:34:04Z 1784424844
2026-07-19T01:35:04Z 1784424904
2026-07-19T01:36:04Z 1784424964
2026-07-19T01:37:04Z 1784425024
2026-07-19T01:38:04Z 1784425084
2026-07-19T01:39:04Z 1784425144
2026-07-19T01:40:04Z 1784425204
2026-07-19T01:41:04Z 1784425264
2026-07-19T01:42:04Z 1784425324
2026-07-19T01:43:04Z 1784425384
2026-07-19T01:44:04Z 1784425444
2026-07-19T01:45:04Z 1784425504
2026-07-19T01:46:04Z 1784425564
2026-07-19T01:47:04Z 1784425624
2026-07-19T01:48:04Z 1784425684
2026-07-19T01:49:04Z 1784425744
2026-07-19T01:50:04Z 1784425804
2026-07-19T01:51:04Z 1784425864
2026-07-19T01:52:04Z 1784425924
2026-07-19T01:53:04Z 1784425984
2026-07-19T01:54:04Z 1784426044
2026-07-19T01:55:04Z 1784426104
2026-07-19T01:56:04Z 1784426164
2026-07-19T01:57:04Z 1784426224
2026-07-19T01:58:04Z 1784426284
2026-07-19T01:59:04Z 1784426344
2026-07-19T02:00:04Z 1784426404
2026-07-19T02:01:04Z 1784426464
2026-07-19T02:02:04Z 1784426524
2026-07-19T02:03:04Z 1784426584
2026-07-19T02:04:04Z 1784426644
2026-07-19T02:05:04Z 1784426704
2026-07-19T02:06:04Z 1784426764
2026-07-19T02:07:04Z 1784426824
2026-07-19T02:08:04Z 1784426884
2026-07-19T02:09:04Z 1784426944
2026-07-19T02:10:04Z 1784427004
2026-07-19T02:11:04Z 1784427064
2026-07-19T02:12:04Z 1784427124
2026-07-19T02:13:04Z 1784427184
2026-07-19T02:14:04Z 1784427244
2026-07-19T02:15:04Z 1784427304
2026-07-19T02:16:04Z 1784427364
2026-07-19T02:17:04Z 1784427424
2026-07-19T02:18:04Z 1784427484
2026-07-19T02:19:04Z 1784427544
2026-07-19T02:20:04Z 1784427604
2026-07-19T02:21:04Z 1784427664
2026-07-19T02:22:04Z 1784427724
2026-07-19T02:23:04Z 1784427784
2026-07-19T02:24:04Z 1784427844
2026-07-19T02:25:04Z 1784427904
2026-07-19T02:26:04Z 1784427964
2026-07-19T02:27:04Z 1784428024
2026-07-19T02:28:04Z 1784428084
2026-07-19T02:29:04Z 1784428144
2026-07-19T02:30:04Z 1784428204
2026-07-19T02:31:04Z 1784428264
2026-07-19T02:32:04Z 1784428324
2026-07-19T02:33:04Z 1784428384
2026-07-19T02:34:04Z 1784428444
2026-07-19T02:35:04Z 1784428504
2026-07-19T02:36:04Z 1784428564
2026-07-19T02:37:04Z 1784428624
2026-07-19T02:38:04Z 1784428684
2026-07-19T02:39:04Z 1784428744
2026-07-19T02:40:04Z 1784428804
2026-07-19T02:41:04Z 1784428864
2026-07-19T02:42:04Z 1784428924
2026-07-19T02:43:04Z 1784428984
2026-07-19T02:44:04Z 1784429044
2026-07-19T02:45:04Z 1784429104
2026-07-19T02:46:04Z 1784429164
2026-07-19T02:47:04Z 1784429224
2026-07-19T02:48:04Z 1784429284
2026-07-19T02:49:04Z 1784429344
2026-07-19T02:50:04Z 1784429404
2026-07-19T02:51:04Z 1784429464
2026-07-19T02:52:04Z 1784429524
2026-07-19T02:53:04Z 1784429584
2026-07-19T02:54:04Z 1784429644
2026-07-19T02:55:04Z 1784429704
2026-07-19T02:56:04Z 1784429764
2026-07-19T02:57:04Z 1784429824
2026-07-19T02:58:04Z 1784429884
2026-07-19T02:59:04Z 1784429944
2026-07-19T03:00:04Z 1784430004
2026-07-19T03:01:04Z 1784430064
2026-07-19T03:02:04Z 1784430124
2026-07-19T03:03:04Z 1784430184
2026-07-19T03:04:04Z 1784430244
2026-07-19T03:05:04Z 1784430304
2026-07-19T03:06:04Z 1784430364
2026-07-19T03:07:04Z 1784430424
2026-07-19T03:08:04Z 1784430484
2026-07-19T03:09:04Z 1784430544
2026-07-19T03:10:04Z 1784430604
2026-07-19T03:11:04Z 1784430664
2026-07-19T03:12:04Z 1784430724
2026-07-19T03:13:04Z 1784430784
2026-07-19T03:14:04Z 1784430844
2026-07-19T03:15:04Z 1784430904
2026-07-19T03:16:04Z 1784430964
2026-07-19T03:17:04Z 1784431024
2026-07-19T03:18:04Z 1784431084
2026-07-19T03:19:04Z 1784431144
2026-07-19T03:20:04Z 1784431204
2026-07-19T03:21:04Z 1784431264
2026-07-19T03:22:04Z 1784431324
2026-07-19T03:23:04Z 1784431384
2026-07-19T03:24:04Z 1784431444
2026-07-19T03:25:04Z 1784431504
2026-07-19T03:26:04Z 1784431564
2026-07-19T03:27:04Z 1784431624
2026-07-19T03:28:04Z 1784431684
2026-07-19T03:29:04Z 1784431744
2026-07-19T03:30:04Z 1784431804
2026-07-19T03:31:04Z 1784431864
2026-07-19T03:32:04Z 1784431924
2026-07-19T03:33:04Z 1784431984
2026-07-19T03:34:04Z 1784432044
2026-07-19T03:35:04Z 1784432104
2026-07-19T03:36:04Z 1784432164
2026-07-19T03:37:04Z 1784432224
2026-07-19T03:38:04Z 1784432284
2026-07-19T03:39:04Z 1784432344
2026-07-19T03:40:04Z 1784432404
2026-07-19T03:41:04Z 1784432464
2026-07-19T03:42:04Z 1784432524
2026-07-19T03:43:04Z 1784432584
2026-07-19T03:44:04Z 1784432644
2026-07-19T03:45:04Z 1784432704
2026-07-19T03:46:04Z 1784432764
2026-07-19T03:47:04Z 1784432824
2026-07-19T03:48:04Z 1784432884
2026-07-19T03:49:04Z 1784432944
2026-07-19T03:50:04Z 1784433004
2026-07-19T03:51:04Z 1784433064
2026-07-19T03:52:04Z 1784433124
2026-07-19T03:53:04Z 1784433184
2026-07-19T03:54:04Z 1784433244
2026-07-19T03:55:04Z 1784433304
2026-07-19T03:56:04Z 1784433364
2026-07-19T03:57:04Z 1784433424
2026-07-19T03:58:04Z 1784433484
2026-07-19T03:59:04Z 1784433544
2026-07-19T04:00:04Z 1784433604
2026-07-19T04:01:04Z 1784433664
2026-07-19T04:02:04Z 1784433724
2026-07-19T04:03:04Z 1784433784
2026-07-19T04:04:04Z 1784433844
2026-07-19T04:05:04Z 1784433904
2026-07-19T04:06:04Z 1784433964
2026-07-19T04:07:04Z 1784434024
2026-07-19T04:08:04Z 1784434084
2026-07-19T04:09:04Z 1784434144
2026-07-19T04:10:04Z 1784434204
2026-07-19T04:11:04Z 1784434264
2026-07-19T04:12:04Z 1784434324
2026-07-19T04:13:04Z 1784434384
2026-07-19T04:14:04Z 1784434444
2026-07-19T04:15:04Z 1784434504
2026-07-19T04:16:04Z 1784434564
2026-07-19T04:17:04Z 1784434624
2026-07-19T04:18:04Z 1784434684
2026-07-19T04:19:04Z 1784434744
2026-07-19T04:20:04Z 1784434804
2026-07-19T04:21:04Z 1784434864
2026-07-19T04:22:04Z 1784434924
2026-07-19T04:23:04Z 1784434984
2026-07-19T04:24:04Z 1784435044
2026-07-19T04:25:04Z 1784435104
2026-07-19T04:26:04Z 1784435164
2026-07-19T04:27:04Z 1784435224
2026-07-19T04:28:04Z 1784435284
2026-07-19T04:29:04Z 1784435344
2026-07-19T04:30:04Z 1784435404
2026-07-19T04:31:04Z 1784435464
2026-07-19T04:32:04Z 1784435524
2026-07-19T04:33:04Z 1784435584
2026-07-19T04:34:04Z 1784435644
2026-07-19T04:35:04Z 1784435704
2026-07-19T04:36:04Z 1784435764
2026-07-19T04:37:04Z 1784435824
2026-07-19T04:38:04Z 1784435884
2026-07-19T04:39:04Z 1784435944
2026-07-19T04:40:04Z 1784436004
2026-07-19T04:41:04Z 1784436064
2026-07-19T04:42:04Z 1784436124
2026-07-19T04:43:04Z 1784436184
2026-07-19T04:44:04Z 1784436244
2026-07-19T04:45:04Z 1784436304
2026-07-19T04:46:04Z 1784436364
2026-07-19T04:47:04Z 1784436424
2026-07-19T04:48:04Z 1784436484
2026-07-19T04:49:04Z 1784436544
2026-07-19T04:50:04Z 1784436604
2026-07-19T04:51:04Z 1784436664
2026-07-19T04:52:04Z 1784436724
2026-07-19T04:53:04Z 1784436784
2026-07-19T04:54:04Z 1784436844
2026-07-19T04:55:04Z 1784436904
2026-07-19T04:56:04Z 1784436964
2026-07-19T04:57:04Z 1784437024
2026-07-19T04:58:04Z 1784437084
2026-07-19T04:59:04Z 1784437144
2026-07-19T05:00:04Z 1784437204
2026-07-19T05:01:04Z 1784437264
2026-07-19T05:02:04Z 1784437324
2026-07-19T05:03:04Z 1784437384
2026-07-19T05:04:04Z 1784437444
2026-07-19T05:05:04Z 1784437504
2026-07-19T05:06:04Z 1784437564
2026-07-19T05:07:04Z 1784437624
2026-07-19T05:08:04Z 1784437684
2026-07-19T05:09:04Z 1784437744
2026-07-19T05:10:04Z 1784437804
2026-07-19T05:11:04Z 1784437864
2026-07-19T05:12:04Z 1784437924
2026-07-19T05:13:04Z 1784437984
2026-07-19T05:14:04Z 1784438044
2026-07-19T05:15:04Z 1784438104
2026-07-19T05:16:04Z 1784438164
2026-07-19T05:17:04Z 1784438224
2026-07-19T05:18:04Z 1784438284
2026-07-19T05:19:04Z 1784438344
2026-07-19T05:20:04Z 1784438404
2026-07-19T05:21:04Z 1784438464
2026-07-19T05:22:04Z 1784438524
2026-07-19T05:23:04Z 1784438584
2026-07-19T05:24:04Z 1784438644
2026-07-19T05:25:04Z 1784438704
2026-07-19T05:26:04Z 1784438764
2026-07-19T05:27:04Z 1784438824
2026-07-19T05:28:04Z 1784438884
2026-07-19T05:29:04Z 1784438944
2026-07-19T05:30:04Z 1784439004
2026-07-19T05:31:04Z 1784439064
2026-07-19T05:32:04Z 1784439124
2026-07-19T05:33:04Z 1784439184
2026-07-19T05:34:04Z 1784439244
2026-07-19T05:35:04Z 1784439304
2026-07-19T05:36:04Z 1784439364
2026-07-19T05:37:04Z 1784439424
2026-07-19T05:38:04Z 1784439484
2026-07-19T05:39:04Z 1784439544
2026-07-19T05:40:04Z 1784439604
2026-07-19T05:41:04Z 1784439664
2026-07-19T05:42:04Z 1784439724
2026-07-19T05:43:04Z 1784439784
2026-07-19T05:44:04Z 1784439844
2026-07-19T05:45:04Z 1784439904
2026-07-19T05:46:04Z 1784439964
2026-07-19T05:47:04Z 1784440024
2026-07-19T05:48:04Z 1784440084
2026-07-19T05:49:04Z 1784440144
2026-07-19T05:50:04Z 1784440204
2026-07-19T05:51:04Z 1784440264
2026-07-19T05:52:04Z 1784440324
2026-07-19T05:53:04Z 1784440384
2026-07-19T05:54:04Z 1784440444
2026-07-19T05:55:04Z 1784440504
2026-07-19T05:56:04Z 1784440564
2026-07-19T05:57:04Z 1784440624
2026-07-19T05:58:04Z 1784440684
2026-07-19T05:59:04Z 1784440744
2026-07-19T06:00:04Z 1784440804
2026-07-19T06:01:04Z 1784440864
2026-07-19T06:02:04Z 1784440924
2026-07-19T06:03:04Z 1784440984
2026-07-19T06:04:04Z 1784441044
2026-07-19T06:05:04Z 1784441104
2026-07-19T06:06:04Z 1784441164
2026-07-19T06:07:04Z 1784441224
2026-07-19T06:08:04Z 1784441284
2026-07-19T06:09:04Z 1784441344
2026-07-19T06:10:04Z 1784441404
2026-07-19T06:11:04Z 1784441464
2026-07-19T06:12:04Z 1784441524
2026-07-19T06:13:04Z 1784441584
2026-07-19T06:14:04Z 1784441644
2026-07-19T06:15:04Z 1784441704
2026-07-19T06:16:04Z 1784441764
2026-07-19T06:17:04Z 1784441824
2026-07-19T06:18:04Z 1784441884
2026-07-19T06:19:04Z 1784441944
2026-07-19T06:20:04Z 1784442004
2026-07-19T06:21:04Z 1784442064
2026-07-19T06:22:04Z 1784442124
2026-07-19T06:23:04Z 1784442184
2026-07-19T06:24:04Z 1784442244
2026-07-19T06:25:04Z 1784442304
2026-07-19T06:26:04Z 1784442364
2026-07-19T06:27:04Z 1784442424
2026-07-19T06:28:04Z 1784442484
2026-07-19T06:29:04Z 1784442544
2026-07-19T06:30:04Z 1784442604
2026-07-19T06:31:04Z 1784442664
2026-07-19T06:32:04Z 1784442724
2026-07-19T06:33:04Z 1784442784
2026-07-19T06:34:04Z 1784442844
2026-07-19T06:35:04Z 1784442904
2026-07-19T06:36:04Z 1784442964
2026-07-19T06:37:04Z 1784443024
2026-07-19T06:38:04Z 1784443084
2026-07-19T06:39:04Z 1784443144
2026-07-19T06:40:04Z 1784443204
2026-07-19T06:41:04Z 1784443264
2026-07-19T06:42:04Z 1784443324
2026-07-19T06:43:04Z 1784443384
2026-07-19T06:44:04Z 1784443444
2026-07-19T06:45:04Z 1784443504
2026-07-19T06:46:04Z 1784443564
2026-07-19T06:47:04Z 1784443624
2026-07-19T06:48:04Z 1784443684
2026-07-19T06:49:04Z 1784443744
2026-07-19T06:50:04Z 1784443804
2026-07-19T06:51:04Z 1784443864
2026-07-19T06:52:04Z 1784443924
2026-07-19T06:53:04Z 1784443984
2026-07-19T06:54:04Z 1784444044
2026-07-19T06:55:04Z 1784444104
2026-07-19T06:56:04Z 1784444164
2026-07-19T06:57:04Z 1784444224
2026-07-19T06:58:04Z 1784444284
2026-07-19T06:59:04Z 1784444344
2026-07-19T07:00:04Z 1784444404
2026-07-19T07:01:04Z 1784444464
2026-07-19T07:02:04Z 1784444524
2026-07-19T07:03:04Z 1784444584
2026-07-19T07:04:04Z 1784444644
2026-07-19T07:05:04Z 1784444704
2026-07-19T07:06:04Z 1784444764
2026-07-19T07:07:04Z 1784444824
2026-07-19T07:08:04Z 1784444884
2026-07-19T07:09:04Z 1784444944
2026-07-19T07:10:04Z 1784445004
2026-07-19T07:11:04Z 1784445064
2026-07-19T07:12:04Z 1784445124
2026-07-19T07:13:04Z 1784445184
2026-07-19T07:14:04Z 1784445244
2026-07-19T07:15:04Z 1784445304
2026-07-19T07:16:04Z 1784445364
2026-07-19T07:17:04Z 1784445424
2026-07-19T07:18:04Z 1784445484
2026-07-19T07:19:04Z 1784445544
2026-07-19T07:20:04Z 1784445604
2026-07-19T07:21:04Z 1784445664
2026-07-19T07:22:04Z 1784445724
2026-07-19T07:23:04Z 1784445784
2026-07-19T07:24:04Z 1784445844
2026-07-19T07:25:04Z 1784445904
2026-07-19T07:26:04Z 1784445964
2026-07-19T07:27:04Z 1784446024
2026-07-19T07:28:04Z 1784446084
2026-07-19T07:29:04Z 1784446144
2026-07-19T07:30:04Z 1784446204
2026-07-19T07:31:04Z 1784446264
2026-07-19T07:32:04Z 1784446324
2026-07-19T07:33:04Z 1784446384
2026-07-19T07:34:04Z 1784446444
2026-07-19T07:35:04Z 1784446504
2026-07-19T07:36:04Z 1784446564
2026-07-19T07:37:04Z 1784446624
2026-07-19T07:38:04Z 1784446684
2026-07-19T07:39:04Z 1784446744
2026-07-19T07:40:04Z 1784446804
2026-07-19T07:41:04Z 1784446864
2026-07-19T07:42:04Z 1784446924
2026-07-19T07:43:04Z 1784446984
2026-07-19T07:44:04Z 1784447044
2026-07-19T07:45:04Z 1784447104
2026-07-19T07:46:04Z 1784447164
2026-07-19T07:47:04Z 1784447224
2026-07-19T07:48:04Z 1784447284
2026-07-19T07:49:04Z 1784447344
2026-07-19T07:50:04Z 1784447404
2026-07-19T07:51:04Z 1784447464
2026-07-19T07:52:04Z 1784447524
2026-07-19T07:53:04Z 1784447584
2026-07-19T07:54:04Z 1784447644
2026-07-19T07:55:04Z 1784447704
2026-07-19T07:56:04Z 1784447764
2026-07-19T07:57:04Z 1784447824
2026-07-19T07:58:04Z 1784447884
2026-07-19T07:59:04Z 1784447944
2026-07-19T08:00:04Z 1784448004
2026-07-19T08:01:04Z 1784448064
2026-07-19T08:02:04Z 1784448124
2026-07-19T08:03:04Z 1784448184
2026-07-19T08:04:04Z 1784448244
2026-07-19T08:05:04Z 1784448304
2026-07-19T08:06:04Z 1784448364
2026-07-19T08:07:04Z 1784448424
2026-07-19T08:08:04Z 1784448484
2026-07-19T08:09:04Z 1784448544
2026-07-19T08:10:04Z 1784448604
2026-07-19T08:11:04Z 1784448664
2026-07-19T08:12:04Z 1784448724
2026-07-19T08:13:04Z 1784448784
2026-07-19T08:14:04Z 1784448844
2026-07-19T08:15:04Z 1784448904
2026-07-19T08:16:04Z 1784448964
2026-07-19T08:17:04Z 1784449024
2026-07-19T08:18:04Z 1784449084
2026-07-19T08:19:04Z 1784449144
2026-07-19T08:20:04Z 1784449204
2026-07-19T08:21:04Z 1784449264
2026-07-19T08:22:04Z 1784449324
2026-07-19T08:23:04Z 1784449384
2026-07-19T08:24:04Z 1784449444
2026-07-19T08:25:04Z 1784449504
2026-07-19T08:26:04Z 1784449564
2026-07-19T08:27:04Z 1784449624
2026-07-19T08:28:04Z 1784449684
2026-07-19T08:29:04Z 1784449744
2026-07-19T08:30:04Z 1784449804
2026-07-19T08:31:04Z 1784449864
2026-07-19T08:32:04Z 1784449924
2026-07-19T08:33:04Z 1784449984
2026-07-19T08:34:04Z 1784450044
2026-07-19T08:35:04Z 1784450104
2026-07-19T08:36:04Z 1784450164
2026-07-19T08:37:04Z 1784450224
2026-07-19T08:38:04Z 1784450284
2026-07-19T08:39:04Z 1784450344
2026-07-19T08:40:04Z 1784450404
2026-07-19T08:41:04Z 1784450464
2026-07-19T08:42:04Z 1784450524
2026-07-19T08:43:04Z 1784450584
2026-07-19T08:44:04Z 1784450644
2026-07-19T08:45:04Z 1784450704
2026-07-19T08:46:04Z 1784450764
2026-07-19T08:47:04Z 1784450824
2026-07-19T08:48:04Z 1784450884
2026-07-19T08:49:04Z 1784450944
2026-07-19T08:50:04Z 1784451004
2026-07-19T08:51:04Z 1784451064
2026-07-19T08:52:04Z 1784451124
2026-07-19T08:53:04Z 1784451184
2026-07-19T08:54:04Z 1784451244
2026-07-19T08:55:04Z 1784451304
2026-07-19T08:56:04Z 1784451364
2026-07-19T08:57:04Z 1784451424
2026-07-19T08:58:04Z 1784451484
2026-07-19T08:59:04Z 1784451544
2026-07-19T09:00:04Z 1784451604
2026-07-19T09:01:04Z 1784451664
2026-07-19T09:02:04Z 1784451724
2026-07-19T09:03:04Z 1784451784
2026-07-19T09:04:04Z 1784451844
2026-07-19T09:05:04Z 1784451904
2026-07-19T09:06:04Z 1784451964
2026-07-19T09:07:04Z 1784452024
2026-07-19T09:08:04Z 1784452084
2026-07-19T09:09:04Z 1784452144
2026-07-19T09:10:04Z 1784452204
2026-07-19T09:11:04Z 1784452264
2026-07-19T09:12:04Z 1784452324
2026-07-19T09:13:04Z 1784452384
2026-07-19T09:14:04Z 1784452444
2026-07-19T09:15:04Z 1784452504
2026-07-19T09:16:04Z 1784452564
2026-07-19T09:17:04Z 1784452624
2026-07-19T09:18:04Z 1784452684
2026-07-19T09:19:04Z 1784452744
2026-07-19T09:20:04Z 1784452804
2026-07-19T09:21:04Z 1784452864
2026-07-19T09:22:04Z 1784452924
2026-07-19T09:23:04Z 1784452984
2026-07-19T09:24:04Z 1784453044
2026-07-19T09:25:04Z 1784453104
2026-07-19T09:26:04Z 1784453164
2026-07-19T09:27:04Z 1784453224
2026-07-19T09:28:04Z 1784453284
2026-07-19T09:29:04Z 1784453344
2026-07-19T09:30:04Z 1784453404
2026-07-19T09:31:04Z 1784453464
2026-07-19T09:32:04Z 1784453524
2026-07-19T09:33:04Z 1784453584
2026-07-19T09:34:04Z 1784453644
2026-07-19T09:35:04Z 1784453704
2026-07-19T09:36:04Z 1784453764
2026-07-19T09:37:04Z 1784453824
2026-07-19T09:38:04Z 1784453884
2026-07-19T09:39:04Z 1784453944
2026-07-19T09:40:04Z 1784454004
2026-07-19T09:41:04Z 1784454064
2026-07-19T09:42:04Z 1784454124
2026-07-19T09:43:04Z 1784454184
2026-07-19T09:44:04Z 1784454244
2026-07-19T09:45:04Z 1784454304
2026-07-19T09:46:04Z 1784454364
2026-07-19T09:47:04Z 1784454424
2026-07-19T09:48:04Z 1784454484
2026-07-19T09:49:04Z 1784454544
2026-07-19T09:50:04Z 1784454604
2026-07-19T09:51:04Z 1784454664
2026-07-19T09:52:04Z 1784454724
2026-07-19T09:53:04Z 1784454784
2026-07-19T09:54:04Z 1784454844
2026-07-19T09:55:04Z 1784454904
2026-07-19T09:56:04Z 1784454964
2026-07-19T09:57:04Z 1784455024
2026-07-19T09:58:04Z 1784455084
2026-07-19T09:59:04Z 1784455144
2026-07-19T10:00:04Z 1784455204
2026-07-19T10:01:04Z 1784455264
2026-07-19T10:02:04Z 1784455324
2026-07-19T10:03:04Z 1784455384
2026-07-19T10:04:04Z 1784455444
2026-07-19T10:05:04Z 1784455504
2026-07-19T10:06:04Z 1784455564
2026-07-19T10:07:04Z 1784455624
2026-07-19T10:08:04Z 1784455684
2026-07-19T10:09:04Z 1784455744
2026-07-19T10:10:04Z 1784455804
2026-07-19T10:11:04Z 1784455864
2026-07-19T10:12:04Z 1784455924
2026-07-19T10:13:04Z 1784455984
2026-07-19T10:14:04Z 1784456044
2026-07-19T10:15:04Z 1784456104
2026-07-19T10:16:04Z 1784456164
2026-07-19T10:17:04Z 1784456224
2026-07-19T10:18:04Z 1784456284
2026-07-19T10:19:04Z 1784456344
2026-07-19T10:20:04Z 1784456404
2026-07-19T10:21:04Z 1784456464
2026-07-19T10:22:04Z 1784456524
2026-07-19T10:23:04Z 1784456584
2026-07-19T10:24:04Z 1784456644
2026-07-19T10:25:04Z 1784456704
2026-07-19T10:26:04Z 1784456764
2026-07-19T10:27:04Z 1784456824
2026-07-19T10:28:04Z 1784456884
2026-07-19T10:29:04Z 1784456944
2026-07-19T10:30:04Z 1784457004
2026-07-19T10:31:04Z 1784457064
2026-07-19T10:32:04Z 1784457124
2026-07-19T10:33:04Z 1784457184
2026-07-19T10:34:04Z 1784457244
2026-07-19T10:35:04Z 1784457304
2026-07-19T10:36:04Z 1784457364
2026-07-19T10:37:04Z 1784457424
2026-07-19T10:38:04Z 1784457484
2026-07-19T10:39:04Z 1784457544
2026-07-19T10:40:04Z 1784457604
2026-07-19T10:41:04Z 1784457664
2026-07-19T10:42:04Z 1784457724
2026-07-19T10:43:04Z 1784457784
2026-07-19T10:44:04Z 1784457844
2026-07-19T10:45:04Z 1784457904
2026-07-19T10:46:04Z 1784457964
2026-07-19T10:47:04Z 1784458024
2026-07-19T10:48:04Z 1784458084
2026-07-19T10:49:04Z 1784458144
2026-07-19T10:50:04Z 1784458204
2026-07-19T10:51:04Z 1784458264
2026-07-19T10:52:04Z 1784458324
2026-07-19T10:53:04Z 1784458384
2026-07-19T10:54:04Z 1784458444
2026-07-19T10:55:04Z 1784458504
2026-07-19T10:56:04Z 1784458564
2026-07-19T10:57:04Z 1784458624
2026-07-19T10:58:04Z 1784458684
2026-07-19T10:59:04Z 1784458744
2026-07-19T11:00:04Z 1784458804
2026-07-19T11:01:04Z 1784458864
2026-07-19T11:02:04Z 1784458924
2026-07-19T11:03:04Z 1784458984
2026-07-19T11:04:04Z 1784459044
2026-07-19T11:05:04Z 1784459104
2026-07-19T11:06:04Z 1784459164
2026-07-19T11:07:04Z 1784459224
2026-07-19T11:08:04Z 1784459284
2026-07-19T11:09:04Z 1784459344
2026-07-19T11:10:04Z 1784459404
2026-07-19T11:11:04Z 1784459464
2026-07-19T11:12:04Z 1784459524
2026-07-19T11:13:04Z 1784459584
2026-07-19T11:14:04Z 1784459644
2026-07-19T11:15:04Z 1784459704
2026-07-19T11:16:04Z 1784459764
2026-07-19T11:17:04Z 1784459824
2026-07-19T11:18:04Z 1784459884
2026-07-19T11:19:04Z 1784459944
2026-07-19T11:20:04Z 1784460004
2026-07-19T11:21:04Z 1784460064
2026-07-19T11:22:04Z 1784460124
2026-07-19T11:23:04Z 1784460184
2026-07-19T11:24:04Z 1784460244
2026-07-19T11:25:04Z 1784460304
2026-07-19T11:26:04Z 1784460364
2026-07-19T11:27:04Z 1784460424
2026-07-19T11:28:04Z 1784460484
2026-07-19T11:29:04Z 1784460544
2026-07-19T11:30:04Z 1784460604
2026-07-19T11:31:04Z 1784460664
2026-07-19T11:32:04Z 1784460724
2026-07-19T11:33:04Z 1784460784
2026-07-19T11:34:04Z 1784460844
2026-07-19T11:35:04Z 1784460904
2026-07-19T11:36:04Z 1784460964
2026-07-19T11:37:04Z 1784461024
2026-07-19T11:38:04Z 1784461084
2026-07-19T11:39:04Z 1784461144
2026-07-19T11:40:04Z 1784461204
2026-07-19T11:41:04Z 1784461264
2026-07-19T11:42:04Z 1784461324
2026-07-19T11:43:04Z 1784461384
2026-07-19T11:44:04Z 1784461444
2026-07-19T11:45:04Z 1784461504
2026-07-19T11:46:04Z 1784461564
2026-07-19T11:47:04Z 1784461624
2026-07-19T11:48:04Z 1784461684
2026-07-19T11:49:04Z 1784461744
2026-07-19T11:50:04Z 1784461804
2026-07-19T11:51:04Z 1784461864
2026-07-19T11:52:04Z 1784461924
2026-07-19T11:53:04Z 1784461984
2026-07-19T11:54:04Z 1784462044
2026-07-19T11:55:04Z 1784462104
2026-07-19T11:56:04Z 1784462164
2026-07-19T11:57:04Z 1784462224
2026-07-19T11:58:04Z 1784462284
2026-07-19T11:59:04Z 1784462344
2026-07-19T12:00:04Z 1784462404
2026-07-19T12:01:04Z 1784462464
2026-07-19T12:02:04Z 1784462524
2026-07-19T12:03:04Z 1784462584
2026-07-19T12:04:04Z 1784462644
2026-07-19T12:05:04Z 1784462704
2026-07-19T12:06:04Z 1784462764
2026-07-19T12:07:04Z 1784462824
2026-07-19T12:08:04Z 1784462884
2026-07-19T12:09:04Z 1784462944
2026-07-19T12:10:04Z 1784463004
2026-07-19T12:11:04Z 1784463064
2026-07-19T12:12:04Z 1784463124
2026-07-19T12:13:04Z 1784463184
2026-07-19T12:14:04Z 1784463244
2026-07-19T12:15:04Z 1784463304
2026-07-19T12:16:04Z 1784463364
2026-07-19T12:17:04Z 1784463424
2026-07-19T12:18:04Z 1784463484
2026-07-19T12:19:04Z 1784463544
2026-07-19T12:20:04Z 1784463604
2026-07-19T12:21:04Z 1784463664
2026-07-19T12:22:04Z 1784463724
2026-07-19T12:23:04Z 1784463784
2026-07-19T12:24:04Z 1784463844
2026-07-19T12:25:04Z 1784463904
2026-07-19T12:26:04Z 1784463964
2026-07-19T12:27:04Z 1784464024
2026-07-19T12:28:04Z 1784464084
2026-07-19T12:29:04Z 1784464144
2026-07-19T12:30:04Z 1784464204
2026-07-19T12:31:04Z 1784464264
2026-07-19T12:32:04Z 1784464324
2026-07-19T12:33:04Z 1784464384
2026-07-19T12:34:04Z 1784464444
2026-07-19T12:35:04Z 1784464504
2026-07-19T12:36:04Z 1784464564
2026-07-19T12:37:04Z 1784464624
2026-07-19T12:38:04Z 1784464684
2026-07-19T12:39:04Z 1784464744
2026-07-19T12:40:04Z 1784464804
2026-07-19T12:41:04Z 1784464864
2026-07-19T12:42:04Z 1784464924
2026-07-19T12:43:04Z 1784464984
2026-07-19T12:44:04Z 1784465044
2026-07-19T12:45:04Z 1784465104
2026-07-19T12:46:04Z 1784465164
2026-07-19T12:47:04Z 1784465224
2026-07-19T12:48:04Z 1784465284
2026-07-19T12:49:04Z 1784465344
2026-07-19T12:50:04Z 1784465404
2026-07-19T12:51:04Z 1784465464
2026-07-19T12:52:04Z 1784465524
2026-07-19T12:53:04Z 1784465584
2026-07-19T12:54:04Z 1784465644
2026-07-19T12:55:04Z 1784465704
2026-07-19T12:56:04Z 1784465764
2026-07-19T12:57:04Z 1784465824
2026-07-19T12:58:04Z 1784465884
2026-07-19T12:59:04Z 1784465944
2026-07-19T13:00:04Z 1784466004
2026-07-19T13:01:04Z 1784466064
2026-07-19T13:02:04Z 1784466124
2026-07-19T13:03:04Z 1784466184
2026-07-19T13:04:04Z 1784466244
2026-07-19T13:05:04Z 1784466304
2026-07-19T13:06:04Z 1784466364
2026-07-19T13:07:04Z 1784466424
2026-07-19T13:08:04Z 1784466484
2026-07-19T13:09:04Z 1784466544
2026-07-19T13:10:04Z 1784466604
2026-07-19T13:11:04Z 1784466664
2026-07-19T13:12:04Z 1784466724
2026-07-19T13:13:04Z 1784466784
2026-07-19T13:14:04Z 1784466844
2026-07-19T13:15:04Z 1784466904
2026-07-19T13:16:04Z 1784466964
2026-07-19T13:17:04Z 1784467024
2026-07-19T13:18:04Z 1784467084
2026-07-19T13:19:04Z 1784467144
2026-07-19T13:20:04Z 1784467204
2026-07-19T13:21:04Z 1784467264
2026-07-19T13:22:04Z 1784467324
2026-07-19T13:23:04Z 1784467384
2026-07-19T13:24:04Z 1784467444
2026-07-19T13:25:04Z 1784467504
2026-07-19T13:26:04Z 1784467564
2026-07-19T13:27:04Z 1784467624
2026-07-19T13:28:04Z 1784467684
2026-07-19T13:29:04Z 1784467744
2026-07-19T13:30:04Z 1784467804
2026-07-19T13:31:04Z 1784467864
2026-07-19T13:32:04Z 1784467924
2026-07-19T13:33:04Z 1784467984
2026-07-19T13:34:04Z 1784468044
2026-07-19T13:35:04Z 1784468104
2026-07-19T13:36:04Z 1784468164
2026-07-19T13:37:04Z 1784468224
2026-07-19T13:38:04Z 1784468284
2026-07-19T13:39:04Z 1784468344
2026-07-19T13:40:04Z 1784468404
2026-07-19T13:41:04Z 1784468464
2026-07-19T13:42:04Z 1784468524
2026-07-19T13:43:04Z 1784468584
2026-07-19T13:44:04Z 1784468644
2026-07-19T13:45:04Z 1784468704
2026-07-19T13:46:04Z 1784468764
2026-07-19T13:47:04Z 1784468824
2026-07-19T13:48:04Z 1784468884
2026-07-19T13:49:04Z 1784468944
2026-07-19T13:50:04Z 1784469004
2026-07-19T13:51:04Z 1784469064
2026-07-19T13:52:04Z 1784469124
2026-07-19T13:53:04Z 1784469184
2026-07-19T13:54:04Z 1784469244
2026-07-19T13:55:04Z 1784469304
2026-07-19T13:56:04Z 1784469364
2026-07-19T13:57:04Z 1784469424
2026-07-19T13:58:04Z 1784469484
2026-07-19T13:59:04Z 1784469544
2026-07-19T14:00:04Z 1784469604
2026-07-19T14:01:04Z 1784469664
2026-07-19T14:02:04Z 1784469724
2026-07-19T14:03:04Z 1784469784
2026-07-19T14:04:04Z 1784469844
2026-07-19T14:05:04Z 1784469904
2026-07-19T14:06:04Z 1784469964
2026-07-19T14:07:04Z 1784470024
2026-07-19T14:08:04Z 1784470084
2026-07-19T14:09:04Z 1784470144
2026-07-19T14:10:04Z 1784470204
2026-07-19T14:11:04Z 1784470264
2026-07-19T14:12:04Z 1784470324
2026-07-19T14:13:04Z 1784470384
2026-07-19T14:14:04Z 1784470444
2026-07-19T14:15:04Z 1784470504
2026-07-19T14:16:04Z 1784470564
2026-07-19T14:17:04Z 1784470624
2026-07-19T14:18:04Z 1784470684
2026-07-19T14:19:04Z 1784470744
2026-07-19T14:20:04Z 1784470804
2026-07-19T14:21:04Z 1784470864
2026-07-19T14:22:04Z 1784470924
2026-07-19T14:23:04Z 1784470984
2026-07-19T14:24:04Z 1784471044
2026-07-19T14:25:04Z 1784471104
2026-07-19T14:26:04Z 1784471164
2026-07-19T14:27:04Z 1784471224
2026-07-19T14:28:04Z 1784471284
2026-07-19T14:29:04Z 1784471344
2026-07-19T14:30:04Z 1784471404
2026-07-19T14:31:04Z 1784471464
2026-07-19T14:32:04Z 1784471524
2026-07-19T14:33:04Z 1784471584
2026-07-19T14:34:04Z 1784471644
2026-07-19T14:35:04Z 1784471704
2026-07-19T14:36:04Z 1784471764
2026-07-19T14:37:04Z 1784471824
2026-07-19T14:38:04Z 1784471884
2026-07-19T14:39:04Z 1784471944
2026-07-19T14:40:04Z 1784472004
2026-07-19T14:41:04Z 1784472064
2026-07-19T14:42:04Z 1784472124
2026-07-19T14:43:04Z 1784472184
2026-07-19T14:44:04Z 1784472244
2026-07-19T14:45:04Z 1784472304
2026-07-19T14:46:04Z 1784472364
2026-07-19T14:47:04Z 1784472424
2026-07-19T14:48:04Z 1784472484
2026-07-19T14:49:04Z 1784472544
2026-07-19T14:50:04Z 1784472604
2026-07-19T14:51:04Z 1784472664
2026-07-19T14:52:04Z 1784472724
2026-07-19T14:53:04Z 1784472784
2026-07-19T14:54:04Z 1784472844
2026-07-19T14:55:04Z 1784472904
2026-07-19T14:56:04Z 1784472964
2026-07-19T14:57:04Z 1784473024
2026-07-19T14:58:04Z 1784473084
2026-07-19T14:59:04Z 1784473144
2026-07-19T15:00:04Z 1784473204
2026-07-19T15:01:04Z 1784473264
2026-07-19T15:02:04Z 1784473324
2026-07-19T15:03:04Z 1784473384
2026-07-19T15:04:04Z 1784473444
2026-07-19T15:05:04Z 1784473504
2026-07-19T15:06:04Z 1784473564
2026-07-19T15:07:04Z 1784473624
2026-07-19T15:08:04Z 1784473684
2026-07-19T15:09:04Z 1784473744
2026-07-19T15:10:04Z 1784473804
2026-07-19T15:11:04Z 1784473864
2026-07-19T15:12:04Z 1784473924
2026-07-19T15:13:04Z 1784473984
2026-07-19T15:14:04Z 1784474044
2026-07-19T15:15:04Z 1784474104
2026-07-19T15:16:04Z 1784474164
2026-07-19T15:17:04Z 1784474224
2026-07-19T15:18:04Z 1784474284
2026-07-19T15:19:04Z 1784474344
2026-07-19T15:20:04Z 1784474404
2026-07-19T15:21:04Z 1784474464
2026-07-19T15:22:04Z 1784474524
2026-07-19T15:23:04Z 1784474584
2026-07-19T15:24:04Z 1784474644
2026-07-19T15:25:04Z 1784474704
2026-07-19T15:26:04Z 1784474764
2026-07-19T15:27:04Z 1784474824
2026-07-19T15:28:04Z 1784474884
2026-07-19T15:29:04Z 1784474944
2026-07-19T15:30:04Z 1784475004
2026-07-19T15:31:04Z 1784475064
2026-07-19T15:32:04Z 1784475124
2026-07-19T15:33:04Z 1784475184
2026-07-19T15:34:04Z 1784475244
2026-07-19T15:35:04Z 1784475304
2026-07-19T15:36:04Z 1784475364
2026-07-19T15:37:04Z 1784475424
2026-07-19T15:38:04Z 1784475484
2026-07-19T15:39:04Z 1784475544
2026-07-19T15:40:04Z 1784475604
2026-07-19T15:41:04Z 1784475664
2026-07-19T15:42:04Z 1784475724
2026-07-19T15:43:04Z 1784475784
2026-07-19T15:44:04Z 1784475844
2026-07-19T15:45:04Z 1784475904
2026-07-19T15:46:04Z 1784475964
2026-07-19T15:47:04Z 1784476024
2026-07-19T15:48:04Z 1784476084
2026-07-19T15:49:04Z 1784476144
2026-07-19T15:50:04Z 1784476204
2026-07-19T15:51:04Z 1784476264
2026-07-19T15:52:04Z 1784476324
2026-07-19T15:53:04Z 1784476384
2026-07-19T15:54:04Z 1784476444
2026-07-19T15:55:04Z 1784476504
2026-07-19T15:56:04Z 1784476564
2026-07-19T15:57:04Z 1784476624
2026-07-19T15:58:04Z 1784476684
2026-07-19T15:59:04Z 1784476744
2026-07-19T16:00:04Z 1784476804
2026-07-19T16:01:04Z 1784476864
2026-07-19T16:02:04Z 1784476924
2026-07-19T16:03:04Z 1784476984
2026-07-19T16:04:04Z 1784477044
2026-07-19T16:05:04Z 1784477104
2026-07-19T16:06:04Z 1784477164
2026-07-19T16:07:04Z 1784477224
2026-07-19T16:08:04Z 1784477284
2026-07-19T16:09:04Z 1784477344
2026-07-19T16:10:04Z 1784477404
2026-07-19T16:11:04Z 1784477464
2026-07-19T16:12:04Z 1784477524
2026-07-19T16:13:04Z 1784477584
2026-07-19T16:14:04Z 1784477644
2026-07-19T16:15:04Z 1784477704
2026-07-19T16:16:04Z 1784477764
2026-07-19T16:17:04Z 1784477824
2026-07-19T16:18:04Z 1784477884
2026-07-19T16:19:04Z 1784477944
2026-07-19T16:20:04Z 1784478004
2026-07-19T16:21:04Z 1784478064
2026-07-19T16:22:04Z 1784478124
2026-07-19T16:23:04Z 1784478184
2026-07-19T16:24:04Z 1784478244
2026-07-19T16:25:04Z 1784478304
2026-07-19T16:26:04Z 1784478364
2026-07-19T16:27:04Z 1784478424
2026-07-19T16:28:04Z 1784478484
2026-07-19T16:29:04Z 1784478544
2026-07-19T16:30:04Z 1784478604
2026-07-19T16:31:04Z 1784478664
2026-07-19T16:32:04Z 1784478724
2026-07-19T16:33:04Z 1784478784
2026-07-19T16:34:04Z 1784478844
2026-07-19T16:35:04Z 1784478904
2026-07-19T16:36:04Z 1784478964
2026-07-19T16:37:04Z 1784479024
2026-07-19T16:38:04Z 1784479084
2026-07-19T16:39:04Z 1784479144
2026-07-19T16:40:04Z 1784479204
2026-07-19T16:41:04Z 1784479264
2026-07-19T16:42:04Z 1784479324
2026-07-19T16:43:04Z 1784479384
2026-07-19T16:44:04Z 1784479444
2026-07-19T16:45:04Z 1784479504
2026-07-19T16:46:04Z 1784479564
2026-07-19T16:47:04Z 1784479624
2026-07-19T16:48:04Z 1784479684
2026-07-19T16:49:04Z 1784479744
2026-07-19T16:50:04Z 1784479804
2026-07-19T16:51:04Z 1784479864
2026-07-19T16:52:04Z 1784479924
2026-07-19T16:53:04Z 1784479984
2026-07-19T16:54:04Z 1784480044
2026-07-19T16:55:04Z 1784480104
2026-07-19T16:56:04Z 1784480164
2026-07-19T16:57:04Z 1784480224
2026-07-19T16:58:04Z 1784480284
2026-07-19T16:59:04Z 1784480344
2026-07-19T17:00:04Z 1784480404
2026-07-19T17:01:04Z 1784480464
2026-07-19T17:02:04Z 1784480524
2026-07-19T17:03:04Z 1784480584
2026-07-19T17:04:04Z 1784480644
2026-07-19T17:05:04Z 1784480704
2026-07-19T17:06:04Z 1784480764
2026-07-19T17:07:04Z 1784480824
2026-07-19T17:08:04Z 1784480884
2026-07-19T17:09:04Z 1784480944
2026-07-19T17:10:04Z 1784481004
2026-07-19T17:11:04Z 1784481064
2026-07-19T17:12:04Z 1784481124
2026-07-19T17:13:04Z 1784481184
2026-07-19T17:14:04Z 1784481244
2026-07-19T17:15:04Z 1784481304
2026-07-19T17:16:04Z 1784481364
2026-07-19T17:17:04Z 1784481424
2026-07-19T17:18:04Z 1784481484
2026-07-19T17:19:04Z 1784481544
2026-07-19T17:20:04Z 1784481604
2026-07-19T17:21:04Z 1784481664
2026-07-19T17:22:04Z 1784481724
2026-07-19T17:23:04Z 1784481784
2026-07-19T17:24:04Z 1784481844
2026-07-19T17:25:04Z 1784481904
2026-07-19T17:26:04Z 1784481964
2026-07-19T17:27:04Z 1784482024
2026-07-19T17:28:04Z 1784482084
2026-07-19T17:29:04Z 1784482144
2026-07-19T17:30:04Z 1784482204
2026-07-19T17:31:04Z 1784482264
2026-07-19T17:32:04Z 1784482324
2026-07-19T17:33:04Z 1784482384
2026-07-19T17:34:04Z 1784482444
2026-07-19T17:35:04Z 1784482504
2026-07-19T17:36:04Z 1784482564
2026-07-19T17:37:04Z 1784482624
2026-07-19T17:38:04Z 1784482684
2026-07-19T17:39:04Z 1784482744
2026-07-19T17:40:04Z 1784482804
2026-07-19T17:41:04Z 1784482864
2026-07-19T17:42:04Z 1784482924
2026-07-19T17:43:04Z 1784482984
2026-07-19T17:44:04Z 1784483044
2026-07-19T17:45:04Z 1784483104
2026-07-19T17:46:04Z 1784483164
2026-07-19T17:47:04Z 1784483224
2026-07-19T17:48:04Z 1784483284
2026-07-19T17:49:04Z 1784483344
2026-07-19T17:50:04Z 1784483404
2026-07-19T17:51:04Z 1784483464
2026-07-19T17:52:04Z 1784483524
2026-07-19T17:53:04Z 1784483584
2026-07-19T17:54:04Z 1784483644
2026-07-19T17:55:04Z 1784483704
2026-07-19T17:56:04Z 1784483764
2026-07-19T17:57:04Z 1784483824
2026-07-19T17:58:04Z 1784483884
2026-07-19T17:59:04Z 1784483944
2026-07-19T18:00:04Z 1784484004
2026-07-19T18:01:04Z 1784484064
2026-07-19T18:02:04Z 1784484124
2026-07-19T18:03:04Z 1784484184
2026-07-19T18:04:04Z 1784484244
2026-07-19T18:05:04Z 1784484304
2026-07-19T18:06:04Z 1784484364
2026-07-19T18:07:04Z 1784484424
2026-07-19T18:08:04Z 1784484484
2026-07-19T18:09:04Z 1784484544
2026-07-19T18:10:04Z 1784484604
2026-07-19T18:11:04Z 1784484664
2026-07-19T18:12:04Z 1784484724
2026-07-19T18:13:04Z 1784484784
2026-07-19T18:14:04Z 1784484844
2026-07-19T18:15:04Z 1784484904
2026-07-19T18:16:04Z 1784484964
2026-07-19T18:17:04Z 1784485024
2026-07-19T18:18:04Z 1784485084
2026-07-19T18:19:04Z 1784485144
2026-07-19T18:20:04Z 1784485204
2026-07-19T18:21:04Z 1784485264
2026-07-19T18:22:04Z 1784485324
2026-07-19T18:23:04Z 1784485384
2026-07-19T18:24:04Z 1784485444
2026-07-19T18:25:04Z 1784485504
2026-07-19T18:26:04Z 1784485564
2026-07-19T18:27:04Z 1784485624
2026-07-19T18:28:04Z 1784485684
2026-07-19T18:29:04Z 1784485744
2026-07-19T18:30:04Z 1784485804
2026-07-19T18:31:04Z 1784485864
2026-07-19T18:32:04Z 1784485924
2026-07-19T18:33:04Z 1784485984
2026-07-19T18:34:04Z 1784486044
2026-07-19T18:35:04Z 1784486104
2026-07-19T18:36:04Z 1784486164
2026-07-19T18:37:04Z 1784486224
2026-07-19T18:38:04Z 1784486284
2026-07-19T18:39:04Z 1784486344
2026-07-19T18:40:04Z 1784486404
2026-07-19T18:41:04Z 1784486464
2026-07-19T18:42:04Z 1784486524
2026-07-19T18:43:04Z 1784486584
2026-07-19T18:44:04Z 1784486644
2026-07-19T18:45:04Z 1784486704
2026-07-19T18:46:04Z 1784486764
2026-07-19T18:47:04Z 1784486824
2026-07-19T18:48:04Z 1784486884
2026-07-19T18:49:04Z 1784486944
2026-07-19T18:50:04Z 1784487004
2026-07-19T18:51:04Z 1784487064
2026-07-19T18:52:04Z 1784487124
2026-07-19T18:53:04Z 1784487184
2026-07-19T18:54:04Z 1784487244
2026-07-19T18:55:04Z 1784487304
2026-07-19T18:56:04Z 1784487364
2026-07-19T18:57:04Z 1784487424
2026-07-19T18:58:04Z 1784487484
2026-07-19T18:59:04Z 1784487544
2026-07-19T19:00:04Z 1784487604
2026-07-19T19:01:04Z 1784487664
2026-07-19T19:02:04Z 1784487724
2026-07-19T19:03:04Z 1784487784
2026-07-19T19:04:04Z 1784487844
2026-07-19T19:05:04Z 1784487904
2026-07-19T19:06:04Z 1784487964
2026-07-19T19:07:04Z 1784488024
2026-07-19T19:08:04Z 1784488084
2026-07-19T19:09:04Z 1784488144
2026-07-19T19:10:04Z 1784488204
2026-07-19T19:11:04Z 1784488264
2026-07-19T19:12:04Z 1784488324
2026-07-19T19:13:04Z 1784488384
2026-07-19T19:14:04Z 1784488444
2026-07-19T19:15:04Z 1784488504
2026-07-19T19:16:04Z 1784488564
2026-07-19T19:17:04Z 1784488624
2026-07-19T19:18:04Z 1784488684
2026-07-19T19:19:04Z 1784488744
2026-07-19T19:20:04Z 1784488804
2026-07-19T19:21:04Z 1784488864
2026-07-19T19:22:04Z 1784488924
2026-07-19T19:23:04Z 1784488984
2026-07-19T19:24:04Z 1784489044
2026-07-19T19:25:04Z 1784489104
2026-07-19T19:26:04Z 1784489164
2026-07-19T19:27:04Z 1784489224
2026-07-19T19:28:04Z 1784489284
2026-07-19T19:29:04Z 1784489344
2026-07-19T19:30:04Z 1784489404
2026-07-19T19:31:04Z 1784489464
2026-07-19T19:32:04Z 1784489524
2026-07-19T19:33:04Z 1784489584
2026-07-19T19:34:04Z 1784489644
2026-07-19T19:35:04Z 1784489704
2026-07-19T19:36:04Z 1784489764
2026-07-19T19:37:04Z 1784489824
2026-07-19T19:38:04Z 1784489884
2026-07-19T19:39:04Z 1784489944
2026-07-19T19:40:04Z 1784490004
2026-07-19T19:41:04Z 1784490064
2026-07-19T19:42:04Z 1784490124
2026-07-19T19:43:04Z 1784490184
2026-07-19T19:44:04Z 1784490244
2026-07-19T19:45:04Z 1784490304
2026-07-19T19:46:04Z 1784490364
2026-07-19T19:47:04Z 1784490424
2026-07-19T19:48:04Z 1784490484
2026-07-19T19:49:04Z 1784490544
2026-07-19T19:50:04Z 1784490604
2026-07-19T19:51:04Z 1784490664
2026-07-19T19:52:04Z 1784490724
2026-07-19T19:53:04Z 1784490784
2026-07-19T19:54:04Z 1784490844
2026-07-19T19:55:04Z 1784490904
2026-07-19T19:56:04Z 1784490964
2026-07-19T19:57:04Z 1784491024
2026-07-19T19:58:04Z 1784491084
2026-07-19T19:59:04Z 1784491144
2026-07-19T20:00:04Z 1784491204
2026-07-19T20:01:04Z 1784491264
2026-07-19T20:02:04Z 1784491324
2026-07-19T20:03:04Z 1784491384
2026-07-19T20:04:04Z 1784491444
2026-07-19T20:05:04Z 1784491504
2026-07-19T20:06:04Z 1784491564
2026-07-19T20:07:04Z 1784491624
2026-07-19T20:08:04Z 1784491684
2026-07-19T20:09:04Z 1784491744
2026-07-19T20:10:04Z 1784491804
2026-07-19T20:11:04Z 1784491864
2026-07-19T20:12:04Z 1784491924
2026-07-19T20:13:04Z 1784491984
2026-07-19T20:14:04Z 1784492044
2026-07-19T20:15:04Z 1784492104
2026-07-19T20:16:04Z 1784492164
2026-07-19T20:17:04Z 1784492224
2026-07-19T20:18:04Z 1784492284
2026-07-19T20:19:04Z 1784492344
2026-07-19T20:20:04Z 1784492404
2026-07-19T20:21:04Z 1784492464
2026-07-19T20:22:04Z 1784492524
2026-07-19T20:23:04Z 1784492584
2026-07-19T20:24:04Z 1784492644
2026-07-19T20:25:04Z 1784492704
2026-07-19T20:26:04Z 1784492764
2026-07-19T20:27:04Z 1784492824
2026-07-19T20:28:04Z 1784492884
2026-07-19T20:29:04Z 1784492944
2026-07-19T20:30:04Z 1784493004
2026-07-19T20:31:04Z 1784493064
2026-07-19T20:32:04Z 1784493124
2026-07-19T20:33:04Z 1784493184
2026-07-19T20:34:04Z 1784493244
2026-07-19T20:35:04Z 1784493304
2026-07-19T20:36:04Z 1784493364
2026-07-19T20:37:04Z 1784493424
2026-07-19T20:38:04Z 1784493484
2026-07-19T20:39:04Z 1784493544
2026-07-19T20:40:04Z 1784493604
2026-07-19T20:41:04Z 1784493664
2026-07-19T20:42:04Z 1784493724
2026-07-19T20:43:04Z 1784493784
2026-07-19T20:44:04Z 1784493844
2026-07-19T20:45:04Z 1784493904
2026-07-19T20:46:04Z 1784493964
2026-07-19T20:47:04Z 1784494024
2026-07-19T20:48:04Z 1784494084
2026-07-19T20:49:04Z 1784494144
2026-07-19T20:50:04Z 1784494204
2026-07-19T20:51:04Z 1784494264
2026-07-19T20:52:04Z 1784494324
2026-07-19T20:53:04Z 1784494384
2026-07-19T20:54:04Z 1784494444
2026-07-19T20:55:04Z 1784494504
2026-07-19T20:56:04Z 1784494564
2026-07-19T20:57:04Z 1784494624
2026-07-19T20:58:04Z 1784494684
2026-07-19T20:59:04Z 1784494744
2026-07-19T21:00:04Z 1784494804
2026-07-19T21:01:04Z 1784494864
2026-07-19T21:02:04Z 1784494924
2026-07-19T21:03:04Z 1784494984
2026-07-19T21:04:04Z 1784495044
2026-07-19T21:05:04Z 1784495104
2026-07-19T21:06:04Z 1784495164
2026-07-19T21:07:04Z 1784495224
2026-07-19T21:08:04Z 1784495284
2026-07-19T21:09:04Z 1784495344
2026-07-19T21:10:04Z 1784495404
2026-07-19T21:11:04Z 1784495464
2026-07-19T21:12:04Z 1784495524
2026-07-19T21:13:04Z 1784495584
2026-07-19T21:14:04Z 1784495644
2026-07-19T21:15:04Z 1784495704
2026-07-19T21:16:04Z 1784495764
2026-07-19T21:17:04Z 1784495824
2026-07-19T21:18:04Z 1784495884
2026-07-19T21:19:04Z 1784495944
2026-07-19T21:20:04Z 1784496004
2026-07-19T21:21:04Z 1784496064
2026-07-19T21:22:04Z 1784496124
2026-07-19T21:23:04Z 1784496184
2026-07-19T21:24:04Z 1784496244
2026-07-19T21:25:04Z 1784496304
2026-07-19T21:26:04Z 1784496364
2026-07-19T21:27:04Z 1784496424
2026-07-19T21:28:04Z 1784496484
2026-07-19T21:29:04Z 1784496544
2026-07-19T21:30:04Z 1784496604
2026-07-19T21:31:04Z 1784496664
2026-07-19T21:32:04Z 1784496724
2026-07-19T21:33:04Z 1784496784
2026-07-19T21:34:04Z 1784496844
2026-07-19T21:35:04Z 1784496904
2026-07-19T21:36:04Z 1784496964
2026-07-19T21:37:04Z 1784497024
2026-07-19T21:38:04Z 1784497084
2026-07-19T21:39:04Z 1784497144
2026-07-19T21:40:04Z 1784497204
2026-07-19T21:41:04Z 1784497264
2026-07-19T21:42:04Z 1784497324
2026-07-19T21:43:04Z 1784497384
2026-07-19T21:44:04Z 1784497444
2026-07-19T21:45:04Z 1784497504
2026-07-19T21:46:04Z 1784497564
2026-07-19T21:47:04Z 1784497624
2026-07-19T21:48:04Z 1784497684
2026-07-19T21:49:04Z 1784497744
2026-07-19T21:50:04Z 1784497804
2026-07-19T21:51:04Z 1784497864
2026-07-19T21:52:04Z 1784497924
2026-07-19T21:53:04Z 1784497984
2026-07-19T21:54:04Z 1784498044
2026-07-19T21:55:04Z 1784498104
2026-07-19T21:56:04Z 1784498164
2026-07-19T21:57:04Z 1784498224
2026-07-19T21:58:04Z 1784498284
2026-07-19T21:59:04Z 1784498344
2026-07-19T22:00:04Z 1784498404
2026-07-19T22:01:04Z 1784498464
2026-07-19T22:02:04Z 1784498524
2026-07-19T22:03:04Z 1784498584
2026-07-19T22:04:04Z 1784498644
2026-07-19T22:05:04Z 1784498704
2026-07-19T22:06:04Z 1784498764
2026-07-19T22:07:04Z 1784498824
2026-07-19T22:08:04Z 1784498884
2026-07-19T22:09:04Z 1784498944
2026-07-19T22:10:04Z 1784499004
2026-07-19T22:11:04Z 1784499064
2026-07-19T22:12:04Z 1784499124
2026-07-19T22:13:04Z 1784499184
2026-07-19T22:14:04Z 1784499244
2026-07-19T22:15:04Z 1784499304
2026-07-19T22:16:04Z 1784499364
2026-07-19T22:17:04Z 1784499424
2026-07-19T22:18:04Z 1784499484
2026-07-19T22:19:04Z 1784499544
2026-07-19T22:20:04Z 1784499604
2026-07-19T22:21:04Z 1784499664
2026-07-19T22:22:04Z 1784499724
2026-07-19T22:23:04Z 1784499784
2026-07-19T22:24:04Z 1784499844
2026-07-19T22:25:04Z 1784499904
2026-07-19T22:26:04Z 1784499964
2026-07-19T22:27:04Z 1784500024
2026-07-19T22:28:04Z 1784500084
2026-07-19T22:29:04Z 1784500144
2026-07-19T22:30:04Z 1784500204
2026-07-19T22:31:04Z 1784500264
2026-07-19T22:32:04Z 1784500324
2026-07-19T22:33:04Z 1784500384
2026-07-19T22:34:04Z 1784500444
2026-07-19T22:35:04Z 1784500504
2026-07-19T22:36:04Z 1784500564
2026-07-19T22:37:04Z 1784500624
2026-07-19T22:38:04Z 1784500684
2026-07-19T22:39:04Z 1784500744
2026-07-19T22:40:04Z 1784500804
2026-07-19T22:41:04Z 1784500864
2026-07-19T22:42:04Z 1784500924
2026-07-19T22:43:04Z 1784500984
2026-07-19T22:44:04Z 1784501044
2026-07-19T22:45:04Z 1784501104
2026-07-19T22:46:04Z 1784501164
2026-07-19T22:47:04Z 1784501224
2026-07-19T22:48:04Z 1784501284
2026-07-19T22:49:04Z 1784501344
2026-07-19T22:50:04Z 1784501404
2026-07-19T22:51:04Z 1784501464
2026-07-19T22:52:04Z 1784501524
2026-07-19T22:53:04Z 1784501584
2026-07-19T22:54:04Z 1784501644
2026-07-19T22:55:04Z 1784501704
2026-07-19T22:56:04Z 1784501764
2026-07-19T22:57:04Z 1784501824
2026-07-19T22:58:04Z 1784501884
2026-07-19T22:59:04Z 1784501944
2026-07-19T23:00:04Z 1784502004
2026-07-19T23:01:04Z 1784502064
2026-07-19T23:02:04Z 1784502124
2026-07-19T23:03:04Z 1784502184
2026-07-19T23:04:04Z 1784502244
2026-07-19T23:05:04Z 1784502304
2026-07-19T23:06:04Z 1784502364
2026-07-19T23:07:04Z 1784502424
2026-07-19T23:08:04Z 1784502484
2026-07-19T23:09:04Z 1784502544
2026-07-19T23:10:04Z 1784502604
2026-07-19T23:11:04Z 1784502664
2026-07-19T23:12:04Z 1784502724
2026-07-19T23:13:04Z 1784502784
2026-07-19T23:14:04Z 1784502844
2026-07-19T23:15:04Z 1784502904
2026-07-19T23:16:04Z 1784502964
2026-07-19T23:17:04Z 1784503024
2026-07-19T23:18:04Z 1784503084
2026-07-19T23:19:04Z 1784503144
2026-07-19T23:20:04Z 1784503204
2026-07-19T23:21:04Z 1784503264
2026-07-19T23:22:04Z 1784503324
2026-07-19T23:23:04Z 1784503384
2026-07-19T23:24:04Z 1784503444
2026-07-19T23:25:04Z 1784503504
2026-07-19T23:26:04Z 1784503564
2026-07-19T23:27:04Z 1784503624
2026-07-19T23:28:04Z 1784503684
2026-07-19T23:29:04Z 1784503744
2026-07-19T23:30:04Z 1784503804
2026-07-19T23:31:04Z 1784503864
2026-07-19T23:32:04Z 1784503924
2026-07-19T23:33:04Z 1784503984
2026-07-19T23:34:04Z 1784504044
2026-07-19T23:35:04Z 1784504104
2026-07-19T23:36:04Z 1784504164
2026-07-19T23:37:04Z 1784504224
2026-07-19T23:38:04Z 1784504284
2026-07-19T23:39:04Z 1784504344
2026-07-19T23:40:04Z 1784504404
2026-07-19T23:41:04Z 1784504464
2026-07-19T23:42:04Z 1784504524
2026-07-19T23:43:04Z 1784504584
2026-07-19T23:44:04Z 1784504644
2026-07-19T23:45:04Z 1784504704
2026-07-19T23:46:04Z 1784504764
2026-07-19T23:47:04Z 1784504824
2026-07-19T23:48:04Z 1784504884
2026-07-19T23:49:04Z 1784504944
2026-07-19T23:50:04Z 1784505004
2026-07-19T23:51:04Z 1784505064
2026-07-19T23:52:04Z 1784505124
2026-07-19T23:53:04Z 1784505184
2026-07-19T23:54:04Z 1784505244
2026-07-19T23:55:04Z 1784505304
2026-07-19T23:56:04Z 1784505364
2026-07-19T23:57:04Z 1784505424
2026-07-19T23:58:04Z 1784505484
2026-07-19T23:59:04Z 1784505544
2026-07-20T00:00:04Z 1784505604
2026-07-20T00:01:04Z 1784505664
2026-07-20T00:02:04Z 1784505724
2026-07-20T00:03:04Z 1784505784
2026-07-20T00:04:04Z 1784505844
2026-07-20T00:05:04Z 1784505904
2026-07-20T00:06:04Z 1784505964
2026-07-20T00:07:04Z 1784506024
2026-07-20T00:08:04Z 1784506084
2026-07-20T00:09:04Z 1784506144
2026-07-20T00:10:04Z 1784506204
2026-07-20T00:11:04Z 1784506264
2026-07-20T00:12:04Z 1784506324
2026-07-20T00:13:04Z 1784506384
2026-07-20T00:14:04Z 1784506444
2026-07-20T00:15:04Z 1784506504
2026-07-20T00:16:04Z 1784506564
2026-07-20T00:17:04Z 1784506624
2026-07-20T00:18:04Z 1784506684
2026-07-20T00:19:04Z 1784506744
2026-07-20T00:20:04Z 1784506804
2026-07-20T00:21:04Z 1784506864
2026-07-20T00:22:04Z 1784506924
2026-07-20T00:23:04Z 1784506984
2026-07-20T00:24:04Z 1784507044
2026-07-20T00:25:04Z 1784507104
2026-07-20T00:26:04Z 1784507164
2026-07-20T00:27:04Z 1784507224
2026-07-20T00:28:04Z 1784507284
2026-07-20T00:29:04Z 1784507344
2026-07-20T00:30:04Z 1784507404
2026-07-20T00:31:04Z 1784507464
2026-07-20T00:32:04Z 1784507524
2026-07-20T00:33:04Z 1784507584
2026-07-20T00:34:04Z 1784507644
2026-07-20T00:35:04Z 1784507704
2026-07-20T00:36:04Z 1784507764
2026-07-20T00:37:04Z 1784507824
2026-07-20T00:38:04Z 1784507884
2026-07-20T00:39:04Z 1784507944
2026-07-20T00:40:04Z 1784508004
2026-07-20T00:41:04Z 1784508064
2026-07-20T00:42:04Z 1784508124
2026-07-20T00:43:04Z 1784508184
2026-07-20T00:44:04Z 1784508244
2026-07-20T00:45:04Z 1784508304
2026-07-20T00:46:04Z 1784508364
2026-07-20T00:47:04Z 1784508424
2026-07-20T00:48:04Z 1784508484
2026-07-20T00:49:04Z 1784508544
2026-07-20T00:50:04Z 1784508604
2026-07-20T00:51:04Z 1784508664
2026-07-20T00:52:04Z 1784508724
2026-07-20T00:53:04Z 1784508784
2026-07-20T00:54:04Z 1784508844
2026-07-20T00:55:04Z 1784508904
2026-07-20T00:56:04Z 1784508964
2026-07-20T00:57:04Z 1784509024
2026-07-20T00:58:04Z 1784509084
2026-07-20T00:59:04Z 1784509144
2026-07-20T01:00:04Z 1784509204
2026-07-20T01:01:04Z 1784509264
2026-07-20T01:02:04Z 1784509324
2026-07-20T01:03:04Z 1784509384
2026-07-20T01:04:04Z 1784509444
2026-07-20T01:05:04Z 1784509504
2026-07-20T01:06:04Z 1784509564
2026-07-20T01:07:04Z 1784509624
2026-07-20T01:08:04Z 1784509684
2026-07-20T01:09:04Z 1784509744
2026-07-20T01:10:04Z 1784509804
2026-07-20T01:11:04Z 1784509864
2026-07-20T01:12:04Z 1784509924
2026-07-20T01:13:04Z 1784509984
2026-07-20T01:14:04Z 1784510044
2026-07-20T01:15:04Z 1784510104
2026-07-20T01:16:04Z 1784510164
2026-07-20T01:17:04Z 1784510224
2026-07-20T01:18:04Z 1784510284
2026-07-20T01:19:04Z 1784510344
2026-07-20T01:20:04Z 1784510404
2026-07-20T01:21:04Z 1784510464
2026-07-20T01:22:04Z 1784510524
2026-07-20T01:23:04Z 1784510584
2026-07-20T01:24:04Z 1784510644
2026-07-20T01:25:04Z 1784510704
2026-07-20T01:26:04Z 1784510764
2026-07-20T01:27:04Z 1784510824
2026-07-20T01:28:04Z 1784510884
2026-07-20T01:29:04Z 1784510944
2026-07-20T01:30:04Z 1784511004
2026-07-20T01:31:04Z 1784511064
2026-07-20T01:32:04Z 1784511124
2026-07-20T01:33:04Z 1784511184
2026-07-20T01:34:04Z 1784511244
2026-07-20T01:35:04Z 1784511304
2026-07-20T01:36:04Z 1784511364
2026-07-20T01:37:04Z 1784511424
2026-07-20T01:38:04Z 1784511484
2026-07-20T01:39:04Z 1784511544
2026-07-20T01:40:04Z 1784511604
2026-07-20T01:41:04Z 1784511664
2026-07-20T01:42:04Z 1784511724
2026-07-20T01:43:04Z 1784511784
2026-07-20T01:44:04Z 1784511844
2026-07-20T01:45:04Z 1784511904
2026-07-20T01:46:04Z 1784511964
2026-07-20T01:47:04Z 1784512024
2026-07-20T01:48:04Z 1784512084
2026-07-20T01:49:04Z 1784512144
2026-07-20T01:50:04Z 1784512204
2026-07-20T01:51:04Z 1784512264
2026-07-20T01:52:04Z 1784512324
2026-07-20T01:53:04Z 1784512384
2026-07-20T01:54:04Z 1784512444
2026-07-20T01:55:04Z 1784512504
2026-07-20T01:56:04Z 1784512564
2026-07-20T01:57:04Z 1784512624
2026-07-20T01:58:04Z 1784512684
2026-07-20T01:59:04Z 1784512744
2026-07-20T02:00:04Z 1784512804
2026-07-20T02:01:04Z 1784512864
2026-07-20T02:02:04Z 1784512924
2026-07-20T02:03:04Z 1784512984
2026-07-20T02:04:04Z 1784513044
2026-07-20T02:05:04Z 1784513104
2026-07-20T02:06:04Z 1784513164
2026-07-20T02:07:04Z 1784513224
2026-07-20T02:08:04Z 1784513284
2026-07-20T02:09:04Z 1784513344
2026-07-20T02:10:04Z 1784513404
2026-07-20T02:11:04Z 1784513464
2026-07-20T02:12:04Z 1784513524
2026-07-20T02:13:04Z 1784513584
2026-07-20T02:14:04Z 1784513644
2026-07-20T02:15:00Z 1784513700
2026-07-20T02:16:04Z 1784513764
2026-07-20T02:17:04Z 1784513824
2026-07-20T02:18:04Z 1784513884
2026-07-20T02:19:04Z 1784513944
2026-07-20T02:20:00Z 1784514000
2026-07-20T02:21:04Z 1784514064
2026-07-20T02:22:04Z 1784514124
2026-07-20T02:23:04Z 1784514184
2026-07-20T02:24:04Z 1784514244
2026-07-20T02:25:00Z 1784514300
2026-07-20T02:26:04Z 1784514364
2026-07-20T02:27:04Z 1784514424
2026-07-20T02:28:04Z 1784514484
2026-07-20T02:29:04Z 1784514544
2026-07-20T02:30:00Z 1784514600
2026-07-20T02:31:04Z 1784514664
2026-07-20T02:32:04Z 1784514724
2026-07-20T02:33:04Z 1784514784
2026-07-20T02:34:04Z 1784514844
2026-07-20T02:35:00Z 1784514900
2026-07-20T02:36:04Z 1784514964
2026-07-20T02:37:04Z 1784515024
2026-07-20T02:38:04Z 1784515084
2026-07-20T02:39:04Z 1784515144
2026-07-20T02:40:00Z 1784515200
2026-07-20T02:41:04Z 1784515264
2026-07-20T02:42:04Z 1784515324
2026-07-20T02:43:04Z 1784515384
2026-07-20T02:44:04Z 1784515444
2026-07-20T02:45:00Z 1784515500
2026-07-20T02:46:04Z 1784515564
2026-07-20T02:47:04Z 1784515624
2026-07-20T02:48:04Z 1784515684
2026-07-20T02:49:04Z 1784515744
2026-07-20T02:50:00Z 1784515800
2026-07-20T02:51:04Z 1784515864
2026-07-20T02:52:04Z 1784515924
2026-07-20T02:53:04Z 1784515984
2026-07-20T02:54:04Z 1784516044
2026-07-20T02:55:00Z 1784516100
2026-07-20T02:56:04Z 1784516164
2026-07-20T02:57:04Z 1784516224
2026-07-20T02:58:04Z 1784516284
2026-07-20T02:59:04Z 1784516344
2026-07-20T03:00:00Z 1784516400
2026-07-20T03:01:04Z 1784516464
2026-07-20T03:02:04Z 1784516524
2026-07-20T03:03:04Z 1784516584
2026-07-20T03:04:04Z 1784516644
2026-07-20T03:05:01Z 1784516701
2026-07-20T03:06:04Z 1784516764
2026-07-20T03:07:04Z 1784516824
2026-07-20T03:08:04Z 1784516884
2026-07-20T03:09:04Z 1784516944
2026-07-20T03:10:01Z 1784517001
2026-07-20T03:11:04Z 1784517064
2026-07-20T03:12:04Z 1784517124
2026-07-20T03:13:04Z 1784517184
2026-07-20T03:14:04Z 1784517244
2026-07-20T03:15:01Z 1784517301
2026-07-20T03:16:04Z 1784517364
2026-07-20T03:17:04Z 1784517424
2026-07-20T03:18:04Z 1784517484
2026-07-20T03:19:04Z 1784517544
2026-07-20T03:20:01Z 1784517601
2026-07-20T03:21:04Z 1784517664
2026-07-20T03:22:04Z 1784517724
2026-07-20T03:23:04Z 1784517784
2026-07-20T03:24:04Z 1784517844
2026-07-20T03:25:01Z 1784517901
2026-07-20T03:26:04Z 1784517964
2026-07-20T03:27:04Z 1784518024
2026-07-20T03:28:04Z 1784518084
2026-07-20T03:29:04Z 1784518144
2026-07-20T03:30:01Z 1784518201
2026-07-20T03:31:04Z 1784518264
2026-07-20T03:32:04Z 1784518324
2026-07-20T03:33:04Z 1784518384
2026-07-20T03:34:04Z 1784518444
2026-07-20T03:35:01Z 1784518501
2026-07-20T03:36:04Z 1784518564
2026-07-20T03:37:04Z 1784518624
2026-07-20T03:38:04Z 1784518684
2026-07-20T03:39:04Z 1784518744
2026-07-20T03:40:01Z 1784518801
2026-07-20T03:41:04Z 1784518864
2026-07-20T03:42:04Z 1784518924
2026-07-20T03:43:04Z 1784518984
2026-07-20T03:44:04Z 1784519044
2026-07-20T03:45:01Z 1784519101
2026-07-20T03:46:04Z 1784519164
2026-07-20T03:47:04Z 1784519224
2026-07-20T03:48:04Z 1784519284
2026-07-20T03:49:04Z 1784519344
2026-07-20T03:50:01Z 1784519401
2026-07-20T03:51:04Z 1784519464
2026-07-20T03:52:04Z 1784519524
2026-07-20T03:53:04Z 1784519584
2026-07-20T03:54:04Z 1784519644
2026-07-20T03:55:01Z 1784519701
2026-07-20T03:56:04Z 1784519764
2026-07-20T03:57:04Z 1784519824
2026-07-20T03:58:04Z 1784519884
2026-07-20T03:59:04Z 1784519944
2026-07-20T04:00:01Z 1784520001
2026-07-20T04:01:04Z 1784520064
2026-07-20T04:02:04Z 1784520124
2026-07-20T04:03:04Z 1784520184
2026-07-20T04:04:04Z 1784520244
2026-07-20T04:05:01Z 1784520301
2026-07-20T04:06:04Z 1784520364
2026-07-20T04:07:04Z 1784520424
2026-07-20T04:08:04Z 1784520484
2026-07-20T04:09:04Z 1784520544
2026-07-20T04:10:02Z 1784520602
2026-07-20T04:11:04Z 1784520664
2026-07-20T04:12:04Z 1784520724
2026-07-20T04:13:04Z 1784520784
2026-07-20T04:14:04Z 1784520844
2026-07-20T04:15:02Z 1784520902
2026-07-20T04:16:04Z 1784520964
2026-07-20T04:17:04Z 1784521024
2026-07-20T04:18:04Z 1784521084
2026-07-20T04:19:04Z 1784521144
2026-07-20T04:20:02Z 1784521202
2026-07-20T04:21:04Z 1784521264
2026-07-20T04:22:04Z 1784521324
2026-07-20T04:23:04Z 1784521384
2026-07-20T04:24:04Z 1784521444
2026-07-20T04:25:02Z 1784521502
2026-07-20T04:26:04Z 1784521564
2026-07-20T04:27:04Z 1784521624
2026-07-20T04:28:04Z 1784521684
2026-07-20T04:29:04Z 1784521744
2026-07-20T04:30:02Z 1784521802
2026-07-20T04:31:04Z 1784521864
2026-07-20T04:32:04Z 1784521924
2026-07-20T04:33:04Z 1784521984
2026-07-20T04:34:04Z 1784522044
2026-07-20T04:35:02Z 1784522102
2026-07-20T04:36:04Z 1784522164
2026-07-20T04:37:04Z 1784522224
2026-07-20T04:38:04Z 1784522284
2026-07-20T04:39:04Z 1784522344
2026-07-20T04:40:02Z 1784522402
2026-07-20T04:41:04Z 1784522464
2026-07-20T04:42:04Z 1784522524
2026-07-20T04:43:04Z 1784522584
2026-07-20T04:44:04Z 1784522644
2026-07-20T04:45:02Z 1784522702
2026-07-20T04:46:04Z 1784522764
2026-07-20T04:47:04Z 1784522824
2026-07-20T04:48:04Z 1784522884
2026-07-20T04:49:04Z 1784522944
2026-07-20T04:50:02Z 1784523002
2026-07-20T04:51:04Z 1784523064
2026-07-20T04:52:04Z 1784523124
2026-07-20T04:53:04Z 1784523184
2026-07-20T04:54:04Z 1784523244
2026-07-20T04:55:02Z 1784523302
2026-07-20T04:56:04Z 1784523364
2026-07-20T04:57:04Z 1784523424
2026-07-20T04:58:04Z 1784523484
2026-07-20T04:59:04Z 1784523544
2026-07-20T05:00:02Z 1784523602
2026-07-20T05:01:04Z 1784523664
2026-07-20T05:02:04Z 1784523724
2026-07-20T05:03:04Z 1784523784
2026-07-20T05:04:04Z 1784523844
2026-07-20T05:05:02Z 1784523902
2026-07-20T05:06:04Z 1784523964
2026-07-20T05:07:04Z 1784524024
2026-07-20T05:08:04Z 1784524084
2026-07-20T05:09:04Z 1784524144
2026-07-20T05:10:03Z 1784524203
2026-07-20T05:11:04Z 1784524264
2026-07-20T05:12:04Z 1784524324
2026-07-20T05:13:04Z 1784524384
2026-07-20T05:14:04Z 1784524444
2026-07-20T05:15:03Z 1784524503
2026-07-20T05:16:04Z 1784524564
2026-07-20T05:17:04Z 1784524624
2026-07-20T05:18:04Z 1784524684
2026-07-20T05:19:04Z 1784524744
2026-07-20T05:20:03Z 1784524803
2026-07-20T05:21:04Z 1784524864
2026-07-20T05:22:04Z 1784524924
2026-07-20T05:23:04Z 1784524984
2026-07-20T05:24:04Z 1784525044
2026-07-20T05:25:03Z 1784525103
2026-07-20T05:26:04Z 1784525164
2026-07-20T05:27:04Z 1784525224
2026-07-20T05:28:04Z 1784525284
2026-07-20T05:29:04Z 1784525344
2026-07-20T05:30:03Z 1784525403
2026-07-20T05:31:04Z 1784525464
2026-07-20T05:32:04Z 1784525524
2026-07-20T05:33:04Z 1784525584
2026-07-20T05:34:04Z 1784525644
2026-07-20T05:35:03Z 1784525703
2026-07-20T05:36:04Z 1784525764
2026-07-20T05:37:04Z 1784525824
2026-07-20T05:38:04Z 1784525884
2026-07-20T05:39:04Z 1784525944
2026-07-20T05:40:03Z 1784526003
2026-07-20T05:41:04Z 1784526064
2026-07-20T05:42:04Z 1784526124
2026-07-20T05:43:04Z 1784526184
2026-07-20T05:44:04Z 1784526244
2026-07-20T05:45:03Z 1784526303
2026-07-20T05:46:04Z 1784526364
2026-07-20T05:47:04Z 1784526424
2026-07-20T05:48:04Z 1784526484
2026-07-20T05:49:04Z 1784526544
2026-07-20T05:50:03Z 1784526603
2026-07-20T05:51:04Z 1784526664
2026-07-20T05:52:04Z 1784526724
2026-07-20T05:53:04Z 1784526784
2026-07-20T05:54:04Z 1784526844
2026-07-20T05:55:03Z 1784526903
2026-07-20T05:56:04Z 1784526964
2026-07-20T05:57:04Z 1784527024
2026-07-20T05:58:04Z 1784527084
2026-07-20T05:59:04Z 1784527144
2026-07-20T06:00:03Z 1784527203
2026-07-20T06:01:04Z 1784527264
2026-07-20T06:02:04Z 1784527324
2026-07-20T06:03:04Z 1784527384
2026-07-20T06:04:04Z 1784527444
2026-07-20T06:05:03Z 1784527503
2026-07-20T06:06:04Z 1784527564
2026-07-20T06:07:04Z 1784527624
2026-07-20T06:08:04Z 1784527684
2026-07-20T06:09:04Z 1784527744
2026-07-20T06:10:03Z 1784527803
2026-07-20T06:11:04Z 1784527864
2026-07-20T06:12:04Z 1784527924
2026-07-20T06:13:04Z 1784527984
2026-07-20T06:14:04Z 1784528044
2026-07-20T06:15:03Z 1784528103
2026-07-20T06:16:04Z 1784528164
2026-07-20T06:17:04Z 1784528224
2026-07-20T06:18:04Z 1784528284
2026-07-20T06:19:04Z 1784528344
2026-07-20T06:20:03Z 1784528403
2026-07-20T06:21:04Z 1784528464
2026-07-20T06:22:04Z 1784528524
2026-07-20T06:23:04Z 1784528584
2026-07-20T06:24:04Z 1784528644
2026-07-20T06:25:03Z 1784528703
2026-07-20T06:26:04Z 1784528764
2026-07-20T06:27:04Z 1784528824
2026-07-20T06:28:04Z 1784528884
2026-07-20T06:29:04Z 1784528944
2026-07-20T06:30:03Z 1784529003
2026-07-20T06:31:04Z 1784529064
2026-07-20T06:32:04Z 1784529124
2026-07-20T06:33:04Z 1784529184
2026-07-20T06:34:04Z 1784529244
2026-07-20T06:35:03Z 1784529303
2026-07-20T06:36:04Z 1784529364
2026-07-20T06:37:04Z 1784529424
2026-07-20T06:38:04Z 1784529484
2026-07-20T06:39:04Z 1784529544
2026-07-20T06:40:04Z 1784529604
2026-07-20T06:41:04Z 1784529664
2026-07-20T06:42:04Z 1784529724
2026-07-20T06:43:04Z 1784529784
2026-07-20T06:44:04Z 1784529844
2026-07-20T06:45:04Z 1784529904
2026-07-20T06:46:04Z 1784529964
2026-07-20T06:47:04Z 1784530024
2026-07-20T06:48:04Z 1784530084
2026-07-20T06:49:04Z 1784530144
2026-07-20T06:50:04Z 1784530204
2026-07-20T06:51:04Z 1784530264
2026-07-20T06:52:04Z 1784530324
2026-07-20T06:53:04Z 1784530384
2026-07-20T06:54:04Z 1784530444
2026-07-20T06:55:04Z 1784530504
2026-07-20T06:56:04Z 1784530564
2026-07-20T06:57:04Z 1784530624
2026-07-20T06:58:04Z 1784530684
2026-07-20T06:59:04Z 1784530744
2026-07-20T07:00:04Z 1784530804
2026-07-20T07:01:04Z 1784530864
2026-07-20T07:02:04Z 1784530924
2026-07-20T07:03:04Z 1784530984
2026-07-20T07:04:04Z 1784531044
2026-07-20T07:05:04Z 1784531104
2026-07-20T07:06:04Z 1784531164
2026-07-20T07:07:04Z 1784531224
2026-07-20T07:08:04Z 1784531284
2026-07-20T07:09:04Z 1784531344
2026-07-20T07:10:04Z 1784531404
2026-07-20T07:11:04Z 1784531464
2026-07-20T07:12:04Z 1784531524
2026-07-20T07:13:04Z 1784531584
2026-07-20T07:14:04Z 1784531644
2026-07-20T07:15:04Z 1784531704
2026-07-20T07:16:04Z 1784531764
2026-07-20T07:17:04Z 1784531824
2026-07-20T07:18:04Z 1784531884
2026-07-20T07:19:04Z 1784531944
2026-07-20T07:20:04Z 1784532004
2026-07-20T07:21:04Z 1784532064
2026-07-20T07:22:04Z 1784532124
2026-07-20T07:23:04Z 1784532184
2026-07-20T07:24:04Z 1784532244
2026-07-20T07:25:04Z 1784532304
2026-07-20T07:26:04Z 1784532364
2026-07-20T07:27:04Z 1784532424
2026-07-20T07:28:04Z 1784532484
2026-07-20T07:29:04Z 1784532544
2026-07-20T07:30:04Z 1784532604
2026-07-20T07:31:04Z 1784532664
2026-07-20T07:32:04Z 1784532724
2026-07-20T07:33:04Z 1784532784
2026-07-20T07:34:04Z 1784532844
2026-07-20T07:35:04Z 1784532904
2026-07-20T07:36:04Z 1784532964
2026-07-20T07:37:04Z 1784533024
2026-07-20T07:38:04Z 1784533084
2026-07-20T07:39:04Z 1784533144
2026-07-20T07:40:04Z 1784533204
2026-07-20T07:41:04Z 1784533264
2026-07-20T07:42:04Z 1784533324
2026-07-20T07:43:04Z 1784533384
2026-07-20T07:44:04Z 1784533444
2026-07-20T07:45:04Z 1784533504
2026-07-20T07:46:04Z 1784533564
2026-07-20T07:47:04Z 1784533624
2026-07-20T07:48:04Z 1784533684
2026-07-20T07:49:04Z 1784533744
2026-07-20T07:50:04Z 1784533804
2026-07-20T07:51:04Z 1784533864
2026-07-20T07:52:04Z 1784533924
2026-07-20T07:53:04Z 1784533984
2026-07-20T07:54:04Z 1784534044
2026-07-20T07:55:04Z 1784534104
2026-07-20T07:56:04Z 1784534164
2026-07-20T07:57:04Z 1784534224
2026-07-20T07:58:04Z 1784534284
2026-07-20T07:59:04Z 1784534344
2026-07-20T08:00:04Z 1784534404
2026-07-20T08:01:04Z 1784534464
2026-07-20T08:02:04Z 1784534524
2026-07-20T08:03:04Z 1784534584
2026-07-20T08:04:04Z 1784534644
2026-07-20T08:05:04Z 1784534704
2026-07-20T08:06:04Z 1784534764
2026-07-20T08:07:04Z 1784534824
2026-07-20T08:08:04Z 1784534884
2026-07-20T08:09:04Z 1784534944
2026-07-20T08:10:04Z 1784535004
2026-07-20T08:11:04Z 1784535064
2026-07-20T08:12:04Z 1784535124
2026-07-20T08:13:04Z 1784535184
2026-07-20T08:14:04Z 1784535244
2026-07-20T08:15:04Z 1784535304
2026-07-20T08:16:04Z 1784535364
2026-07-20T08:17:04Z 1784535424
2026-07-20T08:18:04Z 1784535484
2026-07-20T08:19:04Z 1784535544
2026-07-20T08:20:04Z 1784535604
2026-07-20T08:21:04Z 1784535664
2026-07-20T08:22:04Z 1784535724
2026-07-20T08:23:04Z 1784535784
2026-07-20T08:24:04Z 1784535844
2026-07-20T08:25:04Z 1784535904
2026-07-20T08:26:04Z 1784535964
2026-07-20T08:27:04Z 1784536024
2026-07-20T08:28:04Z 1784536084
2026-07-20T08:29:04Z 1784536144
2026-07-20T08:30:04Z 1784536204
2026-07-20T08:31:04Z 1784536264
2026-07-20T08:32:04Z 1784536324
2026-07-20T08:33:04Z 1784536384
2026-07-20T08:34:04Z 1784536444
2026-07-20T08:35:04Z 1784536504
2026-07-20T08:36:04Z 1784536564
2026-07-20T08:37:04Z 1784536624
2026-07-20T08:38:04Z 1784536684
2026-07-20T08:39:04Z 1784536744
2026-07-20T08:40:04Z 1784536804
2026-07-20T08:41:04Z 1784536864
2026-07-20T08:42:04Z 1784536924
2026-07-20T08:43:04Z 1784536984
2026-07-20T08:44:04Z 1784537044
2026-07-20T08:45:04Z 1784537104
2026-07-20T08:46:04Z 1784537164
2026-07-20T08:47:04Z 1784537224
2026-07-20T08:48:04Z 1784537284
2026-07-20T08:49:04Z 1784537344
2026-07-20T08:50:04Z 1784537404
2026-07-20T08:51:04Z 1784537464
2026-07-20T08:52:04Z 1784537524
2026-07-20T08:53:04Z 1784537584
2026-07-20T08:54:04Z 1784537644
2026-07-20T08:55:04Z 1784537704
2026-07-20T08:56:04Z 1784537764
2026-07-20T08:57:04Z 1784537824
2026-07-20T08:58:04Z 1784537884
2026-07-20T08:59:04Z 1784537944
2026-07-20T09:00:04Z 1784538004
2026-07-20T09:01:04Z 1784538064
2026-07-20T09:02:04Z 1784538124
2026-07-20T09:03:04Z 1784538184
2026-07-20T09:04:04Z 1784538244
2026-07-20T09:05:04Z 1784538304
2026-07-20T09:06:04Z 1784538364
2026-07-20T09:07:04Z 1784538424
2026-07-20T09:08:04Z 1784538484
2026-07-20T09:09:04Z 1784538544
2026-07-20T09:10:04Z 1784538604
2026-07-20T09:11:04Z 1784538664
2026-07-20T09:12:04Z 1784538724
2026-07-20T09:13:04Z 1784538784
2026-07-20T09:14:04Z 1784538844
2026-07-20T09:15:04Z 1784538904
2026-07-20T09:16:04Z 1784538964
2026-07-20T09:17:04Z 1784539024
2026-07-20T09:18:04Z 1784539084
2026-07-20T09:19:04Z 1784539144
2026-07-20T09:20:04Z 1784539204
2026-07-20T09:21:04Z 1784539264
2026-07-20T09:22:04Z 1784539324
2026-07-20T09:23:04Z 1784539384
2026-07-20T09:24:04Z 1784539444
2026-07-20T09:25:04Z 1784539504
2026-07-20T09:26:04Z 1784539564
2026-07-20T09:27:04Z 1784539624
2026-07-20T09:28:04Z 1784539684
2026-07-20T09:29:04Z 1784539744
2026-07-20T09:30:04Z 1784539804
2026-07-20T09:31:04Z 1784539864
2026-07-20T09:32:04Z 1784539924
2026-07-20T09:33:04Z 1784539984
2026-07-20T09:34:04Z 1784540044
2026-07-20T09:35:04Z 1784540104
2026-07-20T09:36:04Z 1784540164
2026-07-20T09:37:04Z 1784540224
2026-07-20T09:38:04Z 1784540284
2026-07-20T09:39:04Z 1784540344
2026-07-20T09:40:04Z 1784540404
2026-07-20T09:41:04Z 1784540464
2026-07-20T09:42:04Z 1784540524
2026-07-20T09:43:04Z 1784540584
2026-07-20T09:44:04Z 1784540644
2026-07-20T09:45:04Z 1784540704
2026-07-20T09:46:04Z 1784540764
2026-07-20T09:47:04Z 1784540824
2026-07-20T09:48:04Z 1784540884
2026-07-20T09:49:04Z 1784540944
2026-07-20T09:50:04Z 1784541004
2026-07-20T09:51:04Z 1784541064
2026-07-20T09:52:04Z 1784541124
2026-07-20T09:53:04Z 1784541184
2026-07-20T09:54:04Z 1784541244
2026-07-20T09:55:04Z 1784541304
2026-07-20T09:56:04Z 1784541364
2026-07-20T09:57:04Z 1784541424
2026-07-20T09:58:04Z 1784541484
2026-07-20T09:59:04Z 1784541544
2026-07-20T10:00:04Z 1784541604
2026-07-20T10:01:04Z 1784541664
2026-07-20T10:02:04Z 1784541724
2026-07-20T10:03:04Z 1784541784
2026-07-20T10:04:04Z 1784541844
2026-07-20T10:05:04Z 1784541904
2026-07-20T10:06:04Z 1784541964
2026-07-20T10:07:04Z 1784542024
2026-07-20T10:08:04Z 1784542084
2026-07-20T10:09:04Z 1784542144
2026-07-20T10:10:04Z 1784542204
2026-07-20T10:11:04Z 1784542264
2026-07-20T10:12:04Z 1784542324
2026-07-20T10:13:04Z 1784542384
2026-07-20T10:14:04Z 1784542444
2026-07-20T10:15:04Z 1784542504
2026-07-20T10:16:04Z 1784542564
2026-07-20T10:17:04Z 1784542624
2026-07-20T10:18:04Z 1784542684
2026-07-20T10:19:04Z 1784542744
2026-07-20T10:20:04Z 1784542804
2026-07-20T10:21:04Z 1784542864
2026-07-20T10:22:04Z 1784542924
2026-07-20T10:23:04Z 1784542984
2026-07-20T10:24:04Z 1784543044
2026-07-20T10:25:04Z 1784543104
2026-07-20T10:26:04Z 1784543164
2026-07-20T10:27:04Z 1784543224
2026-07-20T10:28:04Z 1784543284
2026-07-20T10:29:04Z 1784543344
2026-07-20T10:30:04Z 1784543404
2026-07-20T10:31:04Z 1784543464
2026-07-20T10:32:04Z 1784543524
2026-07-20T10:33:04Z 1784543584
2026-07-20T10:34:04Z 1784543644
2026-07-20T10:35:04Z 1784543704
2026-07-20T10:36:04Z 1784543764
2026-07-20T10:37:04Z 1784543824
2026-07-20T10:38:04Z 1784543884
2026-07-20T10:39:04Z 1784543944
2026-07-20T10:40:04Z 1784544004
2026-07-20T10:41:04Z 1784544064
2026-07-20T10:42:04Z 1784544124
2026-07-20T10:43:04Z 1784544184
2026-07-20T10:44:04Z 1784544244
2026-07-20T10:45:04Z 1784544304
2026-07-20T10:46:04Z 1784544364
2026-07-20T10:47:04Z 1784544424
2026-07-20T10:48:04Z 1784544484
2026-07-20T10:49:04Z 1784544544
2026-07-20T10:50:04Z 1784544604
2026-07-20T10:51:04Z 1784544664
2026-07-20T10:52:04Z 1784544724
2026-07-20T10:53:04Z 1784544784
2026-07-20T10:54:04Z 1784544844
2026-07-20T10:55:04Z 1784544904
2026-07-20T10:56:04Z 1784544964
2026-07-20T10:57:04Z 1784545024
2026-07-20T10:58:04Z 1784545084
2026-07-20T10:59:04Z 1784545144
2026-07-20T11:00:04Z 1784545204
2026-07-20T11:01:04Z 1784545264
2026-07-20T11:02:04Z 1784545324
2026-07-20T11:03:04Z 1784545384
2026-07-20T11:04:04Z 1784545444
2026-07-20T11:05:04Z 1784545504
2026-07-20T11:06:04Z 1784545564
2026-07-20T11:07:04Z 1784545624
2026-07-20T11:08:04Z 1784545684
2026-07-20T11:09:04Z 1784545744
2026-07-20T11:10:04Z 1784545804
2026-07-20T11:11:04Z 1784545864
2026-07-20T11:12:04Z 1784545924
2026-07-20T11:13:04Z 1784545984
2026-07-20T11:14:04Z 1784546044
2026-07-20T11:15:04Z 1784546104
2026-07-20T11:16:04Z 1784546164
2026-07-20T11:17:04Z 1784546224
2026-07-20T11:18:04Z 1784546284
2026-07-20T11:19:04Z 1784546344
2026-07-20T11:20:04Z 1784546404
2026-07-20T11:21:04Z 1784546464
2026-07-20T11:22:04Z 1784546524
2026-07-20T11:23:04Z 1784546584
2026-07-20T11:24:04Z 1784546644
2026-07-20T11:25:04Z 1784546704
2026-07-20T11:26:04Z 1784546764
2026-07-20T11:27:04Z 1784546824
2026-07-20T11:28:04Z 1784546884
2026-07-20T11:29:04Z 1784546944
2026-07-20T11:30:04Z 1784547004
2026-07-20T11:31:04Z 1784547064
2026-07-20T11:32:04Z 1784547124
2026-07-20T11:33:04Z 1784547184
2026-07-20T11:34:04Z 1784547244
2026-07-20T11:35:04Z 1784547304
2026-07-20T11:36:04Z 1784547364
2026-07-20T11:37:04Z 1784547424
2026-07-20T11:38:04Z 1784547484
2026-07-20T11:39:04Z 1784547544
2026-07-20T11:40:04Z 1784547604
2026-07-20T11:41:04Z 1784547664
2026-07-20T11:42:04Z 1784547724
2026-07-20T11:43:04Z 1784547784
2026-07-20T11:44:04Z 1784547844
2026-07-20T11:45:04Z 1784547904
2026-07-20T11:46:04Z 1784547964
2026-07-20T11:47:04Z 1784548024
2026-07-20T11:48:04Z 1784548084
2026-07-20T11:49:04Z 1784548144
2026-07-20T11:50:04Z 1784548204
2026-07-20T11:51:04Z 1784548264
2026-07-20T11:52:04Z 1784548324
2026-07-20T11:53:04Z 1784548384
2026-07-20T11:54:04Z 1784548444
2026-07-20T11:55:04Z 1784548504
2026-07-20T11:56:04Z 1784548564
2026-07-20T11:57:04Z 1784548624
2026-07-20T11:58:04Z 1784548684
2026-07-20T11:59:04Z 1784548744
2026-07-20T12:00:04Z 1784548804
2026-07-20T12:01:04Z 1784548864
2026-07-20T12:02:04Z 1784548924
2026-07-20T12:03:04Z 1784548984
2026-07-20T12:04:04Z 1784549044
2026-07-20T12:05:04Z 1784549104
2026-07-20T12:06:04Z 1784549164
2026-07-20T12:07:04Z 1784549224
2026-07-20T12:08:04Z 1784549284
2026-07-20T12:09:04Z 1784549344
2026-07-20T12:10:04Z 1784549404
2026-07-20T12:11:04Z 1784549464
2026-07-20T12:12:04Z 1784549524
2026-07-20T12:13:04Z 1784549584
2026-07-20T12:14:04Z 1784549644
2026-07-20T12:15:04Z 1784549704
2026-07-20T12:16:04Z 1784549764
2026-07-20T12:17:04Z 1784549824
2026-07-20T12:18:04Z 1784549884
2026-07-20T12:19:04Z 1784549944
2026-07-20T12:20:04Z 1784550004
2026-07-20T12:21:04Z 1784550064
2026-07-20T12:22:04Z 1784550124
2026-07-20T12:23:04Z 1784550184
2026-07-20T12:24:04Z 1784550244
2026-07-20T12:25:04Z 1784550304
2026-07-20T12:26:04Z 1784550364
2026-07-20T12:27:04Z 1784550424
2026-07-20T12:28:04Z 1784550484
2026-07-20T12:29:04Z 1784550544
2026-07-20T12:30:04Z 1784550604
2026-07-20T12:31:04Z 1784550664
2026-07-20T12:32:04Z 1784550724
2026-07-20T12:33:04Z 1784550784
2026-07-20T12:34:04Z 1784550844
2026-07-20T12:35:04Z 1784550904
2026-07-20T12:36:04Z 1784550964
2026-07-20T12:37:04Z 1784551024
2026-07-20T12:38:04Z 1784551084
2026-07-20T12:39:04Z 1784551144
2026-07-20T12:40:04Z 1784551204
2026-07-20T12:41:04Z 1784551264
2026-07-20T12:42:04Z 1784551324
2026-07-20T12:43:04Z 1784551384
2026-07-20T12:44:04Z 1784551444
2026-07-20T12:45:04Z 1784551504
2026-07-20T12:46:04Z 1784551564
2026-07-20T12:47:04Z 1784551624
2026-07-20T12:48:04Z 1784551684
2026-07-20T12:49:04Z 1784551744
2026-07-20T12:50:04Z 1784551804
2026-07-20T12:51:04Z 1784551864
2026-07-20T12:52:04Z 1784551924
2026-07-20T12:53:04Z 1784551984
2026-07-20T12:54:04Z 1784552044
2026-07-20T12:55:04Z 1784552104
2026-07-20T12:56:04Z 1784552164
2026-07-20T12:57:04Z 1784552224
2026-07-20T12:58:04Z 1784552284
2026-07-20T12:59:04Z 1784552344
2026-07-20T13:00:04Z 1784552404
2026-07-20T13:01:04Z 1784552464
2026-07-20T13:02:04Z 1784552524
2026-07-20T13:03:04Z 1784552584
2026-07-20T13:04:04Z 1784552644
2026-07-20T13:05:04Z 1784552704
2026-07-20T13:06:04Z 1784552764
2026-07-20T13:07:04Z 1784552824
2026-07-20T13:08:04Z 1784552884
2026-07-20T13:09:04Z 1784552944
2026-07-20T13:10:04Z 1784553004
2026-07-20T13:11:04Z 1784553064
2026-07-20T13:12:04Z 1784553124
2026-07-20T13:13:04Z 1784553184
2026-07-20T13:14:04Z 1784553244
2026-07-20T13:15:04Z 1784553304
2026-07-20T13:16:04Z 1784553364
2026-07-20T13:17:04Z 1784553424
2026-07-20T13:18:04Z 1784553484
2026-07-20T13:19:04Z 1784553544
2026-07-20T13:20:04Z 1784553604
2026-07-20T13:21:04Z 1784553664
2026-07-20T13:22:04Z 1784553724
2026-07-20T13:23:04Z 1784553784
2026-07-20T13:24:04Z 1784553844
2026-07-20T13:25:04Z 1784553904
2026-07-20T13:26:04Z 1784553964
2026-07-20T13:27:04Z 1784554024
2026-07-20T13:28:04Z 1784554084
2026-07-20T13:29:04Z 1784554144
2026-07-20T13:30:04Z 1784554204
2026-07-20T13:31:04Z 1784554264
2026-07-20T13:32:04Z 1784554324
2026-07-20T13:33:04Z 1784554384
2026-07-20T13:34:04Z 1784554444
2026-07-20T13:35:04Z 1784554504
2026-07-20T13:36:04Z 1784554564
2026-07-20T13:37:04Z 1784554624
2026-07-20T13:38:04Z 1784554684
2026-07-20T13:39:04Z 1784554744
2026-07-20T13:40:04Z 1784554804
2026-07-20T13:41:04Z 1784554864
2026-07-20T13:42:04Z 1784554924
2026-07-20T13:43:04Z 1784554984
2026-07-20T13:44:04Z 1784555044
2026-07-20T13:45:04Z 1784555104
2026-07-20T13:46:04Z 1784555164
2026-07-20T13:47:04Z 1784555224
2026-07-20T13:48:04Z 1784555284
2026-07-20T13:49:04Z 1784555344
2026-07-20T13:50:04Z 1784555404
2026-07-20T13:51:04Z 1784555464
2026-07-20T13:52:04Z 1784555524
2026-07-20T13:53:04Z 1784555584
2026-07-20T13:54:04Z 1784555644
2026-07-20T13:55:04Z 1784555704
2026-07-20T13:56:04Z 1784555764
2026-07-20T13:57:04Z 1784555824
2026-07-20T13:58:04Z 1784555884
2026-07-20T13:59:04Z 1784555944
2026-07-20T14:00:04Z 1784556004
2026-07-20T14:01:04Z 1784556064
2026-07-20T14:02:04Z 1784556124
2026-07-20T14:03:04Z 1784556184
2026-07-20T14:04:04Z 1784556244
2026-07-20T14:05:04Z 1784556304
2026-07-20T14:06:04Z 1784556364
2026-07-20T14:07:04Z 1784556424
2026-07-20T14:08:04Z 1784556484
2026-07-20T14:09:04Z 1784556544
2026-07-20T14:10:04Z 1784556604
2026-07-20T14:11:04Z 1784556664
2026-07-20T14:12:04Z 1784556724
2026-07-20T14:13:04Z 1784556784
2026-07-20T14:14:04Z 1784556844
2026-07-20T14:15:04Z 1784556904
2026-07-20T14:16:04Z 1784556964
2026-07-20T14:17:04Z 1784557024
2026-07-20T14:18:04Z 1784557084
2026-07-20T14:19:04Z 1784557144
2026-07-20T14:20:04Z 1784557204
2026-07-20T14:21:04Z 1784557264
2026-07-20T14:22:04Z 1784557324
2026-07-20T14:23:04Z 1784557384
2026-07-20T14:24:04Z 1784557444
2026-07-20T14:25:04Z 1784557504
2026-07-20T14:26:04Z 1784557564
2026-07-20T14:27:04Z 1784557624
2026-07-20T14:28:04Z 1784557684
2026-07-20T14:29:04Z 1784557744
2026-07-20T14:30:04Z 1784557804
2026-07-20T14:31:04Z 1784557864
2026-07-20T14:32:04Z 1784557924
2026-07-20T14:33:04Z 1784557984
2026-07-20T14:34:04Z 1784558044
2026-07-20T14:35:04Z 1784558104
2026-07-20T14:36:04Z 1784558164
2026-07-20T14:37:04Z 1784558224
2026-07-20T14:38:04Z 1784558284
2026-07-20T14:39:04Z 1784558344
2026-07-20T14:40:04Z 1784558404
2026-07-20T14:41:04Z 1784558464
2026-07-20T14:42:04Z 1784558524
2026-07-20T14:43:04Z 1784558584
2026-07-20T14:44:04Z 1784558644
2026-07-20T14:45:04Z 1784558704
2026-07-20T14:46:04Z 1784558764
2026-07-20T14:47:04Z 1784558824
2026-07-20T14:48:04Z 1784558884
2026-07-20T14:49:04Z 1784558944
2026-07-20T14:50:04Z 1784559004
2026-07-20T14:51:04Z 1784559064
2026-07-20T14:52:04Z 1784559124
2026-07-20T14:53:04Z 1784559184
2026-07-20T14:54:04Z 1784559244
2026-07-20T14:55:04Z 1784559304
2026-07-20T14:56:04Z 1784559364
2026-07-20T14:57:04Z 1784559424
2026-07-20T14:58:04Z 1784559484
2026-07-20T14:59:04Z 1784559544
2026-07-20T15:00:04Z 1784559604
2026-07-20T15:01:04Z 1784559664
2026-07-20T15:02:04Z 1784559724
2026-07-20T15:03:04Z 1784559784
2026-07-20T15:04:04Z 1784559844
2026-07-20T15:05:04Z 1784559904
2026-07-20T15:06:04Z 1784559964
2026-07-20T15:07:04Z 1784560024
2026-07-20T15:08:04Z 1784560084
2026-07-20T15:09:04Z 1784560144
2026-07-20T15:10:04Z 1784560204
2026-07-20T15:11:04Z 1784560264
2026-07-20T15:12:04Z 1784560324
2026-07-20T15:13:04Z 1784560384
2026-07-20T15:14:04Z 1784560444
2026-07-20T15:15:04Z 1784560504
2026-07-20T15:16:04Z 1784560564
2026-07-20T15:17:04Z 1784560624
2026-07-20T15:18:04Z 1784560684
2026-07-20T15:19:04Z 1784560744
2026-07-20T15:20:04Z 1784560804
2026-07-20T15:21:04Z 1784560864
2026-07-20T15:22:04Z 1784560924
2026-07-20T15:23:04Z 1784560984
2026-07-20T15:24:04Z 1784561044
2026-07-20T15:25:04Z 1784561104
2026-07-20T15:26:04Z 1784561164
2026-07-20T15:27:04Z 1784561224
2026-07-20T15:28:04Z 1784561284
2026-07-20T15:29:04Z 1784561344
2026-07-20T15:30:04Z 1784561404
2026-07-20T15:31:04Z 1784561464
2026-07-20T15:32:04Z 1784561524
2026-07-20T15:33:04Z 1784561584
2026-07-20T15:34:04Z 1784561644
2026-07-20T15:35:04Z 1784561704
2026-07-20T15:36:04Z 1784561764
2026-07-20T15:37:04Z 1784561824
2026-07-20T15:38:04Z 1784561884
2026-07-20T15:39:04Z 1784561944
2026-07-20T15:40:04Z 1784562004
2026-07-20T15:41:04Z 1784562064
2026-07-20T15:42:04Z 1784562124
2026-07-20T15:43:04Z 1784562184
2026-07-20T15:44:04Z 1784562244
2026-07-20T15:45:04Z 1784562304
2026-07-20T15:46:04Z 1784562364
2026-07-20T15:47:04Z 1784562424
2026-07-20T15:48:04Z 1784562484
2026-07-20T15:49:04Z 1784562544
2026-07-20T15:50:04Z 1784562604
2026-07-20T15:51:04Z 1784562664
2026-07-20T15:52:04Z 1784562724
2026-07-20T15:53:04Z 1784562784
2026-07-20T15:54:04Z 1784562844
2026-07-20T15:55:04Z 1784562904
2026-07-20T15:56:04Z 1784562964
2026-07-20T15:57:04Z 1784563024
2026-07-20T15:58:04Z 1784563084
2026-07-20T15:59:04Z 1784563144
2026-07-20T16:00:04Z 1784563204
2026-07-20T16:01:04Z 1784563264
2026-07-20T16:02:04Z 1784563324
2026-07-20T16:03:04Z 1784563384
2026-07-20T16:04:04Z 1784563444
2026-07-20T16:05:04Z 1784563504
2026-07-20T16:06:04Z 1784563564
2026-07-20T16:07:04Z 1784563624
2026-07-20T16:08:04Z 1784563684
2026-07-20T16:09:04Z 1784563744
2026-07-20T16:10:04Z 1784563804
2026-07-20T16:11:04Z 1784563864
2026-07-20T16:12:04Z 1784563924
2026-07-20T16:13:04Z 1784563984
2026-07-20T16:14:04Z 1784564044
2026-07-20T16:15:04Z 1784564104
2026-07-20T16:16:04Z 1784564164
2026-07-20T16:17:04Z 1784564224
2026-07-20T16:18:04Z 1784564284
2026-07-20T16:19:04Z 1784564344
2026-07-20T16:20:04Z 1784564404
2026-07-20T16:21:04Z 1784564464
2026-07-20T16:22:04Z 1784564524
2026-07-20T16:23:04Z 1784564584
2026-07-20T16:24:04Z 1784564644
2026-07-20T16:25:04Z 1784564704
2026-07-20T16:26:04Z 1784564764
2026-07-20T16:27:04Z 1784564824
2026-07-20T16:28:04Z 1784564884
2026-07-20T16:29:04Z 1784564944
2026-07-20T16:30:04Z 1784565004
2026-07-20T16:31:04Z 1784565064
2026-07-20T16:32:04Z 1784565124
2026-07-20T16:33:04Z 1784565184
2026-07-20T16:34:04Z 1784565244
2026-07-20T16:35:04Z 1784565304
2026-07-20T16:36:04Z 1784565364
2026-07-20T16:37:04Z 1784565424
2026-07-20T16:38:04Z 1784565484
2026-07-20T16:39:04Z 1784565544
2026-07-20T16:40:04Z 1784565604
2026-07-20T16:41:04Z 1784565664
2026-07-20T16:42:04Z 1784565724
2026-07-20T16:43:04Z 1784565784
2026-07-20T16:44:04Z 1784565844
2026-07-20T16:45:04Z 1784565904
2026-07-20T16:46:04Z 1784565964
2026-07-20T16:47:04Z 1784566024
2026-07-20T16:48:04Z 1784566084
2026-07-20T16:49:04Z 1784566144
2026-07-20T16:50:04Z 1784566204
2026-07-20T16:51:04Z 1784566264
2026-07-20T16:52:04Z 1784566324
2026-07-20T16:53:04Z 1784566384
2026-07-20T16:54:04Z 1784566444
2026-07-20T16:55:04Z 1784566504
2026-07-20T16:56:04Z 1784566564
2026-07-20T16:57:04Z 1784566624
2026-07-20T16:58:04Z 1784566684
2026-07-20T16:59:04Z 1784566744
2026-07-20T17:00:04Z 1784566804
2026-07-20T17:01:04Z 1784566864
2026-07-20T17:02:04Z 1784566924
2026-07-20T17:03:04Z 1784566984
2026-07-20T17:04:04Z 1784567044
2026-07-20T17:05:04Z 1784567104
2026-07-20T17:06:04Z 1784567164
2026-07-20T17:07:04Z 1784567224
2026-07-20T17:08:04Z 1784567284
2026-07-20T17:09:04Z 1784567344
2026-07-20T17:10:04Z 1784567404
2026-07-20T17:11:04Z 1784567464
2026-07-20T17:12:04Z 1784567524
2026-07-20T17:13:04Z 1784567584
2026-07-20T17:14:04Z 1784567644
2026-07-20T17:15:04Z 1784567704
2026-07-20T17:16:04Z 1784567764
2026-07-20T17:17:04Z 1784567824
2026-07-20T17:18:04Z 1784567884
2026-07-20T17:19:04Z 1784567944
2026-07-20T17:20:04Z 1784568004
2026-07-20T17:21:04Z 1784568064
2026-07-20T17:22:04Z 1784568124
2026-07-20T17:23:04Z 1784568184
2026-07-20T17:24:04Z 1784568244
2026-07-20T17:25:04Z 1784568304
2026-07-20T17:26:04Z 1784568364
2026-07-20T17:27:04Z 1784568424
2026-07-20T17:28:04Z 1784568484
2026-07-20T17:29:04Z 1784568544
2026-07-20T17:30:04Z 1784568604
2026-07-20T17:31:04Z 1784568664
2026-07-20T17:32:04Z 1784568724
2026-07-20T17:33:04Z 1784568784
2026-07-20T17:34:04Z 1784568844
2026-07-20T17:35:04Z 1784568904
2026-07-20T17:36:04Z 1784568964
2026-07-20T17:37:04Z 1784569024
2026-07-20T17:38:04Z 1784569084
2026-07-20T17:39:04Z 1784569144
2026-07-20T17:40:04Z 1784569204
2026-07-20T17:41:04Z 1784569264
2026-07-20T17:42:04Z 1784569324
2026-07-20T17:43:04Z 1784569384
2026-07-20T17:44:04Z 1784569444
2026-07-20T17:45:04Z 1784569504
2026-07-20T17:46:04Z 1784569564
2026-07-20T17:47:04Z 1784569624
2026-07-20T17:48:04Z 1784569684
2026-07-20T17:49:04Z 1784569744
2026-07-20T17:50:04Z 1784569804
2026-07-20T17:51:04Z 1784569864
2026-07-20T17:52:04Z 1784569924
2026-07-20T17:53:04Z 1784569984
2026-07-20T17:54:04Z 1784570044
2026-07-20T17:55:04Z 1784570104
2026-07-20T17:56:04Z 1784570164
2026-07-20T17:57:04Z 1784570224
2026-07-20T17:58:04Z 1784570284
2026-07-20T17:59:04Z 1784570344
2026-07-20T18:00:04Z 1784570404
2026-07-20T18:01:04Z 1784570464
2026-07-20T18:02:04Z 1784570524
2026-07-20T18:03:04Z 1784570584
2026-07-20T18:04:04Z 1784570644
2026-07-20T18:05:04Z 1784570704
2026-07-20T18:06:04Z 1784570764
2026-07-20T18:07:04Z 1784570824
2026-07-20T18:08:04Z 1784570884
2026-07-20T18:09:04Z 1784570944
2026-07-20T18:10:04Z 1784571004
2026-07-20T18:11:04Z 1784571064
2026-07-20T18:12:04Z 1784571124
2026-07-20T18:13:04Z 1784571184
2026-07-20T18:14:04Z 1784571244
2026-07-20T18:15:04Z 1784571304
2026-07-20T18:16:04Z 1784571364
2026-07-20T18:17:04Z 1784571424
2026-07-20T18:18:04Z 1784571484
2026-07-20T18:19:04Z 1784571544
2026-07-20T18:20:04Z 1784571604
2026-07-20T18:21:04Z 1784571664
2026-07-20T18:22:04Z 1784571724
2026-07-20T18:23:04Z 1784571784
2026-07-20T18:24:04Z 1784571844
2026-07-20T18:25:04Z 1784571904
2026-07-20T18:26:04Z 1784571964
2026-07-20T18:27:04Z 1784572024
2026-07-20T18:28:04Z 1784572084
2026-07-20T18:29:04Z 1784572144
2026-07-20T18:30:04Z 1784572204
2026-07-20T18:31:04Z 1784572264
2026-07-20T18:32:04Z 1784572324
2026-07-20T18:33:04Z 1784572384
2026-07-20T18:34:04Z 1784572444
2026-07-20T18:35:04Z 1784572504
2026-07-20T18:36:04Z 1784572564
2026-07-20T18:37:04Z 1784572624
2026-07-20T18:38:04Z 1784572684
2026-07-20T18:39:04Z 1784572744
2026-07-20T18:40:04Z 1784572804
2026-07-20T18:41:04Z 1784572864
2026-07-20T18:42:04Z 1784572924
2026-07-20T18:43:04Z 1784572984
2026-07-20T18:44:04Z 1784573044
2026-07-20T18:45:04Z 1784573104
2026-07-20T18:46:04Z 1784573164
2026-07-20T18:47:04Z 1784573224
2026-07-20T18:48:04Z 1784573284
2026-07-20T18:49:04Z 1784573344
2026-07-20T18:50:04Z 1784573404
2026-07-20T18:51:04Z 1784573464
2026-07-20T18:52:04Z 1784573524
2026-07-20T18:53:04Z 1784573584
2026-07-20T18:54:04Z 1784573644
2026-07-20T18:55:04Z 1784573704
2026-07-20T18:56:04Z 1784573764
2026-07-20T18:57:04Z 1784573824
2026-07-20T18:58:04Z 1784573884
2026-07-20T18:59:04Z 1784573944
2026-07-20T19:00:04Z 1784574004
2026-07-20T19:01:04Z 1784574064
2026-07-20T19:02:04Z 1784574124
2026-07-20T19:03:04Z 1784574184
2026-07-20T19:04:04Z 1784574244
2026-07-20T19:05:04Z 1784574304
2026-07-20T19:06:04Z 1784574364
2026-07-20T19:07:04Z 1784574424
2026-07-20T19:08:04Z 1784574484
2026-07-20T19:09:04Z 1784574544
2026-07-20T19:10:04Z 1784574604
2026-07-20T19:11:04Z 1784574664
2026-07-20T19:12:04Z 1784574724
2026-07-20T19:13:04Z 1784574784
2026-07-20T19:14:04Z 1784574844
2026-07-20T19:15:04Z 1784574904
2026-07-20T19:16:04Z 1784574964
2026-07-20T19:17:04Z 1784575024
2026-07-20T19:18:04Z 1784575084
2026-07-20T19:19:04Z 1784575144
2026-07-20T19:20:04Z 1784575204
2026-07-20T19:21:04Z 1784575264
2026-07-20T19:22:04Z 1784575324
2026-07-20T19:23:04Z 1784575384
2026-07-20T19:24:04Z 1784575444
2026-07-20T19:25:04Z 1784575504
2026-07-20T19:26:04Z 1784575564
2026-07-20T19:27:04Z 1784575624
2026-07-20T19:28:04Z 1784575684
2026-07-20T19:29:04Z 1784575744
2026-07-20T19:30:04Z 1784575804
2026-07-20T19:31:04Z 1784575864
2026-07-20T19:32:04Z 1784575924
2026-07-20T19:33:04Z 1784575984
2026-07-20T19:34:04Z 1784576044
2026-07-20T19:35:04Z 1784576104
2026-07-20T19:36:04Z 1784576164
2026-07-20T19:37:04Z 1784576224
2026-07-20T19:38:04Z 1784576284
2026-07-20T19:39:04Z 1784576344
2026-07-20T19:40:00Z 1784576400
2026-07-20T19:41:04Z 1784576464
2026-07-20T19:42:04Z 1784576524
2026-07-20T19:43:04Z 1784576584
2026-07-20T19:44:04Z 1784576644
2026-07-20T19:45:04Z 1784576704
2026-07-20T19:46:04Z 1784576764
2026-07-20T19:47:04Z 1784576824
2026-07-20T19:48:04Z 1784576884
2026-07-20T19:49:04Z 1784576944
2026-07-20T19:50:04Z 1784577004
2026-07-20T19:51:04Z 1784577064
2026-07-20T19:52:04Z 1784577124
2026-07-20T19:53:04Z 1784577184
2026-07-20T19:54:04Z 1784577244
2026-07-20T19:55:04Z 1784577304
2026-07-20T19:56:04Z 1784577364
2026-07-20T19:57:04Z 1784577424
2026-07-20T19:58:04Z 1784577484
2026-07-20T19:59:04Z 1784577544
2026-07-20T20:00:04Z 1784577604
2026-07-20T20:01:04Z 1784577664
2026-07-20T20:02:04Z 1784577724
2026-07-20T20:03:04Z 1784577784
2026-07-20T20:04:04Z 1784577844
2026-07-20T20:05:04Z 1784577904
2026-07-20T20:06:04Z 1784577964
2026-07-20T20:07:04Z 1784578024
2026-07-20T20:08:04Z 1784578084
2026-07-20T20:09:04Z 1784578144
2026-07-20T20:10:04Z 1784578204
2026-07-20T20:11:04Z 1784578264
2026-07-20T20:12:04Z 1784578324
2026-07-20T20:13:04Z 1784578384
2026-07-20T20:14:04Z 1784578444
2026-07-20T20:15:04Z 1784578504
2026-07-20T20:16:04Z 1784578564
2026-07-20T20:17:04Z 1784578624
2026-07-20T20:18:04Z 1784578684
2026-07-20T20:19:04Z 1784578744
2026-07-20T20:20:04Z 1784578804
2026-07-20T20:21:04Z 1784578864
2026-07-20T20:22:04Z 1784578924
2026-07-20T20:23:04Z 1784578984
2026-07-20T20:24:04Z 1784579044
2026-07-20T20:25:04Z 1784579104
2026-07-20T20:26:04Z 1784579164
2026-07-20T20:27:04Z 1784579224
2026-07-20T20:28:04Z 1784579284
2026-07-20T20:29:04Z 1784579344
2026-07-20T20:30:04Z 1784579404
2026-07-20T20:31:04Z 1784579464
2026-07-20T20:32:04Z 1784579524
2026-07-20T20:33:04Z 1784579584
2026-07-20T20:34:04Z 1784579644
2026-07-20T20:35:04Z 1784579704
2026-07-20T20:36:04Z 1784579764
2026-07-20T20:37:04Z 1784579824
2026-07-20T20:38:04Z 1784579884
2026-07-20T20:39:04Z 1784579944
2026-07-20T20:40:04Z 1784580004
2026-07-20T20:41:04Z 1784580064
2026-07-20T20:42:04Z 1784580124
2026-07-20T20:43:04Z 1784580184
2026-07-20T20:44:04Z 1784580244
2026-07-20T20:45:04Z 1784580304
2026-07-20T20:46:04Z 1784580364
2026-07-20T20:47:04Z 1784580424
2026-07-20T20:48:04Z 1784580484
2026-07-20T20:49:04Z 1784580544
2026-07-20T20:50:04Z 1784580604
2026-07-20T20:51:04Z 1784580664
2026-07-20T20:52:04Z 1784580724
2026-07-20T20:53:04Z 1784580784
2026-07-20T20:54:04Z 1784580844
2026-07-20T20:55:04Z 1784580904
2026-07-20T20:56:04Z 1784580964
2026-07-20T20:57:04Z 1784581024
2026-07-20T20:58:04Z 1784581084
2026-07-20T20:59:04Z 1784581144
2026-07-20T21:00:04Z 1784581204
2026-07-20T21:01:04Z 1784581264
2026-07-20T21:02:04Z 1784581324
2026-07-20T21:03:04Z 1784581384
2026-07-20T21:04:04Z 1784581444
2026-07-20T21:05:04Z 1784581504
2026-07-20T21:06:04Z 1784581564
2026-07-20T21:07:04Z 1784581624
2026-07-20T21:08:04Z 1784581684
2026-07-20T21:09:04Z 1784581744
2026-07-20T21:10:04Z 1784581804
2026-07-20T21:11:04Z 1784581864
2026-07-20T21:12:04Z 1784581924
2026-07-20T21:13:04Z 1784581984
2026-07-20T21:14:04Z 1784582044
2026-07-20T21:15:04Z 1784582104
2026-07-20T21:16:04Z 1784582164
2026-07-20T21:17:04Z 1784582224
2026-07-20T21:18:04Z 1784582284
2026-07-20T21:19:04Z 1784582344
2026-07-20T21:20:04Z 1784582404
2026-07-20T21:21:04Z 1784582464
2026-07-20T21:22:04Z 1784582524
2026-07-20T21:23:04Z 1784582584
2026-07-20T21:24:04Z 1784582644
2026-07-20T21:25:04Z 1784582704
2026-07-20T21:26:04Z 1784582764
2026-07-20T21:27:04Z 1784582824
2026-07-20T21:28:04Z 1784582884
2026-07-20T21:29:04Z 1784582944
2026-07-20T21:30:04Z 1784583004
2026-07-20T21:31:04Z 1784583064
2026-07-20T21:32:04Z 1784583124
2026-07-20T21:33:04Z 1784583184
2026-07-20T21:34:04Z 1784583244
2026-07-20T21:35:04Z 1784583304
2026-07-20T21:36:04Z 1784583364
2026-07-20T21:37:04Z 1784583424
2026-07-20T21:38:04Z 1784583484
2026-07-20T21:39:04Z 1784583544
2026-07-20T21:40:04Z 1784583604
2026-07-20T21:41:04Z 1784583664
2026-07-20T21:42:04Z 1784583724
2026-07-20T21:43:04Z 1784583784
2026-07-20T21:44:04Z 1784583844
2026-07-20T21:45:04Z 1784583904
2026-07-20T21:46:04Z 1784583964
2026-07-20T21:47:04Z 1784584024
2026-07-20T21:48:04Z 1784584084
2026-07-20T21:49:04Z 1784584144
2026-07-20T21:50:04Z 1784584204
2026-07-20T21:51:04Z 1784584264
2026-07-20T21:52:04Z 1784584324
2026-07-20T21:53:04Z 1784584384
2026-07-20T21:54:04Z 1784584444
2026-07-20T21:55:04Z 1784584504
2026-07-20T21:56:04Z 1784584564
2026-07-20T21:57:04Z 1784584624
2026-07-20T21:58:04Z 1784584684
2026-07-20T21:59:04Z 1784584744
2026-07-20T22:00:04Z 1784584804
2026-07-20T22:01:04Z 1784584864
2026-07-20T22:02:04Z 1784584924
2026-07-20T22:03:04Z 1784584984
2026-07-20T22:04:04Z 1784585044
2026-07-20T22:05:04Z 1784585104
2026-07-20T22:06:04Z 1784585164
2026-07-20T22:07:04Z 1784585224
2026-07-20T22:08:04Z 1784585284
2026-07-20T22:09:04Z 1784585344
2026-07-20T22:10:04Z 1784585404
2026-07-20T22:11:04Z 1784585464
2026-07-20T22:12:04Z 1784585524
2026-07-20T22:13:04Z 1784585584
2026-07-20T22:14:04Z 1784585644
2026-07-20T22:15:04Z 1784585704
2026-07-20T22:16:04Z 1784585764
2026-07-20T22:17:04Z 1784585824
2026-07-20T22:18:04Z 1784585884
2026-07-20T22:19:04Z 1784585944
2026-07-20T22:20:04Z 1784586004
2026-07-20T22:21:04Z 1784586064
2026-07-20T22:22:04Z 1784586124
2026-07-20T22:23:04Z 1784586184
2026-07-20T22:24:04Z 1784586244
2026-07-20T22:25:04Z 1784586304
2026-07-20T22:26:04Z 1784586364
2026-07-20T22:27:04Z 1784586424
2026-07-20T22:28:04Z 1784586484
2026-07-20T22:29:04Z 1784586544
2026-07-20T22:30:04Z 1784586604
2026-07-20T22:31:04Z 1784586664
2026-07-20T22:32:04Z 1784586724
2026-07-20T22:33:04Z 1784586784
2026-07-20T22:34:04Z 1784586844
2026-07-20T22:35:04Z 1784586904
2026-07-20T22:36:04Z 1784586964
2026-07-20T22:37:04Z 1784587024
2026-07-20T22:38:04Z 1784587084
2026-07-20T22:39:04Z 1784587144
2026-07-20T22:40:04Z 1784587204
2026-07-20T22:41:04Z 1784587264
2026-07-20T22:42:04Z 1784587324
2026-07-20T22:43:04Z 1784587384
2026-07-20T22:44:04Z 1784587444
2026-07-20T22:45:04Z 1784587504
2026-07-20T22:46:04Z 1784587564
2026-07-20T22:47:04Z 1784587624
2026-07-20T22:48:04Z 1784587684
2026-07-20T22:49:04Z 1784587744
2026-07-20T22:50:04Z 1784587804
2026-07-20T22:51:04Z 1784587864
2026-07-20T22:52:04Z 1784587924
2026-07-20T22:53:04Z 1784587984
2026-07-20T22:54:04Z 1784588044
2026-07-20T22:55:04Z 1784588104
2026-07-20T22:56:04Z 1784588164
2026-07-20T22:57:04Z 1784588224
2026-07-20T22:58:04Z 1784588284
2026-07-20T22:59:04Z 1784588344
2026-07-20T23:00:04Z 1784588404
2026-07-20T23:01:04Z 1784588464
2026-07-20T23:02:04Z 1784588524
2026-07-20T23:03:04Z 1784588584
2026-07-20T23:04:04Z 1784588644
2026-07-20T23:05:04Z 1784588704
2026-07-20T23:06:04Z 1784588764
2026-07-20T23:07:04Z 1784588824
2026-07-20T23:08:04Z 1784588884
2026-07-20T23:09:04Z 1784588944
2026-07-20T23:10:04Z 1784589004
2026-07-20T23:11:04Z 1784589064
2026-07-20T23:12:04Z 1784589124
2026-07-20T23:13:04Z 1784589184
2026-07-20T23:14:04Z 1784589244
2026-07-20T23:15:04Z 1784589304
2026-07-20T23:16:04Z 1784589364
2026-07-20T23:17:04Z 1784589424
2026-07-20T23:18:04Z 1784589484
2026-07-20T23:19:04Z 1784589544
2026-07-20T23:20:04Z 1784589604
2026-07-20T23:21:04Z 1784589664
2026-07-20T23:22:04Z 1784589724
2026-07-20T23:23:04Z 1784589784
2026-07-20T23:24:04Z 1784589844
2026-07-20T23:25:04Z 1784589904
2026-07-20T23:26:04Z 1784589964
2026-07-20T23:27:04Z 1784590024
2026-07-20T23:28:04Z 1784590084
2026-07-20T23:29:04Z 1784590144
2026-07-20T23:30:04Z 1784590204
2026-07-20T23:31:04Z 1784590264
2026-07-20T23:32:04Z 1784590324
2026-07-20T23:33:04Z 1784590384
2026-07-20T23:34:04Z 1784590444
2026-07-20T23:35:04Z 1784590504
2026-07-20T23:36:04Z 1784590564
2026-07-20T23:37:04Z 1784590624
2026-07-20T23:38:04Z 1784590684
2026-07-20T23:39:04Z 1784590744
2026-07-20T23:40:04Z 1784590804
2026-07-20T23:41:04Z 1784590864
2026-07-20T23:42:04Z 1784590924
2026-07-20T23:43:04Z 1784590984
2026-07-20T23:44:04Z 1784591044
2026-07-20T23:45:04Z 1784591104
2026-07-20T23:46:04Z 1784591164
2026-07-20T23:47:04Z 1784591224
2026-07-20T23:48:04Z 1784591284
2026-07-20T23:49:04Z 1784591344
2026-07-20T23:50:04Z 1784591404
2026-07-20T23:51:04Z 1784591464
2026-07-20T23:52:04Z 1784591524
2026-07-20T23:53:04Z 1784591584
2026-07-20T23:54:04Z 1784591644
2026-07-20T23:55:04Z 1784591704
2026-07-20T23:56:04Z 1784591764
2026-07-20T23:57:04Z 1784591824
2026-07-20T23:58:04Z 1784591884
2026-07-20T23:59:04Z 1784591944
2026-07-21T00:00:04Z 1784592004
2026-07-21T00:01:04Z 1784592064
2026-07-21T00:02:04Z 1784592124
2026-07-21T00:03:04Z 1784592184
2026-07-21T00:04:04Z 1784592244
2026-07-21T00:05:04Z 1784592304
2026-07-21T00:06:04Z 1784592364
2026-07-21T00:07:04Z 1784592424
2026-07-21T00:08:04Z 1784592484
2026-07-21T00:09:04Z 1784592544
2026-07-21T00:10:04Z 1784592604
2026-07-21T00:11:04Z 1784592664
2026-07-21T00:12:04Z 1784592724
2026-07-21T00:13:04Z 1784592784
2026-07-21T00:14:04Z 1784592844
2026-07-21T00:15:04Z 1784592904
2026-07-21T00:16:04Z 1784592964
2026-07-21T00:17:04Z 1784593024
2026-07-21T00:18:04Z 1784593084
2026-07-21T00:19:04Z 1784593144
2026-07-21T00:20:04Z 1784593204
2026-07-21T00:21:04Z 1784593264
2026-07-21T00:22:04Z 1784593324
2026-07-21T00:23:04Z 1784593384
2026-07-21T00:24:04Z 1784593444
2026-07-21T00:25:04Z 1784593504
2026-07-21T00:26:04Z 1784593564
2026-07-21T00:27:04Z 1784593624
2026-07-21T00:28:04Z 1784593684
2026-07-21T00:29:04Z 1784593744
2026-07-21T00:30:04Z 1784593804
2026-07-21T00:31:04Z 1784593864
2026-07-21T00:32:04Z 1784593924
2026-07-21T00:33:04Z 1784593984
2026-07-21T00:34:04Z 1784594044
2026-07-21T00:35:04Z 1784594104
2026-07-21T00:36:04Z 1784594164
2026-07-21T00:37:04Z 1784594224
2026-07-21T00:38:04Z 1784594284
2026-07-21T00:39:04Z 1784594344
2026-07-21T00:40:04Z 1784594404
2026-07-21T00:41:04Z 1784594464
2026-07-21T00:42:04Z 1784594524
2026-07-21T00:43:04Z 1784594584
2026-07-21T00:44:04Z 1784594644
2026-07-21T00:45:04Z 1784594704
2026-07-21T00:46:04Z 1784594764
2026-07-21T00:47:04Z 1784594824
2026-07-21T00:48:04Z 1784594884
2026-07-21T00:49:04Z 1784594944
2026-07-21T00:50:04Z 1784595004
2026-07-21T00:51:04Z 1784595064
2026-07-21T00:52:04Z 1784595124
2026-07-21T00:53:04Z 1784595184
2026-07-21T00:54:04Z 1784595244
2026-07-21T00:55:04Z 1784595304
2026-07-21T00:56:04Z 1784595364
2026-07-21T00:57:04Z 1784595424
2026-07-21T00:58:04Z 1784595484
2026-07-21T00:59:04Z 1784595544
2026-07-21T01:00:04Z 1784595604
2026-07-21T01:01:04Z 1784595664
2026-07-21T01:02:04Z 1784595724
2026-07-21T01:03:04Z 1784595784
2026-07-21T01:04:04Z 1784595844
2026-07-21T01:05:04Z 1784595904
2026-07-21T01:06:04Z 1784595964
2026-07-21T01:07:04Z 1784596024
2026-07-21T01:08:04Z 1784596084
2026-07-21T01:09:04Z 1784596144
2026-07-21T01:10:04Z 1784596204
2026-07-21T01:11:04Z 1784596264
2026-07-21T01:12:04Z 1784596324
2026-07-21T01:13:04Z 1784596384
2026-07-21T01:14:04Z 1784596444
2026-07-21T01:15:04Z 1784596504
2026-07-21T01:16:04Z 1784596564
2026-07-21T01:17:04Z 1784596624
2026-07-21T01:18:04Z 1784596684
2026-07-21T01:19:04Z 1784596744
2026-07-21T01:20:04Z 1784596804
2026-07-21T01:21:04Z 1784596864
2026-07-21T01:22:04Z 1784596924
2026-07-21T01:23:04Z 1784596984
2026-07-21T01:24:04Z 1784597044
2026-07-21T01:25:04Z 1784597104
2026-07-21T01:26:04Z 1784597164
2026-07-21T01:27:04Z 1784597224
2026-07-21T01:28:04Z 1784597284
2026-07-21T01:29:04Z 1784597344
2026-07-21T01:30:04Z 1784597404
2026-07-21T01:31:04Z 1784597464
2026-07-21T01:32:04Z 1784597524
2026-07-21T01:33:04Z 1784597584
2026-07-21T01:34:04Z 1784597644
2026-07-21T01:35:04Z 1784597704
2026-07-21T01:36:04Z 1784597764
2026-07-21T01:37:04Z 1784597824
2026-07-21T01:38:04Z 1784597884
2026-07-21T01:39:04Z 1784597944
2026-07-21T01:40:04Z 1784598004
2026-07-21T01:41:04Z 1784598064
2026-07-21T01:42:04Z 1784598124
2026-07-21T01:43:04Z 1784598184
2026-07-21T01:44:04Z 1784598244
2026-07-21T01:45:04Z 1784598304
2026-07-21T01:46:04Z 1784598364
2026-07-21T01:47:04Z 1784598424
2026-07-21T01:48:04Z 1784598484
2026-07-21T01:49:04Z 1784598544
2026-07-21T01:50:04Z 1784598604
2026-07-21T01:51:04Z 1784598664
2026-07-21T01:52:04Z 1784598724
2026-07-21T01:53:04Z 1784598784
2026-07-21T01:54:04Z 1784598844
2026-07-21T01:55:04Z 1784598904
2026-07-21T01:56:04Z 1784598964
2026-07-21T01:57:04Z 1784599024
2026-07-21T01:58:04Z 1784599084
2026-07-21T01:59:04Z 1784599144
2026-07-21T02:00:04Z 1784599204
2026-07-21T02:01:04Z 1784599264
2026-07-21T02:02:04Z 1784599324
2026-07-21T02:03:04Z 1784599384
2026-07-21T02:04:04Z 1784599444
2026-07-21T02:05:04Z 1784599504
2026-07-21T02:06:04Z 1784599564
2026-07-21T02:07:04Z 1784599624
2026-07-21T02:08:04Z 1784599684
2026-07-21T02:09:04Z 1784599744
2026-07-21T02:10:04Z 1784599804
2026-07-21T02:11:04Z 1784599864
2026-07-21T02:12:04Z 1784599924
2026-07-21T02:13:04Z 1784599984
2026-07-21T02:14:04Z 1784600044
2026-07-21T02:15:04Z 1784600104
2026-07-21T02:16:04Z 1784600164
2026-07-21T02:17:04Z 1784600224
2026-07-21T02:18:04Z 1784600284
2026-07-21T02:19:04Z 1784600344
2026-07-21T02:20:04Z 1784600404
2026-07-21T02:21:04Z 1784600464
2026-07-21T02:22:04Z 1784600524
2026-07-21T02:23:04Z 1784600584
2026-07-21T02:24:04Z 1784600644
2026-07-21T02:25:04Z 1784600704
2026-07-21T02:26:04Z 1784600764
2026-07-21T02:27:04Z 1784600824
2026-07-21T02:28:04Z 1784600884
2026-07-21T02:29:04Z 1784600944
2026-07-21T02:30:04Z 1784601004
2026-07-21T02:31:04Z 1784601064
2026-07-21T02:32:04Z 1784601124
2026-07-21T02:33:04Z 1784601184
2026-07-21T02:34:04Z 1784601244
2026-07-21T02:35:04Z 1784601304
2026-07-21T02:36:04Z 1784601364
2026-07-21T02:37:04Z 1784601424
2026-07-21T02:38:04Z 1784601484
2026-07-21T02:39:04Z 1784601544
2026-07-21T02:40:04Z 1784601604
2026-07-21T02:41:04Z 1784601664
2026-07-21T02:42:04Z 1784601724
2026-07-21T02:43:04Z 1784601784
2026-07-21T02:44:04Z 1784601844
2026-07-21T02:45:04Z 1784601904
2026-07-21T02:46:04Z 1784601964
2026-07-21T02:47:04Z 1784602024
2026-07-21T02:48:04Z 1784602084
2026-07-21T02:49:04Z 1784602144
2026-07-21T02:50:04Z 1784602204
2026-07-21T02:51:04Z 1784602264
2026-07-21T02:52:04Z 1784602324
2026-07-21T02:53:04Z 1784602384
2026-07-21T02:54:04Z 1784602444
2026-07-21T02:55:04Z 1784602504
2026-07-21T02:56:04Z 1784602564
2026-07-21T02:57:04Z 1784602624
2026-07-21T02:58:04Z 1784602684
2026-07-21T02:59:04Z 1784602744
2026-07-21T03:00:04Z 1784602804
2026-07-21T03:01:04Z 1784602864
2026-07-21T03:02:04Z 1784602924
2026-07-21T03:03:04Z 1784602984
2026-07-21T03:04:04Z 1784603044
2026-07-21T03:05:04Z 1784603104
2026-07-21T03:06:04Z 1784603164
2026-07-21T03:07:04Z 1784603224
2026-07-21T03:08:04Z 1784603284
2026-07-21T03:09:04Z 1784603344
2026-07-21T03:10:04Z 1784603404
2026-07-21T03:11:04Z 1784603464
2026-07-21T03:12:04Z 1784603524
2026-07-21T03:13:04Z 1784603584
2026-07-21T03:14:04Z 1784603644
2026-07-21T03:15:04Z 1784603704
2026-07-21T03:16:04Z 1784603764
2026-07-21T03:17:04Z 1784603824
2026-07-21T03:18:04Z 1784603884
2026-07-21T03:19:04Z 1784603944
2026-07-21T03:20:04Z 1784604004
2026-07-21T03:21:04Z 1784604064
2026-07-21T03:22:04Z 1784604124
2026-07-21T03:23:04Z 1784604184
2026-07-21T03:24:04Z 1784604244
2026-07-21T03:25:04Z 1784604304
2026-07-21T03:26:04Z 1784604364
2026-07-21T03:27:04Z 1784604424
2026-07-21T03:28:04Z 1784604484
2026-07-21T03:29:04Z 1784604544
2026-07-21T03:30:04Z 1784604604
2026-07-21T03:31:04Z 1784604664
2026-07-21T03:32:04Z 1784604724
2026-07-21T03:33:04Z 1784604784
2026-07-21T03:34:04Z 1784604844
2026-07-21T03:35:04Z 1784604904
2026-07-21T03:36:04Z 1784604964
2026-07-21T03:37:04Z 1784605024
2026-07-21T03:38:04Z 1784605084
2026-07-21T03:39:04Z 1784605144
2026-07-21T03:40:04Z 1784605204
2026-07-21T03:41:04Z 1784605264
2026-07-21T03:42:04Z 1784605324
2026-07-21T03:43:04Z 1784605384
2026-07-21T03:44:04Z 1784605444
2026-07-21T03:45:04Z 1784605504
2026-07-21T03:46:04Z 1784605564
2026-07-21T03:47:04Z 1784605624
2026-07-21T03:48:04Z 1784605684
2026-07-21T03:49:04Z 1784605744
2026-07-21T03:50:04Z 1784605804
2026-07-21T03:51:04Z 1784605864
2026-07-21T03:52:04Z 1784605924
2026-07-21T03:53:04Z 1784605984
2026-07-21T03:54:04Z 1784606044
2026-07-21T03:55:04Z 1784606104
2026-07-21T03:56:04Z 1784606164
2026-07-21T03:57:04Z 1784606224
2026-07-21T03:58:04Z 1784606284
2026-07-21T03:59:04Z 1784606344
2026-07-21T04:00:04Z 1784606404
2026-07-21T04:01:04Z 1784606464
2026-07-21T04:02:04Z 1784606524
2026-07-21T04:03:04Z 1784606584
2026-07-21T04:04:04Z 1784606644
2026-07-21T04:05:04Z 1784606704
2026-07-21T04:06:04Z 1784606764
2026-07-21T04:07:04Z 1784606824
2026-07-21T04:08:04Z 1784606884
2026-07-21T04:09:04Z 1784606944
2026-07-21T04:10:04Z 1784607004
2026-07-21T04:11:04Z 1784607064
2026-07-21T04:12:04Z 1784607124
2026-07-21T04:13:04Z 1784607184
2026-07-21T04:14:04Z 1784607244
2026-07-21T04:15:04Z 1784607304
2026-07-21T04:16:04Z 1784607364
2026-07-21T04:17:04Z 1784607424
2026-07-21T04:18:04Z 1784607484
2026-07-21T04:19:04Z 1784607544
2026-07-21T04:20:04Z 1784607604
2026-07-21T04:21:04Z 1784607664
2026-07-21T04:22:04Z 1784607724
2026-07-21T04:23:04Z 1784607784
2026-07-21T04:24:04Z 1784607844
2026-07-21T04:25:04Z 1784607904
2026-07-21T04:26:04Z 1784607964
2026-07-21T04:27:04Z 1784608024
2026-07-21T04:28:04Z 1784608084
2026-07-21T04:29:04Z 1784608144
2026-07-21T04:30:04Z 1784608204
2026-07-21T04:31:04Z 1784608264
2026-07-21T04:32:04Z 1784608324
2026-07-21T04:33:04Z 1784608384
2026-07-21T04:34:04Z 1784608444
2026-07-21T04:35:04Z 1784608504
2026-07-21T04:36:04Z 1784608564
2026-07-21T04:37:04Z 1784608624
2026-07-21T04:38:04Z 1784608684
2026-07-21T04:39:04Z 1784608744
2026-07-21T04:40:04Z 1784608804
2026-07-21T04:41:04Z 1784608864
2026-07-21T04:42:04Z 1784608924
2026-07-21T04:43:04Z 1784608984
2026-07-21T04:44:04Z 1784609044
2026-07-21T04:45:04Z 1784609104
2026-07-21T04:46:04Z 1784609164
2026-07-21T04:47:04Z 1784609224
2026-07-21T04:48:04Z 1784609284
2026-07-21T04:49:04Z 1784609344
2026-07-21T04:50:04Z 1784609404
2026-07-21T04:51:04Z 1784609464
2026-07-21T04:52:04Z 1784609524
2026-07-21T04:53:04Z 1784609584
2026-07-21T04:54:04Z 1784609644
2026-07-21T04:55:04Z 1784609704
2026-07-21T04:56:04Z 1784609764
2026-07-21T04:57:04Z 1784609824
2026-07-21T04:58:05Z 1784609885
2026-07-21T04:59:04Z 1784609944
2026-07-21T05:00:04Z 1784610004
2026-07-21T05:01:04Z 1784610064
2026-07-21T05:02:04Z 1784610124
2026-07-21T05:03:04Z 1784610184
2026-07-21T05:04:04Z 1784610244
2026-07-21T05:05:04Z 1784610304
2026-07-21T05:06:04Z 1784610364
2026-07-21T05:07:04Z 1784610424
2026-07-21T05:08:04Z 1784610484
2026-07-21T05:09:04Z 1784610544
2026-07-21T05:10:04Z 1784610604
2026-07-21T05:11:04Z 1784610664
2026-07-21T05:12:04Z 1784610724
2026-07-21T05:13:04Z 1784610784
2026-07-21T05:14:04Z 1784610844
2026-07-21T05:15:04Z 1784610904
2026-07-21T05:16:04Z 1784610964
2026-07-21T05:17:04Z 1784611024
2026-07-21T05:18:04Z 1784611084
2026-07-21T05:19:04Z 1784611144
2026-07-21T05:20:04Z 1784611204
2026-07-21T05:21:04Z 1784611264
2026-07-21T05:22:04Z 1784611324
2026-07-21T05:23:04Z 1784611384
2026-07-21T05:24:04Z 1784611444
2026-07-21T05:25:04Z 1784611504
2026-07-21T05:26:04Z 1784611564
2026-07-21T05:27:04Z 1784611624
2026-07-21T05:28:04Z 1784611684
2026-07-21T05:29:04Z 1784611744
2026-07-21T05:30:04Z 1784611804
2026-07-21T05:31:04Z 1784611864
2026-07-21T05:32:04Z 1784611924
2026-07-21T05:33:04Z 1784611984
2026-07-21T05:34:04Z 1784612044
2026-07-21T05:35:04Z 1784612104
2026-07-21T05:36:04Z 1784612164
2026-07-21T05:37:04Z 1784612224
2026-07-21T05:38:04Z 1784612284
2026-07-21T05:39:04Z 1784612344
2026-07-21T05:40:04Z 1784612404
2026-07-21T05:41:04Z 1784612464
2026-07-21T05:42:04Z 1784612524
2026-07-21T05:43:04Z 1784612584
2026-07-21T05:44:04Z 1784612644
2026-07-21T05:45:04Z 1784612704
2026-07-21T05:46:04Z 1784612764
2026-07-21T05:47:04Z 1784612824
2026-07-21T05:48:04Z 1784612884
2026-07-21T05:49:04Z 1784612944
2026-07-21T05:50:04Z 1784613004
2026-07-21T05:51:04Z 1784613064
2026-07-21T05:52:04Z 1784613124
2026-07-21T05:53:04Z 1784613184
2026-07-21T05:54:04Z 1784613244
2026-07-21T05:55:04Z 1784613304
2026-07-21T05:56:04Z 1784613364
2026-07-21T05:57:04Z 1784613424
2026-07-21T05:58:04Z 1784613484
2026-07-21T05:59:04Z 1784613544
2026-07-21T06:00:04Z 1784613604
2026-07-21T06:01:04Z 1784613664
2026-07-21T06:02:04Z 1784613724
2026-07-21T06:03:04Z 1784613784
2026-07-21T06:04:04Z 1784613844
2026-07-21T06:05:04Z 1784613904
2026-07-21T06:06:04Z 1784613964
2026-07-21T06:07:04Z 1784614024
2026-07-21T06:08:04Z 1784614084
2026-07-21T06:09:04Z 1784614144
2026-07-21T06:10:04Z 1784614204
2026-07-21T06:11:04Z 1784614264
2026-07-21T06:12:04Z 1784614324
2026-07-21T06:13:04Z 1784614384
2026-07-21T06:14:04Z 1784614444
2026-07-21T06:15:04Z 1784614504
2026-07-21T06:16:04Z 1784614564
2026-07-21T06:17:04Z 1784614624
2026-07-21T06:18:04Z 1784614684
2026-07-21T06:19:04Z 1784614744
2026-07-21T06:20:04Z 1784614804
2026-07-21T06:21:04Z 1784614864
2026-07-21T06:22:04Z 1784614924
2026-07-21T06:23:04Z 1784614984
2026-07-21T06:24:04Z 1784615044
2026-07-21T06:25:04Z 1784615104
2026-07-21T06:26:04Z 1784615164
2026-07-21T06:27:04Z 1784615224
2026-07-21T06:28:04Z 1784615284
2026-07-21T06:29:04Z 1784615344
2026-07-21T06:30:04Z 1784615404
2026-07-21T06:31:04Z 1784615464
2026-07-21T06:32:04Z 1784615524
2026-07-21T06:33:04Z 1784615584
2026-07-21T06:34:04Z 1784615644
2026-07-21T06:35:04Z 1784615704
2026-07-21T06:36:04Z 1784615764
2026-07-21T06:37:04Z 1784615824
2026-07-21T06:38:04Z 1784615884
2026-07-21T06:39:04Z 1784615944
2026-07-21T06:40:04Z 1784616004
2026-07-21T06:41:04Z 1784616064
2026-07-21T06:42:04Z 1784616124
2026-07-21T06:43:04Z 1784616184
2026-07-21T06:44:04Z 1784616244
2026-07-21T06:45:04Z 1784616304
2026-07-21T06:46:04Z 1784616364
2026-07-21T06:47:04Z 1784616424
2026-07-21T06:48:04Z 1784616484
2026-07-21T06:49:04Z 1784616544
2026-07-21T06:50:04Z 1784616604
2026-07-21T06:51:04Z 1784616664
2026-07-21T06:52:04Z 1784616724
2026-07-21T06:53:04Z 1784616784
2026-07-21T06:54:04Z 1784616844
2026-07-21T06:55:04Z 1784616904
2026-07-21T06:56:04Z 1784616964
2026-07-21T06:57:04Z 1784617024
2026-07-21T06:58:04Z 1784617084
2026-07-21T06:59:04Z 1784617144
2026-07-21T07:00:04Z 1784617204
2026-07-21T07:01:04Z 1784617264
2026-07-21T07:02:04Z 1784617324
2026-07-21T07:03:04Z 1784617384
2026-07-21T07:04:04Z 1784617444
2026-07-21T07:05:04Z 1784617504
2026-07-21T07:06:04Z 1784617564
2026-07-21T07:07:04Z 1784617624
2026-07-21T07:08:04Z 1784617684
2026-07-21T07:09:04Z 1784617744
2026-07-21T07:10:04Z 1784617804
2026-07-21T07:11:04Z 1784617864
2026-07-21T07:12:04Z 1784617924
2026-07-21T07:13:04Z 1784617984
2026-07-21T07:14:04Z 1784618044
2026-07-21T07:15:04Z 1784618104
2026-07-21T07:16:04Z 1784618164
2026-07-21T07:17:04Z 1784618224
2026-07-21T07:18:04Z 1784618284
2026-07-21T07:19:04Z 1784618344
2026-07-21T07:20:04Z 1784618404
2026-07-21T07:21:04Z 1784618464
2026-07-21T07:22:04Z 1784618524
2026-07-21T07:23:04Z 1784618584
2026-07-21T07:24:04Z 1784618644
2026-07-21T07:25:04Z 1784618704
2026-07-21T07:26:04Z 1784618764
2026-07-21T07:27:04Z 1784618824
2026-07-21T07:28:04Z 1784618884
2026-07-21T07:29:04Z 1784618944
2026-07-21T07:30:04Z 1784619004
2026-07-21T07:31:04Z 1784619064
2026-07-21T07:32:04Z 1784619124
2026-07-21T07:33:04Z 1784619184
2026-07-21T07:34:04Z 1784619244
2026-07-21T07:35:04Z 1784619304
2026-07-21T07:36:04Z 1784619364
2026-07-21T07:37:04Z 1784619424
2026-07-21T07:38:04Z 1784619484
2026-07-21T07:39:04Z 1784619544
2026-07-21T07:40:04Z 1784619604
2026-07-21T07:41:04Z 1784619664
2026-07-21T07:42:04Z 1784619724
2026-07-21T07:43:04Z 1784619784
2026-07-21T07:44:04Z 1784619844
2026-07-21T07:45:04Z 1784619904
2026-07-21T07:46:04Z 1784619964
2026-07-21T07:47:04Z 1784620024
2026-07-21T07:48:04Z 1784620084
2026-07-21T07:49:04Z 1784620144
2026-07-21T07:50:04Z 1784620204
2026-07-21T07:51:04Z 1784620264
2026-07-21T07:52:04Z 1784620324
2026-07-21T07:53:04Z 1784620384
2026-07-21T07:54:04Z 1784620444
2026-07-21T07:55:04Z 1784620504
2026-07-21T07:56:04Z 1784620564
2026-07-21T07:57:04Z 1784620624
2026-07-21T07:58:04Z 1784620684
2026-07-21T07:59:04Z 1784620744
2026-07-21T08:00:04Z 1784620804
2026-07-21T08:01:04Z 1784620864
2026-07-21T08:02:04Z 1784620924
2026-07-21T08:03:04Z 1784620984
2026-07-21T08:04:04Z 1784621044
2026-07-21T08:05:04Z 1784621104
2026-07-21T08:06:04Z 1784621164
2026-07-21T08:07:04Z 1784621224
2026-07-21T08:08:04Z 1784621284
2026-07-21T08:09:04Z 1784621344
2026-07-21T08:10:04Z 1784621404
2026-07-21T08:11:04Z 1784621464
2026-07-21T08:12:04Z 1784621524
2026-07-21T08:13:04Z 1784621584
2026-07-21T08:14:04Z 1784621644
2026-07-21T08:15:04Z 1784621704
2026-07-21T08:16:04Z 1784621764
2026-07-21T08:17:04Z 1784621824
2026-07-21T08:18:04Z 1784621884
2026-07-21T08:19:04Z 1784621944
2026-07-21T08:20:04Z 1784622004
2026-07-21T08:21:04Z 1784622064
2026-07-21T08:22:04Z 1784622124
2026-07-21T08:23:04Z 1784622184
2026-07-21T08:24:04Z 1784622244
2026-07-21T08:25:04Z 1784622304
2026-07-21T08:26:04Z 1784622364
2026-07-21T08:27:04Z 1784622424
2026-07-21T08:28:04Z 1784622484
2026-07-21T08:29:04Z 1784622544
2026-07-21T08:30:04Z 1784622604
2026-07-21T08:31:04Z 1784622664
2026-07-21T08:32:04Z 1784622724
2026-07-21T08:33:04Z 1784622784
2026-07-21T08:34:04Z 1784622844
2026-07-21T08:35:04Z 1784622904
2026-07-21T08:36:04Z 1784622964
2026-07-21T08:37:04Z 1784623024
2026-07-21T08:38:04Z 1784623084
2026-07-21T08:39:04Z 1784623144
2026-07-21T08:40:04Z 1784623204
2026-07-21T08:41:04Z 1784623264
2026-07-21T08:42:04Z 1784623324
2026-07-21T08:43:04Z 1784623384
2026-07-21T08:44:04Z 1784623444
2026-07-21T08:45:04Z 1784623504
2026-07-21T08:46:04Z 1784623564
2026-07-21T08:47:04Z 1784623624
2026-07-21T08:48:04Z 1784623684
2026-07-21T08:49:04Z 1784623744
2026-07-21T08:50:04Z 1784623804
2026-07-21T08:51:04Z 1784623864
2026-07-21T08:52:04Z 1784623924
2026-07-21T08:53:04Z 1784623984
2026-07-21T08:54:04Z 1784624044
2026-07-21T08:55:04Z 1784624104
2026-07-21T08:56:04Z 1784624164
2026-07-21T08:57:04Z 1784624224
2026-07-21T08:58:04Z 1784624284
2026-07-21T08:59:04Z 1784624344
2026-07-21T09:00:04Z 1784624404
2026-07-21T09:01:04Z 1784624464
2026-07-21T09:02:04Z 1784624524
2026-07-21T09:03:04Z 1784624584
2026-07-21T09:04:04Z 1784624644
2026-07-21T09:05:04Z 1784624704
2026-07-21T09:06:04Z 1784624764
2026-07-21T09:07:04Z 1784624824
2026-07-21T09:08:04Z 1784624884
2026-07-21T09:09:04Z 1784624944
2026-07-21T09:10:04Z 1784625004
2026-07-21T09:11:04Z 1784625064
2026-07-21T09:12:04Z 1784625124
2026-07-21T09:13:04Z 1784625184
2026-07-21T09:14:04Z 1784625244
2026-07-21T09:15:04Z 1784625304
2026-07-21T09:16:04Z 1784625364
2026-07-21T09:17:04Z 1784625424
2026-07-21T09:18:04Z 1784625484
2026-07-21T09:19:04Z 1784625544
2026-07-21T09:20:04Z 1784625604
2026-07-21T09:21:04Z 1784625664
2026-07-21T09:22:04Z 1784625724
2026-07-21T09:23:04Z 1784625784
2026-07-21T09:24:04Z 1784625844
2026-07-21T09:25:04Z 1784625904
2026-07-21T09:26:04Z 1784625964
2026-07-21T09:27:04Z 1784626024
2026-07-21T09:28:04Z 1784626084
2026-07-21T09:29:04Z 1784626144
2026-07-21T09:30:04Z 1784626204
2026-07-21T09:31:04Z 1784626264
2026-07-21T09:32:04Z 1784626324
2026-07-21T09:33:04Z 1784626384
2026-07-21T09:34:04Z 1784626444
2026-07-21T09:35:04Z 1784626504
2026-07-21T09:36:04Z 1784626564
2026-07-21T09:37:04Z 1784626624
2026-07-21T09:38:04Z 1784626684
2026-07-21T09:39:04Z 1784626744
2026-07-21T09:40:04Z 1784626804
2026-07-21T09:41:04Z 1784626864
2026-07-21T09:42:04Z 1784626924
2026-07-21T09:43:04Z 1784626984
2026-07-21T09:44:04Z 1784627044
2026-07-21T09:45:04Z 1784627104
2026-07-21T09:46:04Z 1784627164
2026-07-21T09:47:04Z 1784627224
2026-07-21T09:48:04Z 1784627284
2026-07-21T09:49:04Z 1784627344
2026-07-21T09:50:04Z 1784627404
2026-07-21T09:51:04Z 1784627464
2026-07-21T09:52:04Z 1784627524
2026-07-21T09:53:04Z 1784627584
2026-07-21T09:54:04Z 1784627644
2026-07-21T09:55:04Z 1784627704
2026-07-21T09:56:04Z 1784627764
2026-07-21T09:57:04Z 1784627824
2026-07-21T09:58:04Z 1784627884
2026-07-21T09:59:04Z 1784627944
2026-07-21T10:00:04Z 1784628004
2026-07-21T10:01:04Z 1784628064
2026-07-21T10:02:04Z 1784628124
2026-07-21T10:03:04Z 1784628184
2026-07-21T10:04:04Z 1784628244
2026-07-21T10:05:04Z 1784628304
2026-07-21T10:06:04Z 1784628364
2026-07-21T10:07:04Z 1784628424
2026-07-21T10:08:04Z 1784628484
2026-07-21T10:09:04Z 1784628544
2026-07-21T10:10:04Z 1784628604
2026-07-21T10:11:04Z 1784628664
2026-07-21T10:12:04Z 1784628724
2026-07-21T10:13:04Z 1784628784
2026-07-21T10:14:04Z 1784628844
2026-07-21T10:15:04Z 1784628904
2026-07-21T10:16:04Z 1784628964
2026-07-21T10:17:04Z 1784629024
2026-07-21T10:18:04Z 1784629084
2026-07-21T10:19:04Z 1784629144
2026-07-21T10:20:04Z 1784629204
2026-07-21T10:21:04Z 1784629264
2026-07-21T10:22:04Z 1784629324
2026-07-21T10:23:04Z 1784629384
2026-07-21T10:24:04Z 1784629444
2026-07-21T10:25:04Z 1784629504
2026-07-21T10:26:04Z 1784629564
2026-07-21T10:27:04Z 1784629624
2026-07-21T10:28:04Z 1784629684
2026-07-21T10:29:04Z 1784629744
2026-07-21T10:30:04Z 1784629804
2026-07-21T10:31:04Z 1784629864
2026-07-21T10:32:04Z 1784629924
2026-07-21T10:33:04Z 1784629984
2026-07-21T10:34:04Z 1784630044
2026-07-21T10:35:04Z 1784630104
2026-07-21T10:36:04Z 1784630164
2026-07-21T10:37:04Z 1784630224
2026-07-21T10:38:04Z 1784630284
2026-07-21T10:39:04Z 1784630344
2026-07-21T10:40:04Z 1784630404
2026-07-21T10:41:04Z 1784630464
2026-07-21T10:42:04Z 1784630524
2026-07-21T10:43:04Z 1784630584
2026-07-21T10:44:04Z 1784630644
2026-07-21T10:45:04Z 1784630704
2026-07-21T10:46:04Z 1784630764
2026-07-21T10:47:04Z 1784630824
2026-07-21T10:48:04Z 1784630884
2026-07-21T10:49:04Z 1784630944
2026-07-21T10:50:04Z 1784631004
2026-07-21T10:51:04Z 1784631064
2026-07-21T10:52:04Z 1784631124
2026-07-21T10:53:04Z 1784631184
2026-07-21T10:54:04Z 1784631244
2026-07-21T10:55:04Z 1784631304
2026-07-21T10:56:04Z 1784631364
2026-07-21T10:57:04Z 1784631424
2026-07-21T10:58:04Z 1784631484
2026-07-21T10:59:04Z 1784631544
2026-07-21T11:00:04Z 1784631604
2026-07-21T11:01:04Z 1784631664
2026-07-21T11:02:04Z 1784631724
2026-07-21T11:03:04Z 1784631784
2026-07-21T11:04:04Z 1784631844
2026-07-21T11:05:04Z 1784631904
2026-07-21T11:06:04Z 1784631964
2026-07-21T11:07:04Z 1784632024
2026-07-21T11:08:04Z 1784632084
2026-07-21T11:09:04Z 1784632144
2026-07-21T11:10:04Z 1784632204
2026-07-21T11:11:04Z 1784632264
2026-07-21T11:12:04Z 1784632324
2026-07-21T11:13:04Z 1784632384
2026-07-21T11:14:04Z 1784632444
2026-07-21T11:15:04Z 1784632504
2026-07-21T11:16:04Z 1784632564
2026-07-21T11:17:04Z 1784632624
2026-07-21T11:18:04Z 1784632684
2026-07-21T11:19:04Z 1784632744
2026-07-21T11:20:04Z 1784632804
2026-07-21T11:21:04Z 1784632864
2026-07-21T11:22:04Z 1784632924
2026-07-21T11:23:04Z 1784632984
2026-07-21T11:24:04Z 1784633044
2026-07-21T11:25:04Z 1784633104
2026-07-21T11:26:04Z 1784633164
2026-07-21T11:27:04Z 1784633224
2026-07-21T11:28:04Z 1784633284
2026-07-21T11:29:04Z 1784633344
2026-07-21T11:30:04Z 1784633404
2026-07-21T11:31:04Z 1784633464
2026-07-21T11:32:04Z 1784633524
2026-07-21T11:33:04Z 1784633584
2026-07-21T11:34:04Z 1784633644
2026-07-21T11:35:04Z 1784633704
2026-07-21T11:36:04Z 1784633764
2026-07-21T11:37:04Z 1784633824
2026-07-21T11:38:04Z 1784633884
2026-07-21T11:39:04Z 1784633944
2026-07-21T11:40:04Z 1784634004
2026-07-21T11:41:04Z 1784634064
2026-07-21T11:42:04Z 1784634124
2026-07-21T11:43:04Z 1784634184
2026-07-21T11:44:04Z 1784634244
2026-07-21T11:45:04Z 1784634304
2026-07-21T11:46:04Z 1784634364
2026-07-21T11:47:04Z 1784634424
2026-07-21T11:48:04Z 1784634484
2026-07-21T11:49:04Z 1784634544
2026-07-21T11:50:04Z 1784634604
2026-07-21T11:51:04Z 1784634664
2026-07-21T11:52:04Z 1784634724
2026-07-21T11:53:04Z 1784634784
2026-07-21T11:54:04Z 1784634844
2026-07-21T11:55:04Z 1784634904
2026-07-21T11:56:04Z 1784634964
2026-07-21T11:57:04Z 1784635024
2026-07-21T11:58:04Z 1784635084
2026-07-21T11:59:04Z 1784635144
2026-07-21T12:00:04Z 1784635204
2026-07-21T12:01:04Z 1784635264
2026-07-21T12:02:04Z 1784635324
2026-07-21T12:03:04Z 1784635384
2026-07-21T12:04:04Z 1784635444
2026-07-21T12:05:04Z 1784635504
2026-07-21T12:06:04Z 1784635564
2026-07-21T12:07:04Z 1784635624
2026-07-21T12:08:04Z 1784635684
2026-07-21T12:09:04Z 1784635744
2026-07-21T12:10:04Z 1784635804
2026-07-21T12:11:04Z 1784635864
2026-07-21T12:12:04Z 1784635924
2026-07-21T12:13:04Z 1784635984
2026-07-21T12:14:04Z 1784636044
2026-07-21T12:15:04Z 1784636104
2026-07-21T12:16:04Z 1784636164
2026-07-21T12:17:04Z 1784636224
2026-07-21T12:18:04Z 1784636284
2026-07-21T12:19:04Z 1784636344
2026-07-21T12:20:04Z 1784636404
2026-07-21T12:21:04Z 1784636464
2026-07-21T12:22:04Z 1784636524
2026-07-21T12:23:04Z 1784636584
2026-07-21T12:24:04Z 1784636644
2026-07-21T12:25:04Z 1784636704
2026-07-21T12:26:04Z 1784636764
2026-07-21T12:27:04Z 1784636824
2026-07-21T12:28:04Z 1784636884
2026-07-21T12:29:04Z 1784636944
2026-07-21T12:30:04Z 1784637004
2026-07-21T12:31:04Z 1784637064
2026-07-21T12:32:04Z 1784637124
2026-07-21T12:33:04Z 1784637184
2026-07-21T12:34:04Z 1784637244
2026-07-21T12:35:04Z 1784637304
2026-07-21T12:36:04Z 1784637364
2026-07-21T12:37:04Z 1784637424
2026-07-21T12:38:04Z 1784637484
2026-07-21T12:39:04Z 1784637544
2026-07-21T12:40:04Z 1784637604
2026-07-21T12:41:04Z 1784637664
2026-07-21T12:42:04Z 1784637724
2026-07-21T12:43:04Z 1784637784
2026-07-21T12:44:04Z 1784637844
2026-07-21T12:45:04Z 1784637904
2026-07-21T12:46:04Z 1784637964
2026-07-21T12:47:04Z 1784638024
2026-07-21T12:48:04Z 1784638084
2026-07-21T12:49:04Z 1784638144
2026-07-21T12:50:04Z 1784638204
2026-07-21T12:51:04Z 1784638264
2026-07-21T12:52:04Z 1784638324
2026-07-21T12:53:04Z 1784638384
2026-07-21T12:54:04Z 1784638444
2026-07-21T12:55:04Z 1784638504
2026-07-21T12:56:04Z 1784638564
2026-07-21T12:57:04Z 1784638624
2026-07-21T12:58:04Z 1784638684
2026-07-21T12:59:04Z 1784638744
2026-07-21T13:00:04Z 1784638804
2026-07-21T13:01:04Z 1784638864
2026-07-21T13:02:04Z 1784638924
2026-07-21T13:03:04Z 1784638984
2026-07-21T13:04:04Z 1784639044
2026-07-21T13:05:04Z 1784639104
2026-07-21T13:06:04Z 1784639164
2026-07-21T13:07:04Z 1784639224
2026-07-21T13:08:04Z 1784639284
2026-07-21T13:09:04Z 1784639344
2026-07-21T13:10:04Z 1784639404
2026-07-21T13:11:04Z 1784639464
2026-07-21T13:12:04Z 1784639524
2026-07-21T13:13:04Z 1784639584
2026-07-21T13:14:04Z 1784639644
2026-07-21T13:15:04Z 1784639704
2026-07-21T13:16:04Z 1784639764
2026-07-21T13:17:04Z 1784639824
2026-07-21T13:18:04Z 1784639884
2026-07-21T13:19:04Z 1784639944
2026-07-21T13:20:04Z 1784640004
2026-07-21T13:21:04Z 1784640064
2026-07-21T13:22:04Z 1784640124
2026-07-21T13:23:04Z 1784640184
2026-07-21T13:24:04Z 1784640244
2026-07-21T13:25:04Z 1784640304
2026-07-21T13:26:04Z 1784640364
2026-07-21T13:27:04Z 1784640424
2026-07-21T13:28:04Z 1784640484
2026-07-21T13:29:04Z 1784640544
2026-07-21T13:30:04Z 1784640604
2026-07-21T13:31:04Z 1784640664
2026-07-21T13:32:04Z 1784640724
2026-07-21T13:33:04Z 1784640784
2026-07-21T13:34:04Z 1784640844
2026-07-21T13:35:04Z 1784640904
2026-07-21T13:36:04Z 1784640964
2026-07-21T13:37:04Z 1784641024
2026-07-21T13:38:04Z 1784641084
2026-07-21T13:39:04Z 1784641144
2026-07-21T13:40:04Z 1784641204
2026-07-21T13:41:04Z 1784641264
2026-07-21T13:42:04Z 1784641324
2026-07-21T13:43:04Z 1784641384
2026-07-21T13:44:04Z 1784641444
2026-07-21T13:45:04Z 1784641504
2026-07-21T13:46:04Z 1784641564
2026-07-21T13:47:04Z 1784641624
2026-07-21T13:48:04Z 1784641684
2026-07-21T13:49:04Z 1784641744
2026-07-21T13:50:04Z 1784641804
2026-07-21T13:51:04Z 1784641864
2026-07-21T13:52:04Z 1784641924
2026-07-21T13:53:04Z 1784641984
2026-07-21T13:54:04Z 1784642044
2026-07-21T13:55:04Z 1784642104
2026-07-21T13:56:04Z 1784642164
2026-07-21T13:57:04Z 1784642224
2026-07-21T13:58:04Z 1784642284
2026-07-21T13:59:04Z 1784642344
2026-07-21T14:00:04Z 1784642404
2026-07-21T14:01:04Z 1784642464
2026-07-21T14:02:04Z 1784642524
2026-07-21T14:03:04Z 1784642584
2026-07-21T14:04:04Z 1784642644
2026-07-21T14:05:04Z 1784642704
2026-07-21T14:06:04Z 1784642764
2026-07-21T14:07:04Z 1784642824
2026-07-21T14:08:04Z 1784642884
2026-07-21T14:09:04Z 1784642944
2026-07-21T14:10:04Z 1784643004
2026-07-21T14:11:04Z 1784643064
2026-07-21T14:12:04Z 1784643124
2026-07-21T14:13:04Z 1784643184
2026-07-21T14:14:04Z 1784643244
2026-07-21T14:15:04Z 1784643304
2026-07-21T14:16:04Z 1784643364
2026-07-21T14:17:04Z 1784643424
2026-07-21T14:18:04Z 1784643484
2026-07-21T14:19:04Z 1784643544
2026-07-21T14:20:04Z 1784643604
2026-07-21T14:21:04Z 1784643664
2026-07-21T14:22:04Z 1784643724
2026-07-21T14:23:04Z 1784643784
2026-07-21T14:24:04Z 1784643844
2026-07-21T14:25:04Z 1784643904
2026-07-21T14:26:04Z 1784643964
2026-07-21T14:27:04Z 1784644024
2026-07-21T14:28:04Z 1784644084
2026-07-21T14:29:04Z 1784644144
2026-07-21T14:30:04Z 1784644204
2026-07-21T14:31:04Z 1784644264
2026-07-21T14:32:04Z 1784644324
2026-07-21T14:33:04Z 1784644384
2026-07-21T14:34:04Z 1784644444
2026-07-21T14:35:04Z 1784644504
2026-07-21T14:36:04Z 1784644564
2026-07-21T14:37:04Z 1784644624
2026-07-21T14:38:04Z 1784644684
2026-07-21T14:39:04Z 1784644744
2026-07-21T14:40:04Z 1784644804
2026-07-21T14:41:04Z 1784644864
2026-07-21T14:42:04Z 1784644924
2026-07-21T14:43:04Z 1784644984
2026-07-21T14:44:04Z 1784645044
2026-07-21T14:45:04Z 1784645104
2026-07-21T14:46:04Z 1784645164
2026-07-21T14:47:04Z 1784645224
2026-07-21T14:48:04Z 1784645284
2026-07-21T14:49:04Z 1784645344
2026-07-21T14:50:04Z 1784645404
2026-07-21T14:51:04Z 1784645464
2026-07-21T14:52:04Z 1784645524
2026-07-21T14:53:04Z 1784645584
2026-07-21T14:54:04Z 1784645644
2026-07-21T14:55:04Z 1784645704
2026-07-21T14:56:04Z 1784645764
2026-07-21T14:57:04Z 1784645824
2026-07-21T14:58:04Z 1784645884
2026-07-21T14:59:04Z 1784645944
2026-07-21T15:00:04Z 1784646004
2026-07-21T15:01:04Z 1784646064
2026-07-21T15:02:04Z 1784646124
2026-07-21T15:03:04Z 1784646184
2026-07-21T15:04:04Z 1784646244
2026-07-21T15:05:04Z 1784646304
2026-07-21T15:06:04Z 1784646364
2026-07-21T15:07:04Z 1784646424
2026-07-21T15:08:04Z 1784646484
2026-07-21T15:09:04Z 1784646544
2026-07-21T15:10:04Z 1784646604
2026-07-21T15:11:04Z 1784646664
2026-07-21T15:12:04Z 1784646724
2026-07-21T15:13:04Z 1784646784
2026-07-21T15:14:04Z 1784646844
2026-07-21T15:15:04Z 1784646904
2026-07-21T15:16:04Z 1784646964
2026-07-21T15:17:04Z 1784647024
2026-07-21T15:18:04Z 1784647084
2026-07-21T15:19:04Z 1784647144
2026-07-21T15:20:04Z 1784647204
2026-07-21T15:21:04Z 1784647264
2026-07-21T15:22:04Z 1784647324
2026-07-21T15:23:04Z 1784647384
2026-07-21T15:24:04Z 1784647444
2026-07-21T15:25:04Z 1784647504
2026-07-21T15:26:04Z 1784647564
2026-07-21T15:27:04Z 1784647624
2026-07-21T15:28:04Z 1784647684
2026-07-21T15:29:04Z 1784647744
2026-07-21T15:30:04Z 1784647804
2026-07-21T15:31:04Z 1784647864
2026-07-21T15:32:04Z 1784647924
2026-07-21T15:33:04Z 1784647984
2026-07-21T15:34:04Z 1784648044
2026-07-21T15:35:04Z 1784648104
2026-07-21T15:36:04Z 1784648164
2026-07-21T15:37:04Z 1784648224
2026-07-21T15:38:04Z 1784648284
2026-07-21T15:39:04Z 1784648344
2026-07-21T15:40:04Z 1784648404
2026-07-21T15:41:04Z 1784648464
2026-07-21T15:42:04Z 1784648524
2026-07-21T15:43:04Z 1784648584
2026-07-21T15:44:04Z 1784648644
2026-07-21T15:45:04Z 1784648704
2026-07-21T15:46:04Z 1784648764
2026-07-21T15:47:04Z 1784648824
2026-07-21T15:48:04Z 1784648884
2026-07-21T15:49:04Z 1784648944
2026-07-21T15:50:04Z 1784649004
2026-07-21T15:51:04Z 1784649064
2026-07-21T15:52:04Z 1784649124
2026-07-21T15:53:04Z 1784649184
2026-07-21T15:54:04Z 1784649244
2026-07-21T15:55:04Z 1784649304
2026-07-21T15:56:04Z 1784649364
2026-07-21T15:57:04Z 1784649424
2026-07-21T15:58:04Z 1784649484
2026-07-21T15:59:04Z 1784649544
2026-07-21T16:00:04Z 1784649604
2026-07-21T16:01:04Z 1784649664
2026-07-21T16:02:04Z 1784649724
2026-07-21T16:03:04Z 1784649784
2026-07-21T16:04:04Z 1784649844
2026-07-21T16:05:04Z 1784649904
2026-07-21T16:06:04Z 1784649964
2026-07-21T16:07:04Z 1784650024
2026-07-21T16:08:04Z 1784650084
2026-07-21T16:09:04Z 1784650144
2026-07-21T16:10:04Z 1784650204
2026-07-21T16:11:04Z 1784650264
2026-07-21T16:12:04Z 1784650324
2026-07-21T16:13:04Z 1784650384
2026-07-21T16:14:04Z 1784650444
2026-07-21T16:15:04Z 1784650504
2026-07-21T16:16:04Z 1784650564
2026-07-21T16:17:04Z 1784650624
2026-07-21T16:18:04Z 1784650684
2026-07-21T16:19:04Z 1784650744
2026-07-21T16:20:04Z 1784650804
2026-07-21T16:21:04Z 1784650864
2026-07-21T16:22:04Z 1784650924
2026-07-21T16:23:04Z 1784650984
2026-07-21T16:24:04Z 1784651044
2026-07-21T16:25:04Z 1784651104
2026-07-21T16:26:04Z 1784651164
2026-07-21T16:27:04Z 1784651224
2026-07-21T16:28:04Z 1784651284
2026-07-21T16:29:04Z 1784651344
2026-07-21T16:30:04Z 1784651404
2026-07-21T16:31:04Z 1784651464
2026-07-21T16:32:04Z 1784651524
2026-07-21T16:33:04Z 1784651584
2026-07-21T16:34:04Z 1784651644
2026-07-21T16:35:04Z 1784651704
2026-07-21T16:36:04Z 1784651764
2026-07-21T16:37:04Z 1784651824
2026-07-21T16:38:04Z 1784651884
2026-07-21T16:39:04Z 1784651944
2026-07-21T16:40:04Z 1784652004
2026-07-21T16:41:04Z 1784652064
2026-07-21T16:42:04Z 1784652124
2026-07-21T16:43:04Z 1784652184
2026-07-21T16:44:04Z 1784652244
2026-07-21T16:45:04Z 1784652304
2026-07-21T16:46:04Z 1784652364
2026-07-21T16:47:04Z 1784652424
2026-07-21T16:48:04Z 1784652484
2026-07-21T16:49:04Z 1784652544
2026-07-21T16:50:04Z 1784652604
2026-07-21T16:51:04Z 1784652664
2026-07-21T16:52:04Z 1784652724
2026-07-21T16:53:04Z 1784652784
2026-07-21T16:54:04Z 1784652844
2026-07-21T16:55:04Z 1784652904
2026-07-21T16:56:04Z 1784652964
2026-07-21T16:57:04Z 1784653024
2026-07-21T16:58:04Z 1784653084
2026-07-21T16:59:04Z 1784653144
2026-07-21T17:00:04Z 1784653204
2026-07-21T17:01:04Z 1784653264
2026-07-21T17:02:04Z 1784653324
2026-07-21T17:03:04Z 1784653384
2026-07-21T17:04:04Z 1784653444
2026-07-21T17:05:04Z 1784653504
2026-07-21T17:06:04Z 1784653564
2026-07-21T17:07:04Z 1784653624
2026-07-21T17:08:04Z 1784653684
2026-07-21T17:09:04Z 1784653744
2026-07-21T17:10:04Z 1784653804
2026-07-21T17:11:04Z 1784653864
2026-07-21T17:12:04Z 1784653924
2026-07-21T17:13:04Z 1784653984
2026-07-21T17:14:04Z 1784654044
2026-07-21T17:15:04Z 1784654104
2026-07-21T17:16:04Z 1784654164
2026-07-21T17:17:04Z 1784654224
2026-07-21T17:18:04Z 1784654284
2026-07-21T17:19:04Z 1784654344
2026-07-21T17:20:04Z 1784654404
2026-07-21T17:21:04Z 1784654464
2026-07-21T17:22:04Z 1784654524
2026-07-21T17:23:04Z 1784654584
2026-07-21T17:24:04Z 1784654644
2026-07-21T17:25:04Z 1784654704
2026-07-21T17:26:04Z 1784654764
2026-07-21T17:27:04Z 1784654824
2026-07-21T17:28:04Z 1784654884
2026-07-21T17:29:04Z 1784654944
2026-07-21T17:30:04Z 1784655004
2026-07-21T17:31:04Z 1784655064
2026-07-21T17:32:04Z 1784655124
2026-07-21T17:33:04Z 1784655184
2026-07-21T17:34:04Z 1784655244
2026-07-21T17:35:04Z 1784655304
2026-07-21T17:36:04Z 1784655364
2026-07-21T17:37:04Z 1784655424
2026-07-21T17:38:04Z 1784655484
2026-07-21T17:39:04Z 1784655544
2026-07-21T17:40:04Z 1784655604
2026-07-21T17:41:04Z 1784655664
2026-07-21T17:42:04Z 1784655724
2026-07-21T17:43:04Z 1784655784
2026-07-21T17:44:04Z 1784655844
2026-07-21T17:45:04Z 1784655904
2026-07-21T17:46:04Z 1784655964
2026-07-21T17:47:04Z 1784656024
2026-07-21T17:48:04Z 1784656084
2026-07-21T17:49:04Z 1784656144
2026-07-21T17:50:04Z 1784656204
2026-07-21T17:51:04Z 1784656264
2026-07-21T17:52:04Z 1784656324
2026-07-21T17:53:04Z 1784656384
2026-07-21T17:54:04Z 1784656444
2026-07-21T17:55:04Z 1784656504
2026-07-21T17:56:04Z 1784656564
2026-07-21T17:57:04Z 1784656624
2026-07-21T17:58:04Z 1784656684
2026-07-21T17:59:04Z 1784656744
2026-07-21T18:00:04Z 1784656804
2026-07-21T18:01:04Z 1784656864
2026-07-21T18:02:04Z 1784656924
2026-07-21T18:03:04Z 1784656984
2026-07-21T18:04:04Z 1784657044
2026-07-21T18:05:04Z 1784657104
2026-07-21T18:06:04Z 1784657164
2026-07-21T18:07:04Z 1784657224
2026-07-21T18:08:04Z 1784657284
2026-07-21T18:09:04Z 1784657344
2026-07-21T18:10:04Z 1784657404
2026-07-21T18:11:04Z 1784657464
2026-07-21T18:12:04Z 1784657524
2026-07-21T18:13:04Z 1784657584
2026-07-21T18:14:04Z 1784657644
2026-07-21T18:15:04Z 1784657704
2026-07-21T18:16:04Z 1784657764
2026-07-21T18:17:04Z 1784657824
2026-07-21T18:18:04Z 1784657884
2026-07-21T18:19:04Z 1784657944
2026-07-21T18:20:04Z 1784658004
2026-07-21T18:21:04Z 1784658064
2026-07-21T18:22:04Z 1784658124
2026-07-21T18:23:04Z 1784658184
2026-07-21T18:24:04Z 1784658244
2026-07-21T18:25:04Z 1784658304
2026-07-21T18:26:04Z 1784658364
2026-07-21T18:27:04Z 1784658424
2026-07-21T18:28:04Z 1784658484
2026-07-21T18:29:04Z 1784658544
2026-07-21T18:30:04Z 1784658604
2026-07-21T18:31:04Z 1784658664
2026-07-21T18:32:04Z 1784658724
2026-07-21T18:33:04Z 1784658784
2026-07-21T18:34:04Z 1784658844
2026-07-21T18:35:04Z 1784658904
2026-07-21T18:36:04Z 1784658964
2026-07-21T18:37:04Z 1784659024
2026-07-21T18:38:04Z 1784659084
2026-07-21T18:39:04Z 1784659144
2026-07-21T18:40:04Z 1784659204
2026-07-21T18:41:04Z 1784659264
2026-07-21T18:42:04Z 1784659324
2026-07-21T18:43:04Z 1784659384
2026-07-21T18:44:04Z 1784659444
2026-07-21T18:45:04Z 1784659504
2026-07-21T18:46:04Z 1784659564
2026-07-21T18:47:04Z 1784659624
2026-07-21T18:48:04Z 1784659684
2026-07-21T18:49:04Z 1784659744
2026-07-21T18:50:04Z 1784659804
2026-07-21T18:51:04Z 1784659864
2026-07-21T18:52:04Z 1784659924
2026-07-21T18:53:04Z 1784659984
2026-07-21T18:54:04Z 1784660044
2026-07-21T18:55:04Z 1784660104
2026-07-21T18:56:04Z 1784660164
2026-07-21T18:57:04Z 1784660224
2026-07-21T18:58:04Z 1784660284
2026-07-21T18:59:04Z 1784660344
2026-07-21T19:00:04Z 1784660404
2026-07-21T19:01:04Z 1784660464
2026-07-21T19:02:04Z 1784660524
2026-07-21T19:03:04Z 1784660584
2026-07-21T19:04:04Z 1784660644
2026-07-21T19:05:04Z 1784660704
2026-07-21T19:06:04Z 1784660764
2026-07-21T19:07:04Z 1784660824
2026-07-21T19:08:04Z 1784660884
2026-07-21T19:09:04Z 1784660944
2026-07-21T19:10:04Z 1784661004
2026-07-21T19:11:04Z 1784661064
2026-07-21T19:12:04Z 1784661124
2026-07-21T19:13:04Z 1784661184
2026-07-21T19:14:04Z 1784661244
2026-07-21T19:15:04Z 1784661304
2026-07-21T19:16:04Z 1784661364
2026-07-21T19:17:04Z 1784661424
2026-07-21T19:18:04Z 1784661484
2026-07-21T19:19:04Z 1784661544
2026-07-21T19:20:04Z 1784661604
2026-07-21T19:21:04Z 1784661664
2026-07-21T19:22:04Z 1784661724
2026-07-21T19:23:04Z 1784661784
2026-07-21T19:24:04Z 1784661844
2026-07-21T19:25:04Z 1784661904
2026-07-21T19:26:04Z 1784661964
2026-07-21T19:27:04Z 1784662024
2026-07-21T19:28:04Z 1784662084
2026-07-21T19:29:04Z 1784662144
2026-07-21T19:30:04Z 1784662204
2026-07-21T19:31:04Z 1784662264
2026-07-21T19:32:04Z 1784662324
2026-07-21T19:33:04Z 1784662384
2026-07-21T19:34:04Z 1784662444
2026-07-21T19:35:04Z 1784662504
2026-07-21T19:36:04Z 1784662564
2026-07-21T19:37:04Z 1784662624
2026-07-21T19:38:04Z 1784662684
2026-07-21T19:39:04Z 1784662744
2026-07-21T19:40:04Z 1784662804
2026-07-21T19:41:04Z 1784662864
2026-07-21T19:42:04Z 1784662924
2026-07-21T19:43:04Z 1784662984
2026-07-21T19:44:04Z 1784663044
2026-07-21T19:45:04Z 1784663104
2026-07-21T19:46:04Z 1784663164
2026-07-21T19:47:04Z 1784663224
2026-07-21T19:48:04Z 1784663284
2026-07-21T19:49:04Z 1784663344
2026-07-21T19:50:04Z 1784663404
2026-07-21T19:51:04Z 1784663464
2026-07-21T19:52:04Z 1784663524
2026-07-21T19:53:04Z 1784663584
2026-07-21T19:54:04Z 1784663644
2026-07-21T19:55:04Z 1784663704
2026-07-21T19:56:04Z 1784663764
2026-07-21T19:57:04Z 1784663824
2026-07-21T19:58:04Z 1784663884
2026-07-21T19:59:04Z 1784663944
2026-07-21T20:00:04Z 1784664004
2026-07-21T20:01:04Z 1784664064
2026-07-21T20:02:04Z 1784664124
2026-07-21T20:03:04Z 1784664184
2026-07-21T20:04:04Z 1784664244
2026-07-21T20:05:04Z 1784664304
2026-07-21T20:06:04Z 1784664364
2026-07-21T20:07:04Z 1784664424
2026-07-21T20:08:04Z 1784664484
2026-07-21T20:09:04Z 1784664544
2026-07-21T20:10:04Z 1784664604
2026-07-21T20:11:04Z 1784664664
2026-07-21T20:12:04Z 1784664724
2026-07-21T20:13:04Z 1784664784
2026-07-21T20:14:04Z 1784664844
2026-07-21T20:15:04Z 1784664904
2026-07-21T20:16:04Z 1784664964
2026-07-21T20:17:04Z 1784665024
2026-07-21T20:18:04Z 1784665084
2026-07-21T20:19:04Z 1784665144
2026-07-21T20:20:04Z 1784665204
2026-07-21T20:21:04Z 1784665264
2026-07-21T20:22:04Z 1784665324
2026-07-21T20:23:04Z 1784665384
2026-07-21T20:24:04Z 1784665444
2026-07-21T20:25:04Z 1784665504
2026-07-21T20:26:04Z 1784665564
2026-07-21T20:27:04Z 1784665624
2026-07-21T20:28:04Z 1784665684
2026-07-21T20:29:04Z 1784665744
2026-07-21T20:30:04Z 1784665804
2026-07-21T20:31:04Z 1784665864
2026-07-21T20:32:04Z 1784665924
2026-07-21T20:33:04Z 1784665984
2026-07-21T20:34:04Z 1784666044
2026-07-21T20:35:04Z 1784666104
2026-07-21T20:36:04Z 1784666164
2026-07-21T20:37:04Z 1784666224
2026-07-21T20:38:04Z 1784666284
2026-07-21T20:39:04Z 1784666344
2026-07-21T20:40:04Z 1784666404
2026-07-21T20:41:04Z 1784666464
2026-07-21T20:42:04Z 1784666524
2026-07-21T20:43:04Z 1784666584
2026-07-21T20:44:04Z 1784666644
2026-07-21T20:45:04Z 1784666704
2026-07-21T20:46:04Z 1784666764
2026-07-21T20:47:04Z 1784666824
2026-07-21T20:48:04Z 1784666884
2026-07-21T20:49:04Z 1784666944
2026-07-21T20:50:04Z 1784667004
2026-07-21T20:51:04Z 1784667064
2026-07-21T20:52:04Z 1784667124
2026-07-21T20:53:04Z 1784667184
2026-07-21T20:54:04Z 1784667244
2026-07-21T20:55:04Z 1784667304
2026-07-21T20:56:04Z 1784667364
2026-07-21T20:57:04Z 1784667424
2026-07-21T20:58:04Z 1784667484
2026-07-21T20:59:04Z 1784667544
2026-07-21T21:00:04Z 1784667604
2026-07-21T21:01:04Z 1784667664
2026-07-21T21:02:04Z 1784667724
2026-07-21T21:03:04Z 1784667784
2026-07-21T21:04:04Z 1784667844
2026-07-21T21:05:04Z 1784667904
2026-07-21T21:06:04Z 1784667964
2026-07-21T21:07:04Z 1784668024
2026-07-21T21:08:04Z 1784668084
2026-07-21T21:09:04Z 1784668144
2026-07-21T21:10:04Z 1784668204
2026-07-21T21:11:04Z 1784668264
2026-07-21T21:12:04Z 1784668324
2026-07-21T21:13:04Z 1784668384
2026-07-21T21:14:04Z 1784668444
2026-07-21T21:15:04Z 1784668504
2026-07-21T21:16:04Z 1784668564
2026-07-21T21:17:04Z 1784668624
2026-07-21T21:18:04Z 1784668684
2026-07-21T21:19:04Z 1784668744
2026-07-21T21:20:04Z 1784668804
2026-07-21T21:21:04Z 1784668864
2026-07-21T21:22:04Z 1784668924
2026-07-21T21:23:04Z 1784668984
2026-07-21T21:24:04Z 1784669044
2026-07-21T21:25:04Z 1784669104
2026-07-21T21:26:04Z 1784669164
2026-07-21T21:27:04Z 1784669224
2026-07-21T21:28:04Z 1784669284
2026-07-21T21:29:04Z 1784669344
2026-07-21T21:30:04Z 1784669404
2026-07-21T21:31:04Z 1784669464
2026-07-21T21:32:04Z 1784669524
2026-07-21T21:33:04Z 1784669584
2026-07-21T21:34:04Z 1784669644
2026-07-21T21:35:04Z 1784669704
2026-07-21T21:36:04Z 1784669764
2026-07-21T21:37:04Z 1784669824
2026-07-21T21:38:04Z 1784669884
2026-07-21T21:39:04Z 1784669944
2026-07-21T21:40:04Z 1784670004
2026-07-21T21:41:04Z 1784670064
2026-07-21T21:42:04Z 1784670124
2026-07-21T21:43:04Z 1784670184
2026-07-21T21:44:04Z 1784670244
2026-07-21T21:45:04Z 1784670304
2026-07-21T21:46:04Z 1784670364
2026-07-21T21:47:04Z 1784670424
2026-07-21T21:48:04Z 1784670484
2026-07-21T21:49:04Z 1784670544
2026-07-21T21:50:04Z 1784670604
2026-07-21T21:51:04Z 1784670664
2026-07-21T21:52:04Z 1784670724
2026-07-21T21:53:04Z 1784670784
2026-07-21T21:54:04Z 1784670844
2026-07-21T21:55:04Z 1784670904
2026-07-21T21:56:04Z 1784670964
2026-07-21T21:57:04Z 1784671024
2026-07-21T21:58:04Z 1784671084
2026-07-21T21:59:04Z 1784671144
2026-07-21T22:00:04Z 1784671204
2026-07-21T22:01:04Z 1784671264
2026-07-21T22:02:04Z 1784671324
2026-07-21T22:03:04Z 1784671384
2026-07-21T22:04:04Z 1784671444
2026-07-21T22:05:04Z 1784671504
2026-07-21T22:06:04Z 1784671564
2026-07-21T22:07:04Z 1784671624
2026-07-21T22:08:04Z 1784671684
2026-07-21T22:09:04Z 1784671744
2026-07-21T22:10:04Z 1784671804
2026-07-21T22:11:04Z 1784671864
2026-07-21T22:12:04Z 1784671924
2026-07-21T22:13:04Z 1784671984
2026-07-21T22:14:04Z 1784672044
2026-07-21T22:15:04Z 1784672104
2026-07-21T22:16:04Z 1784672164
2026-07-21T22:17:04Z 1784672224
2026-07-21T22:18:04Z 1784672284
2026-07-21T22:19:04Z 1784672344
2026-07-21T22:20:04Z 1784672404
2026-07-21T22:21:04Z 1784672464
2026-07-21T22:22:04Z 1784672524
2026-07-21T22:23:04Z 1784672584
2026-07-21T22:24:04Z 1784672644
2026-07-21T22:25:04Z 1784672704
2026-07-21T22:26:04Z 1784672764
2026-07-21T22:27:04Z 1784672824
2026-07-21T22:28:04Z 1784672884
2026-07-21T22:29:04Z 1784672944
2026-07-21T22:30:04Z 1784673004
2026-07-21T22:31:04Z 1784673064
2026-07-21T22:32:04Z 1784673124
2026-07-21T22:33:04Z 1784673184
2026-07-21T22:34:04Z 1784673244
2026-07-21T22:35:04Z 1784673304
2026-07-21T22:36:04Z 1784673364
2026-07-21T22:37:04Z 1784673424
2026-07-21T22:38:04Z 1784673484
2026-07-21T22:39:04Z 1784673544
2026-07-21T22:40:04Z 1784673604
2026-07-21T22:41:04Z 1784673664
2026-07-21T22:42:04Z 1784673724
2026-07-21T22:43:04Z 1784673784
2026-07-21T22:44:04Z 1784673844
2026-07-21T22:45:04Z 1784673904
2026-07-21T22:46:04Z 1784673964
2026-07-21T22:47:04Z 1784674024
2026-07-21T22:48:04Z 1784674084
2026-07-21T22:49:04Z 1784674144
2026-07-21T22:50:04Z 1784674204
2026-07-21T22:51:04Z 1784674264
2026-07-21T22:52:04Z 1784674324
2026-07-21T22:53:04Z 1784674384
2026-07-21T22:54:04Z 1784674444
2026-07-21T22:55:04Z 1784674504
2026-07-21T22:56:04Z 1784674564
2026-07-21T22:57:04Z 1784674624
2026-07-21T22:58:04Z 1784674684
2026-07-21T22:59:04Z 1784674744
2026-07-21T23:00:04Z 1784674804
2026-07-21T23:01:04Z 1784674864
2026-07-21T23:02:04Z 1784674924
2026-07-21T23:03:04Z 1784674984
2026-07-21T23:04:04Z 1784675044
2026-07-21T23:05:04Z 1784675104
2026-07-21T23:06:04Z 1784675164
2026-07-21T23:07:04Z 1784675224
2026-07-21T23:08:04Z 1784675284
2026-07-21T23:09:04Z 1784675344
2026-07-21T23:10:04Z 1784675404
2026-07-21T23:11:04Z 1784675464
2026-07-21T23:12:04Z 1784675524
2026-07-21T23:13:04Z 1784675584
2026-07-21T23:14:04Z 1784675644
2026-07-21T23:15:04Z 1784675704
2026-07-21T23:16:04Z 1784675764
2026-07-21T23:17:04Z 1784675824
2026-07-21T23:18:04Z 1784675884
2026-07-21T23:19:04Z 1784675944
2026-07-21T23:20:04Z 1784676004
2026-07-21T23:21:04Z 1784676064
2026-07-21T23:22:04Z 1784676124
2026-07-21T23:23:04Z 1784676184
2026-07-21T23:24:04Z 1784676244
2026-07-21T23:25:04Z 1784676304
2026-07-21T23:26:04Z 1784676364
2026-07-21T23:27:04Z 1784676424
2026-07-21T23:28:04Z 1784676484
2026-07-21T23:29:04Z 1784676544
2026-07-21T23:30:04Z 1784676604
2026-07-21T23:31:04Z 1784676664
2026-07-21T23:32:04Z 1784676724
2026-07-21T23:33:04Z 1784676784
2026-07-21T23:34:04Z 1784676844
2026-07-21T23:35:04Z 1784676904
2026-07-21T23:36:04Z 1784676964
2026-07-21T23:37:04Z 1784677024
2026-07-21T23:38:04Z 1784677084
2026-07-21T23:39:04Z 1784677144
2026-07-21T23:40:04Z 1784677204
2026-07-21T23:41:04Z 1784677264
2026-07-21T23:42:04Z 1784677324
2026-07-21T23:43:04Z 1784677384
2026-07-21T23:44:04Z 1784677444
2026-07-21T23:45:04Z 1784677504
2026-07-21T23:46:04Z 1784677564
2026-07-21T23:47:04Z 1784677624
2026-07-21T23:48:04Z 1784677684
2026-07-21T23:49:04Z 1784677744
2026-07-21T23:50:04Z 1784677804
2026-07-21T23:51:04Z 1784677864
2026-07-21T23:52:04Z 1784677924
2026-07-21T23:53:04Z 1784677984
2026-07-21T23:54:04Z 1784678044
2026-07-21T23:55:04Z 1784678104
2026-07-21T23:56:04Z 1784678164
2026-07-21T23:57:04Z 1784678224
2026-07-21T23:58:04Z 1784678284
2026-07-21T23:59:04Z 1784678344
2026-07-22T00:00:04Z 1784678404
2026-07-22T00:01:04Z 1784678464
2026-07-22T00:02:04Z 1784678524
2026-07-22T00:03:04Z 1784678584
2026-07-22T00:04:04Z 1784678644
2026-07-22T00:05:04Z 1784678704
2026-07-22T00:06:04Z 1784678764
2026-07-22T00:07:04Z 1784678824
2026-07-22T00:08:04Z 1784678884
2026-07-22T00:09:04Z 1784678944
2026-07-22T00:10:04Z 1784679004
2026-07-22T00:11:04Z 1784679064
2026-07-22T00:12:04Z 1784679124
2026-07-22T00:13:04Z 1784679184
2026-07-22T00:14:04Z 1784679244
2026-07-22T00:15:04Z 1784679304
2026-07-22T00:16:04Z 1784679364
2026-07-22T00:17:04Z 1784679424
2026-07-22T00:18:04Z 1784679484
2026-07-22T00:19:04Z 1784679544
2026-07-22T00:20:04Z 1784679604
2026-07-22T00:21:04Z 1784679664
2026-07-22T00:22:04Z 1784679724
2026-07-22T00:23:04Z 1784679784
2026-07-22T00:24:04Z 1784679844
2026-07-22T00:25:04Z 1784679904
2026-07-22T00:26:04Z 1784679964
2026-07-22T00:27:04Z 1784680024
2026-07-22T00:28:04Z 1784680084
2026-07-22T00:29:04Z 1784680144
2026-07-22T00:30:04Z 1784680204
2026-07-22T00:31:04Z 1784680264
2026-07-22T00:32:04Z 1784680324
2026-07-22T00:33:04Z 1784680384
2026-07-22T00:34:04Z 1784680444
2026-07-22T00:35:04Z 1784680504
2026-07-22T00:36:04Z 1784680564
2026-07-22T00:37:04Z 1784680624
2026-07-22T00:38:04Z 1784680684
2026-07-22T00:39:04Z 1784680744
2026-07-22T00:40:04Z 1784680804
2026-07-22T00:41:04Z 1784680864
2026-07-22T00:42:04Z 1784680924
2026-07-22T00:43:04Z 1784680984
2026-07-22T00:44:04Z 1784681044
2026-07-22T00:45:04Z 1784681104
2026-07-22T00:46:04Z 1784681164
2026-07-22T00:47:04Z 1784681224
2026-07-22T00:48:04Z 1784681284
2026-07-22T00:49:04Z 1784681344
2026-07-22T00:50:04Z 1784681404
2026-07-22T00:51:04Z 1784681464
2026-07-22T00:52:04Z 1784681524
2026-07-22T00:53:04Z 1784681584
2026-07-22T00:54:04Z 1784681644
2026-07-22T00:55:04Z 1784681704
2026-07-22T00:56:04Z 1784681764
2026-07-22T00:57:04Z 1784681824
2026-07-22T00:58:04Z 1784681884
2026-07-22T00:59:04Z 1784681944
2026-07-22T01:00:04Z 1784682004
2026-07-22T01:01:04Z 1784682064
2026-07-22T01:02:04Z 1784682124
2026-07-22T01:03:04Z 1784682184
2026-07-22T01:04:04Z 1784682244
2026-07-22T01:05:04Z 1784682304
2026-07-22T01:06:04Z 1784682364
2026-07-22T01:07:04Z 1784682424
2026-07-22T01:08:04Z 1784682484
2026-07-22T01:09:04Z 1784682544
2026-07-22T01:10:04Z 1784682604
2026-07-22T01:11:04Z 1784682664
2026-07-22T01:12:04Z 1784682724
2026-07-22T01:13:04Z 1784682784
2026-07-22T01:14:04Z 1784682844
2026-07-22T01:15:04Z 1784682904
2026-07-22T01:16:04Z 1784682964
2026-07-22T01:17:04Z 1784683024
2026-07-22T01:18:04Z 1784683084
2026-07-22T01:19:04Z 1784683144
2026-07-22T01:20:04Z 1784683204
2026-07-22T01:21:04Z 1784683264
2026-07-22T01:22:04Z 1784683324
2026-07-22T01:23:04Z 1784683384
2026-07-22T01:24:04Z 1784683444
2026-07-22T01:25:04Z 1784683504
2026-07-22T01:26:04Z 1784683564
2026-07-22T01:27:04Z 1784683624
2026-07-22T01:28:04Z 1784683684
2026-07-22T01:29:04Z 1784683744
2026-07-22T01:30:04Z 1784683804
2026-07-22T01:31:04Z 1784683864
2026-07-22T01:32:04Z 1784683924
2026-07-22T01:33:04Z 1784683984
2026-07-22T01:34:04Z 1784684044
2026-07-22T01:35:04Z 1784684104
2026-07-22T01:36:04Z 1784684164
2026-07-22T01:37:04Z 1784684224
2026-07-22T01:38:04Z 1784684284
2026-07-22T01:39:04Z 1784684344
2026-07-22T01:40:04Z 1784684404
2026-07-22T01:41:04Z 1784684464
2026-07-22T01:42:04Z 1784684524
2026-07-22T01:43:04Z 1784684584
2026-07-22T01:44:04Z 1784684644
2026-07-22T01:45:04Z 1784684704
2026-07-22T01:46:00Z 1784684760
2026-07-22T01:47:04Z 1784684824
2026-07-22T01:48:04Z 1784684884
2026-07-22T01:49:04Z 1784684944
2026-07-22T01:50:04Z 1784685004
2026-07-22T01:51:04Z 1784685064
2026-07-22T01:52:04Z 1784685124
2026-07-22T01:53:04Z 1784685184
2026-07-22T01:54:04Z 1784685244
2026-07-22T01:55:04Z 1784685304
2026-07-22T01:56:04Z 1784685364
2026-07-22T01:57:04Z 1784685424
2026-07-22T01:58:04Z 1784685484
2026-07-22T01:59:04Z 1784685544
2026-07-22T02:00:04Z 1784685604
2026-07-22T02:01:04Z 1784685664
2026-07-22T02:02:04Z 1784685724
2026-07-22T02:03:04Z 1784685784
2026-07-22T02:04:04Z 1784685844
2026-07-22T02:05:04Z 1784685904
2026-07-22T02:06:04Z 1784685964
2026-07-22T02:07:04Z 1784686024
2026-07-22T02:08:04Z 1784686084
2026-07-22T02:09:04Z 1784686144
2026-07-22T02:10:04Z 1784686204
2026-07-22T02:11:04Z 1784686264
2026-07-22T02:12:04Z 1784686324
2026-07-22T02:13:04Z 1784686384
2026-07-22T02:14:04Z 1784686444
2026-07-22T02:15:04Z 1784686504
2026-07-22T02:16:04Z 1784686564
2026-07-22T02:17:04Z 1784686624
2026-07-22T02:18:04Z 1784686684
2026-07-22T02:19:04Z 1784686744
2026-07-22T02:20:04Z 1784686804
2026-07-22T02:21:04Z 1784686864
2026-07-22T02:22:04Z 1784686924
2026-07-22T02:23:04Z 1784686984
2026-07-22T02:24:04Z 1784687044
2026-07-22T02:25:04Z 1784687104
2026-07-22T02:26:04Z 1784687164
2026-07-22T02:27:04Z 1784687224
2026-07-22T02:28:04Z 1784687284
2026-07-22T02:29:04Z 1784687344
2026-07-22T02:30:04Z 1784687404
2026-07-22T02:31:04Z 1784687464
2026-07-22T02:32:04Z 1784687524
2026-07-22T02:33:04Z 1784687584
2026-07-22T02:34:04Z 1784687644
2026-07-22T02:35:04Z 1784687704
2026-07-22T02:36:04Z 1784687764
2026-07-22T02:37:04Z 1784687824
2026-07-22T02:38:04Z 1784687884
2026-07-22T02:39:04Z 1784687944
2026-07-22T02:40:04Z 1784688004
2026-07-22T02:41:04Z 1784688064
2026-07-22T02:42:04Z 1784688124
2026-07-22T02:43:04Z 1784688184
2026-07-22T02:44:04Z 1784688244
2026-07-22T02:45:04Z 1784688304
2026-07-22T02:46:04Z 1784688364
2026-07-22T02:47:04Z 1784688424
2026-07-22T02:48:04Z 1784688484
2026-07-22T02:49:04Z 1784688544
2026-07-22T02:50:04Z 1784688604
2026-07-22T02:51:04Z 1784688664
2026-07-22T02:52:04Z 1784688724
2026-07-22T02:53:04Z 1784688784
2026-07-22T02:54:04Z 1784688844
2026-07-22T02:55:04Z 1784688904
2026-07-22T02:56:04Z 1784688964
2026-07-22T02:57:04Z 1784689024
2026-07-22T02:58:04Z 1784689084
2026-07-22T02:59:04Z 1784689144
2026-07-22T03:00:04Z 1784689204
2026-07-22T03:01:04Z 1784689264
2026-07-22T03:02:04Z 1784689324
2026-07-22T03:03:04Z 1784689384
2026-07-22T03:04:04Z 1784689444
2026-07-22T03:05:04Z 1784689504
2026-07-22T03:06:04Z 1784689564
2026-07-22T03:07:04Z 1784689624
2026-07-22T03:08:04Z 1784689684
2026-07-22T03:09:04Z 1784689744
2026-07-22T03:10:04Z 1784689804
2026-07-22T03:11:04Z 1784689864
2026-07-22T03:12:04Z 1784689924
2026-07-22T03:13:04Z 1784689984
2026-07-22T03:14:04Z 1784690044
2026-07-22T03:15:04Z 1784690104
2026-07-22T03:16:04Z 1784690164
2026-07-22T03:17:04Z 1784690224
2026-07-22T03:18:04Z 1784690284
2026-07-22T03:19:04Z 1784690344
2026-07-22T03:20:04Z 1784690404
2026-07-22T03:21:04Z 1784690464
2026-07-22T03:22:04Z 1784690524
2026-07-22T03:23:04Z 1784690584
2026-07-22T03:24:04Z 1784690644
2026-07-22T03:25:04Z 1784690704
2026-07-22T03:26:04Z 1784690764
2026-07-22T03:27:04Z 1784690824
2026-07-22T03:28:04Z 1784690884
2026-07-22T03:29:04Z 1784690944
2026-07-22T03:30:04Z 1784691004
2026-07-22T03:31:04Z 1784691064
2026-07-22T03:32:04Z 1784691124
2026-07-22T03:33:04Z 1784691184
2026-07-22T03:34:04Z 1784691244
2026-07-22T03:35:04Z 1784691304
2026-07-22T03:36:04Z 1784691364
2026-07-22T03:37:04Z 1784691424
2026-07-22T03:38:04Z 1784691484
2026-07-22T03:39:04Z 1784691544
2026-07-22T03:40:04Z 1784691604
2026-07-22T03:41:04Z 1784691664
2026-07-22T03:42:04Z 1784691724
2026-07-22T03:43:04Z 1784691784
2026-07-22T03:44:04Z 1784691844
2026-07-22T03:45:04Z 1784691904
2026-07-22T03:46:04Z 1784691964
2026-07-22T03:47:04Z 1784692024
2026-07-22T03:48:04Z 1784692084
2026-07-22T03:49:04Z 1784692144
2026-07-22T03:50:04Z 1784692204
2026-07-22T03:51:04Z 1784692264
2026-07-22T03:52:04Z 1784692324
2026-07-22T03:53:04Z 1784692384
2026-07-22T03:54:04Z 1784692444
2026-07-22T03:55:04Z 1784692504
2026-07-22T03:56:04Z 1784692564
2026-07-22T03:57:04Z 1784692624
2026-07-22T03:58:04Z 1784692684
2026-07-22T03:59:04Z 1784692744
2026-07-22T04:00:04Z 1784692804
2026-07-22T04:01:04Z 1784692864
2026-07-22T04:02:04Z 1784692924
2026-07-22T04:03:04Z 1784692984
2026-07-22T04:04:04Z 1784693044
2026-07-22T04:05:04Z 1784693104
2026-07-22T04:06:04Z 1784693164
2026-07-22T04:07:04Z 1784693224
2026-07-22T04:08:04Z 1784693284
2026-07-22T04:09:04Z 1784693344
2026-07-22T04:10:04Z 1784693404
2026-07-22T04:11:04Z 1784693464
2026-07-22T04:12:04Z 1784693524
2026-07-22T04:13:04Z 1784693584
2026-07-22T04:14:04Z 1784693644
2026-07-22T04:15:04Z 1784693704
2026-07-22T04:16:04Z 1784693764
2026-07-22T04:17:04Z 1784693824
2026-07-22T04:18:04Z 1784693884
2026-07-22T04:19:04Z 1784693944
2026-07-22T04:20:04Z 1784694004
2026-07-22T04:21:04Z 1784694064
2026-07-22T04:22:04Z 1784694124
2026-07-22T04:23:04Z 1784694184
2026-07-22T04:24:04Z 1784694244
2026-07-22T04:25:04Z 1784694304
2026-07-22T04:26:04Z 1784694364
2026-07-22T04:27:04Z 1784694424
2026-07-22T04:28:04Z 1784694484
2026-07-22T04:29:04Z 1784694544
2026-07-22T04:30:04Z 1784694604
2026-07-22T04:31:04Z 1784694664
2026-07-22T04:32:04Z 1784694724
2026-07-22T04:33:04Z 1784694784
2026-07-22T04:34:04Z 1784694844
2026-07-22T04:35:04Z 1784694904
2026-07-22T04:36:04Z 1784694964
2026-07-22T04:37:04Z 1784695024
2026-07-22T04:38:04Z 1784695084
2026-07-22T04:39:04Z 1784695144
2026-07-22T04:40:04Z 1784695204
2026-07-22T04:41:04Z 1784695264
2026-07-22T04:42:04Z 1784695324
2026-07-22T04:43:04Z 1784695384
2026-07-22T04:44:04Z 1784695444
2026-07-22T04:45:04Z 1784695504
2026-07-22T04:46:04Z 1784695564
2026-07-22T04:47:04Z 1784695624
2026-07-22T04:48:04Z 1784695684
2026-07-22T04:49:04Z 1784695744
2026-07-22T04:50:04Z 1784695804
2026-07-22T04:51:04Z 1784695864
2026-07-22T04:52:04Z 1784695924
2026-07-22T04:53:04Z 1784695984
2026-07-22T04:54:04Z 1784696044
2026-07-22T04:55:04Z 1784696104
2026-07-22T04:56:04Z 1784696164
2026-07-22T04:57:04Z 1784696224
2026-07-22T04:58:04Z 1784696284
2026-07-22T04:59:04Z 1784696344
2026-07-22T05:00:04Z 1784696404
2026-07-22T05:01:04Z 1784696464
2026-07-22T05:02:04Z 1784696524
2026-07-22T05:03:04Z 1784696584
2026-07-22T05:04:04Z 1784696644
2026-07-22T05:05:04Z 1784696704
2026-07-22T05:06:04Z 1784696764
2026-07-22T05:07:04Z 1784696824
2026-07-22T05:08:04Z 1784696884
2026-07-22T05:09:04Z 1784696944
2026-07-22T05:10:04Z 1784697004
2026-07-22T05:11:04Z 1784697064
2026-07-22T05:12:04Z 1784697124
2026-07-22T05:13:04Z 1784697184
2026-07-22T05:14:04Z 1784697244
2026-07-22T05:15:04Z 1784697304
2026-07-22T05:16:04Z 1784697364
2026-07-22T05:17:04Z 1784697424
2026-07-22T05:18:04Z 1784697484
2026-07-22T05:19:04Z 1784697544
2026-07-22T05:20:04Z 1784697604
2026-07-22T05:21:04Z 1784697664
2026-07-22T05:22:04Z 1784697724
2026-07-22T05:23:04Z 1784697784
2026-07-22T05:24:04Z 1784697844
2026-07-22T05:25:04Z 1784697904
2026-07-22T05:26:04Z 1784697964
2026-07-22T05:27:04Z 1784698024
2026-07-22T05:28:04Z 1784698084
2026-07-22T05:29:04Z 1784698144
2026-07-22T05:30:04Z 1784698204
2026-07-22T05:31:04Z 1784698264
2026-07-22T05:32:04Z 1784698324
2026-07-22T05:33:04Z 1784698384
2026-07-22T05:34:04Z 1784698444
2026-07-22T05:35:04Z 1784698504
2026-07-22T05:36:04Z 1784698564
2026-07-22T05:37:04Z 1784698624
2026-07-22T05:38:04Z 1784698684
2026-07-22T05:39:04Z 1784698744
2026-07-22T05:40:04Z 1784698804
2026-07-22T05:41:04Z 1784698864
2026-07-22T05:42:04Z 1784698924
2026-07-22T05:43:04Z 1784698984
2026-07-22T05:44:04Z 1784699044
2026-07-22T05:45:04Z 1784699104
2026-07-22T05:46:04Z 1784699164
2026-07-22T05:47:04Z 1784699224
2026-07-22T05:48:04Z 1784699284
2026-07-22T05:49:04Z 1784699344
2026-07-22T05:50:04Z 1784699404
2026-07-22T05:51:04Z 1784699464
2026-07-22T05:52:04Z 1784699524
2026-07-22T05:53:04Z 1784699584
2026-07-22T05:54:04Z 1784699644
2026-07-22T05:55:04Z 1784699704
2026-07-22T05:56:04Z 1784699764
2026-07-22T05:57:04Z 1784699824
2026-07-22T05:58:04Z 1784699884
2026-07-22T05:59:04Z 1784699944
2026-07-22T06:00:04Z 1784700004
2026-07-22T06:01:04Z 1784700064
2026-07-22T06:02:04Z 1784700124
2026-07-22T06:03:04Z 1784700184
2026-07-22T06:04:04Z 1784700244
2026-07-22T06:05:04Z 1784700304
2026-07-22T06:06:04Z 1784700364
2026-07-22T06:07:04Z 1784700424
2026-07-22T06:08:04Z 1784700484
2026-07-22T06:09:04Z 1784700544
2026-07-22T06:10:04Z 1784700604
2026-07-22T06:11:04Z 1784700664
2026-07-22T06:12:04Z 1784700724
2026-07-22T06:13:04Z 1784700784
2026-07-22T06:14:04Z 1784700844
2026-07-22T06:15:04Z 1784700904
2026-07-22T06:16:04Z 1784700964
2026-07-22T06:17:04Z 1784701024
2026-07-22T06:18:04Z 1784701084
2026-07-22T06:19:04Z 1784701144
2026-07-22T06:20:04Z 1784701204
2026-07-22T06:21:04Z 1784701264
2026-07-22T06:22:04Z 1784701324
2026-07-22T06:23:04Z 1784701384
2026-07-22T06:24:04Z 1784701444
2026-07-22T06:25:04Z 1784701504
2026-07-22T06:26:04Z 1784701564
2026-07-22T06:27:04Z 1784701624
2026-07-22T06:28:04Z 1784701684
2026-07-22T06:29:04Z 1784701744
2026-07-22T06:30:04Z 1784701804
2026-07-22T06:31:04Z 1784701864
2026-07-22T06:32:04Z 1784701924
2026-07-22T06:33:04Z 1784701984
2026-07-22T06:34:04Z 1784702044
2026-07-22T06:35:04Z 1784702104
2026-07-22T06:36:04Z 1784702164
2026-07-22T06:37:04Z 1784702224
2026-07-22T06:38:04Z 1784702284
2026-07-22T06:39:04Z 1784702344
2026-07-22T06:40:04Z 1784702404
2026-07-22T06:41:04Z 1784702464
2026-07-22T06:42:04Z 1784702524
2026-07-22T06:43:04Z 1784702584
2026-07-22T06:44:04Z 1784702644
2026-07-22T06:45:04Z 1784702704
2026-07-22T06:46:04Z 1784702764
2026-07-22T06:47:04Z 1784702824
2026-07-22T06:48:04Z 1784702884
2026-07-22T06:49:04Z 1784702944
2026-07-22T06:50:04Z 1784703004
2026-07-22T06:51:04Z 1784703064
2026-07-22T06:52:04Z 1784703124
2026-07-22T06:53:04Z 1784703184
2026-07-22T06:54:04Z 1784703244
2026-07-22T06:55:04Z 1784703304
2026-07-22T06:56:04Z 1784703364
2026-07-22T06:57:04Z 1784703424
2026-07-22T06:58:04Z 1784703484
2026-07-22T06:59:04Z 1784703544
2026-07-22T07:00:04Z 1784703604
2026-07-22T07:01:04Z 1784703664
2026-07-22T07:02:04Z 1784703724
2026-07-22T07:03:04Z 1784703784
2026-07-22T07:04:04Z 1784703844
2026-07-22T07:05:04Z 1784703904
2026-07-22T07:06:04Z 1784703964
2026-07-22T07:07:04Z 1784704024
2026-07-22T07:08:04Z 1784704084
2026-07-22T07:09:04Z 1784704144
2026-07-22T07:10:04Z 1784704204
2026-07-22T07:11:04Z 1784704264
2026-07-22T07:12:04Z 1784704324
2026-07-22T07:13:04Z 1784704384
2026-07-22T07:14:04Z 1784704444
2026-07-22T07:15:04Z 1784704504
2026-07-22T07:16:04Z 1784704564
2026-07-22T07:17:04Z 1784704624
2026-07-22T07:18:04Z 1784704684
2026-07-22T07:19:04Z 1784704744
2026-07-22T07:20:04Z 1784704804
2026-07-22T07:21:04Z 1784704864
2026-07-22T07:22:04Z 1784704924
2026-07-22T07:23:04Z 1784704984
2026-07-22T07:24:04Z 1784705044
2026-07-22T07:25:04Z 1784705104
2026-07-22T07:26:04Z 1784705164
2026-07-22T07:27:04Z 1784705224
2026-07-22T07:28:04Z 1784705284
2026-07-22T07:29:04Z 1784705344
2026-07-22T07:30:04Z 1784705404
2026-07-22T07:31:04Z 1784705464
2026-07-22T07:32:04Z 1784705524
2026-07-22T07:33:04Z 1784705584
2026-07-22T07:34:04Z 1784705644
2026-07-22T07:35:04Z 1784705704
2026-07-22T07:36:04Z 1784705764
2026-07-22T07:37:04Z 1784705824
2026-07-22T07:38:04Z 1784705884
2026-07-22T07:39:04Z 1784705944
2026-07-22T07:40:04Z 1784706004
2026-07-22T07:41:04Z 1784706064
2026-07-22T07:42:04Z 1784706124
2026-07-22T07:43:04Z 1784706184
2026-07-22T07:44:04Z 1784706244
2026-07-22T07:45:04Z 1784706304
2026-07-22T07:46:04Z 1784706364
2026-07-22T07:47:04Z 1784706424
2026-07-22T07:48:04Z 1784706484
2026-07-22T07:49:04Z 1784706544
2026-07-22T07:50:04Z 1784706604
2026-07-22T07:51:04Z 1784706664
2026-07-22T07:52:04Z 1784706724
2026-07-22T07:53:04Z 1784706784
2026-07-22T07:54:04Z 1784706844
2026-07-22T07:55:04Z 1784706904
2026-07-22T07:56:04Z 1784706964
2026-07-22T07:57:04Z 1784707024
2026-07-22T07:58:04Z 1784707084
2026-07-22T07:59:04Z 1784707144
2026-07-22T08:00:04Z 1784707204
2026-07-22T08:01:04Z 1784707264
2026-07-22T08:02:04Z 1784707324
2026-07-22T08:03:04Z 1784707384
2026-07-22T08:04:04Z 1784707444
2026-07-22T08:05:04Z 1784707504
2026-07-22T08:06:04Z 1784707564
2026-07-22T08:07:04Z 1784707624
2026-07-22T08:08:04Z 1784707684
2026-07-22T08:09:04Z 1784707744
2026-07-22T08:10:04Z 1784707804
2026-07-22T08:11:04Z 1784707864
2026-07-22T08:12:04Z 1784707924
2026-07-22T08:13:04Z 1784707984
2026-07-22T08:14:04Z 1784708044
2026-07-22T08:15:04Z 1784708104
2026-07-22T08:16:04Z 1784708164
2026-07-22T08:17:04Z 1784708224
2026-07-22T08:18:04Z 1784708284
2026-07-22T08:19:04Z 1784708344
2026-07-22T08:20:04Z 1784708404
2026-07-22T08:21:04Z 1784708464
2026-07-22T08:22:04Z 1784708524
2026-07-22T08:23:04Z 1784708584
2026-07-22T08:24:04Z 1784708644
2026-07-22T08:25:04Z 1784708704
2026-07-22T08:26:04Z 1784708764
2026-07-22T08:27:04Z 1784708824
2026-07-22T08:28:04Z 1784708884
2026-07-22T08:29:04Z 1784708944
2026-07-22T08:30:04Z 1784709004
2026-07-22T08:31:04Z 1784709064
2026-07-22T08:32:04Z 1784709124
2026-07-22T08:33:04Z 1784709184
2026-07-22T08:34:04Z 1784709244
2026-07-22T08:35:04Z 1784709304
2026-07-22T08:36:04Z 1784709364
2026-07-22T08:37:04Z 1784709424
2026-07-22T08:38:04Z 1784709484
2026-07-22T08:39:04Z 1784709544
2026-07-22T08:40:04Z 1784709604
2026-07-22T08:41:04Z 1784709664
2026-07-22T08:42:04Z 1784709724
2026-07-22T08:43:04Z 1784709784
2026-07-22T08:44:04Z 1784709844
2026-07-22T08:45:04Z 1784709904
2026-07-22T08:46:04Z 1784709964
2026-07-22T08:47:04Z 1784710024
2026-07-22T08:48:04Z 1784710084
2026-07-22T08:49:04Z 1784710144
2026-07-22T08:50:04Z 1784710204
2026-07-22T08:51:04Z 1784710264
2026-07-22T08:52:04Z 1784710324
2026-07-22T08:53:04Z 1784710384
2026-07-22T08:54:04Z 1784710444
2026-07-22T08:55:04Z 1784710504
2026-07-22T08:56:04Z 1784710564
2026-07-22T08:57:04Z 1784710624
2026-07-22T08:58:04Z 1784710684
2026-07-22T08:59:04Z 1784710744
2026-07-22T09:00:04Z 1784710804
2026-07-22T09:01:04Z 1784710864
2026-07-22T09:02:04Z 1784710924
2026-07-22T09:03:04Z 1784710984
2026-07-22T09:04:04Z 1784711044
2026-07-22T09:05:04Z 1784711104
2026-07-22T09:06:04Z 1784711164
2026-07-22T09:07:04Z 1784711224
2026-07-22T09:08:04Z 1784711284
2026-07-22T09:09:04Z 1784711344
2026-07-22T09:10:04Z 1784711404
2026-07-22T09:11:04Z 1784711464
2026-07-22T09:12:04Z 1784711524
2026-07-22T09:13:04Z 1784711584
2026-07-22T09:14:04Z 1784711644
2026-07-22T09:15:04Z 1784711704
2026-07-22T09:16:04Z 1784711764
2026-07-22T09:17:04Z 1784711824
2026-07-22T09:18:04Z 1784711884
2026-07-22T09:19:04Z 1784711944
2026-07-22T09:20:04Z 1784712004
2026-07-22T09:21:04Z 1784712064
2026-07-22T09:22:04Z 1784712124
2026-07-22T09:23:04Z 1784712184
2026-07-22T09:24:04Z 1784712244
2026-07-22T09:25:04Z 1784712304
2026-07-22T09:26:04Z 1784712364
2026-07-22T09:27:04Z 1784712424
2026-07-22T09:28:04Z 1784712484
2026-07-22T09:29:04Z 1784712544
2026-07-22T09:30:04Z 1784712604
2026-07-22T09:31:04Z 1784712664
2026-07-22T09:32:04Z 1784712724
2026-07-22T09:33:04Z 1784712784
2026-07-22T09:34:04Z 1784712844
2026-07-22T09:35:04Z 1784712904
2026-07-22T09:36:04Z 1784712964
2026-07-22T09:37:04Z 1784713024
2026-07-22T09:38:04Z 1784713084
2026-07-22T09:39:04Z 1784713144
2026-07-22T09:40:04Z 1784713204
2026-07-22T09:41:04Z 1784713264
2026-07-22T09:42:04Z 1784713324
2026-07-22T09:43:04Z 1784713384
2026-07-22T09:44:04Z 1784713444
2026-07-22T09:45:04Z 1784713504
2026-07-22T09:46:04Z 1784713564
2026-07-22T09:47:04Z 1784713624
2026-07-22T09:48:04Z 1784713684
2026-07-22T09:49:04Z 1784713744
2026-07-22T09:50:04Z 1784713804
2026-07-22T09:51:04Z 1784713864
2026-07-22T09:52:04Z 1784713924
2026-07-22T09:53:04Z 1784713984
2026-07-22T09:54:04Z 1784714044
2026-07-22T09:55:04Z 1784714104
2026-07-22T09:56:04Z 1784714164
2026-07-22T09:57:04Z 1784714224
2026-07-22T09:58:04Z 1784714284
2026-07-22T09:59:04Z 1784714344
2026-07-22T10:00:04Z 1784714404
2026-07-22T10:01:04Z 1784714464
2026-07-22T10:02:04Z 1784714524
2026-07-22T10:03:04Z 1784714584
2026-07-22T10:04:04Z 1784714644
2026-07-22T10:05:04Z 1784714704
2026-07-22T10:06:04Z 1784714764
2026-07-22T10:07:04Z 1784714824
2026-07-22T10:08:04Z 1784714884
2026-07-22T10:09:04Z 1784714944
2026-07-22T10:10:04Z 1784715004
2026-07-22T10:11:04Z 1784715064
2026-07-22T10:12:04Z 1784715124
2026-07-22T10:13:04Z 1784715184
2026-07-22T10:14:04Z 1784715244
2026-07-22T10:15:04Z 1784715304
2026-07-22T10:16:04Z 1784715364
2026-07-22T10:17:04Z 1784715424
2026-07-22T10:18:04Z 1784715484
2026-07-22T10:19:04Z 1784715544
2026-07-22T10:20:04Z 1784715604
2026-07-22T10:21:04Z 1784715664
2026-07-22T10:22:04Z 1784715724
2026-07-22T10:23:04Z 1784715784
2026-07-22T10:24:04Z 1784715844
2026-07-22T10:25:04Z 1784715904
2026-07-22T10:26:04Z 1784715964
2026-07-22T10:27:04Z 1784716024
2026-07-22T10:28:04Z 1784716084
2026-07-22T10:29:04Z 1784716144
2026-07-22T10:30:04Z 1784716204
2026-07-22T10:31:04Z 1784716264
2026-07-22T10:32:04Z 1784716324
2026-07-22T10:33:04Z 1784716384
2026-07-22T10:34:04Z 1784716444
2026-07-22T10:35:04Z 1784716504
2026-07-22T10:36:04Z 1784716564
2026-07-22T10:37:04Z 1784716624
2026-07-22T10:38:04Z 1784716684
2026-07-22T10:39:04Z 1784716744
2026-07-22T10:40:04Z 1784716804
2026-07-22T10:41:04Z 1784716864
2026-07-22T10:42:04Z 1784716924
2026-07-22T10:43:04Z 1784716984
2026-07-22T10:44:04Z 1784717044
2026-07-22T10:45:04Z 1784717104
2026-07-22T10:46:04Z 1784717164
2026-07-22T10:47:04Z 1784717224
2026-07-22T10:48:04Z 1784717284
2026-07-22T10:49:04Z 1784717344
2026-07-22T10:50:04Z 1784717404
2026-07-22T10:51:04Z 1784717464
2026-07-22T10:52:04Z 1784717524
2026-07-22T10:53:04Z 1784717584
2026-07-22T10:54:04Z 1784717644
2026-07-22T10:55:04Z 1784717704
2026-07-22T10:56:04Z 1784717764
2026-07-22T10:57:04Z 1784717824
2026-07-22T10:58:04Z 1784717884
2026-07-22T10:59:04Z 1784717944
2026-07-22T11:00:04Z 1784718004
2026-07-22T11:01:04Z 1784718064
2026-07-22T11:02:04Z 1784718124
2026-07-22T11:03:04Z 1784718184
2026-07-22T11:04:04Z 1784718244
2026-07-22T11:05:04Z 1784718304
2026-07-22T11:06:04Z 1784718364
2026-07-22T11:07:04Z 1784718424
2026-07-22T11:08:04Z 1784718484
2026-07-22T11:09:04Z 1784718544
2026-07-22T11:10:04Z 1784718604
2026-07-22T11:11:04Z 1784718664
2026-07-22T11:12:04Z 1784718724
2026-07-22T11:13:04Z 1784718784
2026-07-22T11:14:04Z 1784718844
2026-07-22T11:15:04Z 1784718904
2026-07-22T11:16:04Z 1784718964
2026-07-22T11:17:04Z 1784719024
2026-07-22T11:18:04Z 1784719084
2026-07-22T11:19:04Z 1784719144
2026-07-22T11:20:04Z 1784719204
2026-07-22T11:21:04Z 1784719264
2026-07-22T11:22:04Z 1784719324
2026-07-22T11:23:04Z 1784719384
2026-07-22T11:24:04Z 1784719444
2026-07-22T11:25:04Z 1784719504
2026-07-22T11:26:04Z 1784719564
2026-07-22T11:27:04Z 1784719624
2026-07-22T11:28:04Z 1784719684
2026-07-22T11:29:04Z 1784719744
2026-07-22T11:30:04Z 1784719804
2026-07-22T11:31:04Z 1784719864
2026-07-22T11:32:04Z 1784719924
2026-07-22T11:33:04Z 1784719984
2026-07-22T11:34:04Z 1784720044
2026-07-22T11:35:04Z 1784720104
2026-07-22T11:36:04Z 1784720164
2026-07-22T11:37:04Z 1784720224
2026-07-22T11:38:04Z 1784720284
2026-07-22T11:39:04Z 1784720344
2026-07-22T11:40:04Z 1784720404
2026-07-22T11:41:04Z 1784720464
2026-07-22T11:42:04Z 1784720524
2026-07-22T11:43:04Z 1784720584
2026-07-22T11:44:04Z 1784720644
2026-07-22T11:45:04Z 1784720704
2026-07-22T11:46:04Z 1784720764
2026-07-22T11:47:04Z 1784720824
2026-07-22T11:48:04Z 1784720884
2026-07-22T11:49:04Z 1784720944
2026-07-22T11:50:04Z 1784721004
2026-07-22T11:51:04Z 1784721064
2026-07-22T11:52:04Z 1784721124
2026-07-22T11:53:04Z 1784721184
2026-07-22T11:54:04Z 1784721244
2026-07-22T11:55:04Z 1784721304
2026-07-22T11:56:04Z 1784721364
2026-07-22T11:57:04Z 1784721424
2026-07-22T11:58:04Z 1784721484
2026-07-22T11:59:04Z 1784721544
2026-07-22T12:00:04Z 1784721604
2026-07-22T12:01:04Z 1784721664
2026-07-22T12:02:04Z 1784721724
2026-07-22T12:03:04Z 1784721784
2026-07-22T12:04:04Z 1784721844
2026-07-22T12:05:04Z 1784721904
2026-07-22T12:06:04Z 1784721964
2026-07-22T12:07:04Z 1784722024
2026-07-22T12:08:04Z 1784722084
2026-07-22T12:09:04Z 1784722144
2026-07-22T12:10:04Z 1784722204
2026-07-22T12:11:04Z 1784722264
2026-07-22T12:12:04Z 1784722324
2026-07-22T12:13:04Z 1784722384
2026-07-22T12:14:04Z 1784722444
2026-07-22T12:15:04Z 1784722504
2026-07-22T12:16:04Z 1784722564
2026-07-22T12:17:04Z 1784722624
2026-07-22T12:18:04Z 1784722684
2026-07-22T12:19:04Z 1784722744
2026-07-22T12:20:04Z 1784722804
2026-07-22T12:21:04Z 1784722864
2026-07-22T12:22:04Z 1784722924
2026-07-22T12:23:04Z 1784722984
2026-07-22T12:24:04Z 1784723044
2026-07-22T12:25:04Z 1784723104
2026-07-22T12:26:04Z 1784723164
2026-07-22T12:27:04Z 1784723224
2026-07-22T12:28:04Z 1784723284
2026-07-22T12:29:04Z 1784723344
2026-07-22T12:30:04Z 1784723404
2026-07-22T12:31:04Z 1784723464
2026-07-22T12:32:04Z 1784723524
2026-07-22T12:33:04Z 1784723584
2026-07-22T12:34:04Z 1784723644
2026-07-22T12:35:04Z 1784723704
2026-07-22T12:36:04Z 1784723764
2026-07-22T12:37:04Z 1784723824
2026-07-22T12:38:04Z 1784723884
2026-07-22T12:39:04Z 1784723944
2026-07-22T12:40:04Z 1784724004
2026-07-22T12:41:04Z 1784724064
2026-07-22T12:42:04Z 1784724124
2026-07-22T12:43:04Z 1784724184
2026-07-22T12:44:04Z 1784724244
2026-07-22T12:45:04Z 1784724304
2026-07-22T12:46:04Z 1784724364
2026-07-22T12:47:04Z 1784724424
2026-07-22T12:48:04Z 1784724484
2026-07-22T12:49:04Z 1784724544
2026-07-22T12:50:04Z 1784724604
2026-07-22T12:51:04Z 1784724664
2026-07-22T12:52:04Z 1784724724
2026-07-22T12:53:04Z 1784724784
2026-07-22T12:54:04Z 1784724844
2026-07-22T12:55:04Z 1784724904
2026-07-22T12:56:04Z 1784724964
2026-07-22T12:57:04Z 1784725024
2026-07-22T12:58:04Z 1784725084
2026-07-22T12:59:04Z 1784725144
2026-07-22T13:00:04Z 1784725204
2026-07-22T13:01:04Z 1784725264
2026-07-22T13:02:04Z 1784725324
2026-07-22T13:03:04Z 1784725384
2026-07-22T13:04:04Z 1784725444
2026-07-22T13:05:04Z 1784725504
2026-07-22T13:06:04Z 1784725564
2026-07-22T13:07:04Z 1784725624
2026-07-22T13:08:04Z 1784725684
2026-07-22T13:09:04Z 1784725744
2026-07-22T13:10:04Z 1784725804
2026-07-22T13:11:04Z 1784725864
2026-07-22T13:12:04Z 1784725924
2026-07-22T13:13:04Z 1784725984
2026-07-22T13:14:04Z 1784726044
2026-07-22T13:15:04Z 1784726104
2026-07-22T13:16:04Z 1784726164
2026-07-22T13:17:04Z 1784726224
2026-07-22T13:18:04Z 1784726284
2026-07-22T13:19:04Z 1784726344
2026-07-22T13:20:04Z 1784726404
2026-07-22T13:21:04Z 1784726464
2026-07-22T13:22:04Z 1784726524
2026-07-22T13:23:04Z 1784726584
2026-07-22T13:24:04Z 1784726644
2026-07-22T13:25:04Z 1784726704
2026-07-22T13:26:04Z 1784726764
2026-07-22T13:27:04Z 1784726824
2026-07-22T13:28:04Z 1784726884
2026-07-22T13:29:04Z 1784726944
2026-07-22T13:30:04Z 1784727004
2026-07-22T13:31:04Z 1784727064
2026-07-22T13:32:04Z 1784727124
2026-07-22T13:33:04Z 1784727184
2026-07-22T13:34:04Z 1784727244
2026-07-22T13:35:04Z 1784727304
2026-07-22T13:36:04Z 1784727364
2026-07-22T13:37:04Z 1784727424
2026-07-22T13:38:04Z 1784727484
2026-07-22T13:39:04Z 1784727544
2026-07-22T13:40:04Z 1784727604
2026-07-22T13:41:04Z 1784727664
2026-07-22T13:42:04Z 1784727724
2026-07-22T13:43:04Z 1784727784
2026-07-22T13:44:04Z 1784727844
2026-07-22T13:45:04Z 1784727904
2026-07-22T13:46:04Z 1784727964
2026-07-22T13:47:04Z 1784728024
2026-07-22T13:48:04Z 1784728084
2026-07-22T13:49:04Z 1784728144
2026-07-22T13:50:04Z 1784728204
2026-07-22T13:51:04Z 1784728264
2026-07-22T13:52:04Z 1784728324
2026-07-22T13:53:04Z 1784728384
2026-07-22T13:54:04Z 1784728444
2026-07-22T13:55:04Z 1784728504
2026-07-22T13:56:04Z 1784728564
2026-07-22T13:57:04Z 1784728624
2026-07-22T13:58:04Z 1784728684
2026-07-22T13:59:04Z 1784728744
2026-07-22T14:00:04Z 1784728804
2026-07-22T14:01:04Z 1784728864
2026-07-22T14:02:04Z 1784728924
2026-07-22T14:03:04Z 1784728984
2026-07-22T14:04:04Z 1784729044
2026-07-22T14:05:04Z 1784729104
2026-07-22T14:06:04Z 1784729164
2026-07-22T14:07:04Z 1784729224
2026-07-22T14:08:04Z 1784729284
2026-07-22T14:09:04Z 1784729344
2026-07-22T14:10:04Z 1784729404
2026-07-22T14:11:04Z 1784729464
2026-07-22T14:12:04Z 1784729524
2026-07-22T14:13:04Z 1784729584
2026-07-22T14:14:04Z 1784729644
2026-07-22T14:15:04Z 1784729704
2026-07-22T14:16:04Z 1784729764
2026-07-22T14:17:04Z 1784729824
2026-07-22T14:18:04Z 1784729884
2026-07-22T14:19:04Z 1784729944
2026-07-22T14:20:04Z 1784730004
2026-07-22T14:21:04Z 1784730064
2026-07-22T14:22:04Z 1784730124
2026-07-22T14:23:04Z 1784730184
2026-07-22T14:24:04Z 1784730244
2026-07-22T14:25:04Z 1784730304
2026-07-22T14:26:04Z 1784730364
2026-07-22T14:27:04Z 1784730424
2026-07-22T14:28:04Z 1784730484
2026-07-22T14:29:04Z 1784730544
2026-07-22T14:30:04Z 1784730604
2026-07-22T14:31:04Z 1784730664
2026-07-22T14:32:04Z 1784730724
2026-07-22T14:33:04Z 1784730784
2026-07-22T14:34:04Z 1784730844
2026-07-22T14:35:04Z 1784730904
2026-07-22T14:36:04Z 1784730964
2026-07-22T14:37:04Z 1784731024
2026-07-22T14:38:04Z 1784731084
2026-07-22T14:39:04Z 1784731144
2026-07-22T14:40:04Z 1784731204
2026-07-22T14:41:04Z 1784731264
2026-07-22T14:42:04Z 1784731324
2026-07-22T14:43:04Z 1784731384
2026-07-22T14:44:04Z 1784731444
2026-07-22T14:45:04Z 1784731504
2026-07-22T14:46:04Z 1784731564
2026-07-22T14:47:04Z 1784731624
2026-07-22T14:48:04Z 1784731684
2026-07-22T14:49:04Z 1784731744
2026-07-22T14:50:04Z 1784731804
2026-07-22T14:51:04Z 1784731864
2026-07-22T14:52:04Z 1784731924
2026-07-22T14:53:04Z 1784731984
2026-07-22T14:54:04Z 1784732044
2026-07-22T14:55:04Z 1784732104
2026-07-22T14:56:04Z 1784732164
2026-07-22T14:57:04Z 1784732224
2026-07-22T14:58:04Z 1784732284
2026-07-22T14:59:04Z 1784732344
2026-07-22T15:00:04Z 1784732404
2026-07-22T15:01:04Z 1784732464
2026-07-22T15:02:04Z 1784732524
2026-07-22T15:03:04Z 1784732584
2026-07-22T15:04:04Z 1784732644
2026-07-22T15:05:04Z 1784732704
2026-07-22T15:06:04Z 1784732764
2026-07-22T15:07:04Z 1784732824
2026-07-22T15:08:04Z 1784732884
2026-07-22T15:09:04Z 1784732944
2026-07-22T15:10:04Z 1784733004
2026-07-22T15:11:04Z 1784733064
2026-07-22T15:12:04Z 1784733124
2026-07-22T15:13:04Z 1784733184
2026-07-22T15:14:04Z 1784733244
2026-07-22T15:15:04Z 1784733304
2026-07-22T15:16:04Z 1784733364
2026-07-22T15:17:04Z 1784733424
2026-07-22T15:18:04Z 1784733484
2026-07-22T15:19:04Z 1784733544
2026-07-22T15:20:04Z 1784733604
2026-07-22T15:21:04Z 1784733664
2026-07-22T15:22:04Z 1784733724
2026-07-22T15:23:04Z 1784733784
2026-07-22T15:24:04Z 1784733844
2026-07-22T15:25:04Z 1784733904
2026-07-22T15:26:04Z 1784733964
2026-07-22T15:27:04Z 1784734024
2026-07-22T15:28:04Z 1784734084
2026-07-22T15:29:04Z 1784734144
2026-07-22T15:30:04Z 1784734204
2026-07-22T15:31:04Z 1784734264
2026-07-22T15:32:04Z 1784734324
2026-07-22T15:33:04Z 1784734384
2026-07-22T15:34:04Z 1784734444
2026-07-22T15:35:04Z 1784734504
2026-07-22T15:36:04Z 1784734564
2026-07-22T15:37:04Z 1784734624
2026-07-22T15:38:04Z 1784734684
2026-07-22T15:39:04Z 1784734744
2026-07-22T15:40:04Z 1784734804
2026-07-22T15:41:04Z 1784734864
2026-07-22T15:42:04Z 1784734924
2026-07-22T15:43:04Z 1784734984
2026-07-22T15:44:04Z 1784735044
2026-07-22T15:45:04Z 1784735104
2026-07-22T15:46:04Z 1784735164
2026-07-22T15:47:04Z 1784735224
2026-07-22T15:48:04Z 1784735284
2026-07-22T15:49:04Z 1784735344
2026-07-22T15:50:04Z 1784735404
2026-07-22T15:51:04Z 1784735464
2026-07-22T15:52:04Z 1784735524
2026-07-22T15:53:04Z 1784735584
2026-07-22T15:54:04Z 1784735644
2026-07-22T15:55:04Z 1784735704
2026-07-22T15:56:04Z 1784735764
2026-07-22T15:57:04Z 1784735824
2026-07-22T15:58:04Z 1784735884
2026-07-22T15:59:04Z 1784735944
2026-07-22T16:00:04Z 1784736004
2026-07-22T16:01:04Z 1784736064
2026-07-22T16:02:04Z 1784736124
2026-07-22T16:03:04Z 1784736184
2026-07-22T16:04:04Z 1784736244
2026-07-22T16:05:04Z 1784736304
2026-07-22T16:06:04Z 1784736364
2026-07-22T16:07:04Z 1784736424
2026-07-22T16:08:04Z 1784736484
2026-07-22T16:09:04Z 1784736544
2026-07-22T16:10:04Z 1784736604
2026-07-22T16:11:04Z 1784736664
2026-07-22T16:12:04Z 1784736724
2026-07-22T16:13:04Z 1784736784
2026-07-22T16:14:04Z 1784736844
2026-07-22T16:15:04Z 1784736904
2026-07-22T16:16:04Z 1784736964
2026-07-22T16:17:04Z 1784737024
2026-07-22T16:18:04Z 1784737084
2026-07-22T16:19:04Z 1784737144
2026-07-22T16:20:04Z 1784737204
2026-07-22T16:21:04Z 1784737264
2026-07-22T16:22:04Z 1784737324
2026-07-22T16:23:04Z 1784737384
2026-07-22T16:24:04Z 1784737444
2026-07-22T16:25:04Z 1784737504
2026-07-22T16:26:04Z 1784737564
2026-07-22T16:27:04Z 1784737624
2026-07-22T16:28:04Z 1784737684
2026-07-22T16:29:04Z 1784737744
2026-07-22T16:30:04Z 1784737804
2026-07-22T16:31:04Z 1784737864
2026-07-22T16:32:04Z 1784737924
2026-07-22T16:33:04Z 1784737984
2026-07-22T16:34:04Z 1784738044
2026-07-22T16:35:04Z 1784738104
2026-07-22T16:36:04Z 1784738164
2026-07-22T16:37:04Z 1784738224
2026-07-22T16:38:04Z 1784738284
2026-07-22T16:39:04Z 1784738344
2026-07-22T16:40:04Z 1784738404
2026-07-22T16:41:04Z 1784738464
2026-07-22T16:42:04Z 1784738524
2026-07-22T16:43:04Z 1784738584
2026-07-22T16:44:04Z 1784738644
2026-07-22T16:45:04Z 1784738704
2026-07-22T16:46:04Z 1784738764
2026-07-22T16:47:04Z 1784738824
2026-07-22T16:48:04Z 1784738884
2026-07-22T16:49:04Z 1784738944
2026-07-22T16:50:04Z 1784739004
2026-07-22T16:51:04Z 1784739064
2026-07-22T16:52:04Z 1784739124
2026-07-22T16:53:04Z 1784739184
2026-07-22T16:54:04Z 1784739244
2026-07-22T16:55:04Z 1784739304
2026-07-22T16:56:04Z 1784739364
2026-07-22T16:57:04Z 1784739424
2026-07-22T16:58:04Z 1784739484
2026-07-22T16:59:04Z 1784739544
2026-07-22T17:00:04Z 1784739604
2026-07-22T17:01:04Z 1784739664
2026-07-22T17:02:04Z 1784739724
2026-07-22T17:03:04Z 1784739784
2026-07-22T17:04:04Z 1784739844
2026-07-22T17:05:04Z 1784739904
2026-07-22T17:06:04Z 1784739964
2026-07-22T17:07:04Z 1784740024
2026-07-22T17:08:04Z 1784740084
2026-07-22T17:09:04Z 1784740144
2026-07-22T17:10:04Z 1784740204
2026-07-22T17:11:04Z 1784740264
2026-07-22T17:12:04Z 1784740324
2026-07-22T17:13:04Z 1784740384
2026-07-22T17:14:04Z 1784740444
2026-07-22T17:15:04Z 1784740504
2026-07-22T17:16:04Z 1784740564
2026-07-22T17:17:04Z 1784740624
2026-07-22T17:18:04Z 1784740684
2026-07-22T17:19:04Z 1784740744
2026-07-22T17:20:04Z 1784740804
2026-07-22T17:21:04Z 1784740864
2026-07-22T17:22:04Z 1784740924
2026-07-22T17:23:04Z 1784740984
2026-07-22T17:24:04Z 1784741044
2026-07-22T17:25:04Z 1784741104
2026-07-22T17:26:04Z 1784741164
2026-07-22T17:27:04Z 1784741224
2026-07-22T17:28:04Z 1784741284
2026-07-22T17:29:04Z 1784741344
2026-07-22T17:30:04Z 1784741404
2026-07-22T17:31:04Z 1784741464
2026-07-22T17:32:04Z 1784741524
2026-07-22T17:33:04Z 1784741584
2026-07-22T17:34:04Z 1784741644
2026-07-22T17:35:04Z 1784741704
2026-07-22T17:36:04Z 1784741764
2026-07-22T17:37:04Z 1784741824
2026-07-22T17:38:04Z 1784741884
2026-07-22T17:39:04Z 1784741944
2026-07-22T17:40:04Z 1784742004
2026-07-22T17:41:04Z 1784742064
2026-07-22T17:42:04Z 1784742124
2026-07-22T17:43:04Z 1784742184
2026-07-22T17:44:04Z 1784742244
2026-07-22T17:45:04Z 1784742304
2026-07-22T17:46:04Z 1784742364
2026-07-22T17:47:04Z 1784742424
2026-07-22T17:48:04Z 1784742484
2026-07-22T17:49:04Z 1784742544
2026-07-22T17:50:04Z 1784742604
2026-07-22T17:51:04Z 1784742664
2026-07-22T17:52:04Z 1784742724
2026-07-22T17:53:04Z 1784742784
2026-07-22T17:54:04Z 1784742844
2026-07-22T17:55:04Z 1784742904
2026-07-22T17:56:04Z 1784742964
2026-07-22T17:57:04Z 1784743024
2026-07-22T17:58:04Z 1784743084
2026-07-22T17:59:04Z 1784743144
2026-07-22T18:00:04Z 1784743204
2026-07-22T18:01:04Z 1784743264
2026-07-22T18:02:04Z 1784743324
2026-07-22T18:03:04Z 1784743384
2026-07-22T18:04:04Z 1784743444
2026-07-22T18:05:04Z 1784743504
2026-07-22T18:06:04Z 1784743564
2026-07-22T18:07:04Z 1784743624
2026-07-22T18:08:04Z 1784743684
2026-07-22T18:09:04Z 1784743744
2026-07-22T18:10:04Z 1784743804
2026-07-22T18:11:04Z 1784743864
2026-07-22T18:12:04Z 1784743924
2026-07-22T18:13:04Z 1784743984
2026-07-22T18:14:04Z 1784744044
2026-07-22T18:15:04Z 1784744104
2026-07-22T18:16:04Z 1784744164
2026-07-22T18:17:04Z 1784744224
2026-07-22T18:18:04Z 1784744284
2026-07-22T18:19:04Z 1784744344
2026-07-22T18:20:04Z 1784744404
2026-07-22T18:21:04Z 1784744464
2026-07-22T18:22:04Z 1784744524
2026-07-22T18:23:04Z 1784744584
2026-07-22T18:24:04Z 1784744644
2026-07-22T18:25:04Z 1784744704
2026-07-22T18:26:04Z 1784744764
2026-07-22T18:27:04Z 1784744824
2026-07-22T18:28:04Z 1784744884
2026-07-22T18:29:04Z 1784744944
2026-07-22T18:30:04Z 1784745004
2026-07-22T18:31:04Z 1784745064
2026-07-22T18:32:04Z 1784745124
2026-07-22T18:33:04Z 1784745184
2026-07-22T18:34:04Z 1784745244
2026-07-22T18:35:04Z 1784745304
2026-07-22T18:36:04Z 1784745364
2026-07-22T18:37:04Z 1784745424
2026-07-22T18:38:04Z 1784745484
2026-07-22T18:39:04Z 1784745544
2026-07-22T18:40:04Z 1784745604
2026-07-22T18:41:04Z 1784745664
2026-07-22T18:42:04Z 1784745724
2026-07-22T18:43:04Z 1784745784
2026-07-22T18:44:04Z 1784745844
2026-07-22T18:45:04Z 1784745904
2026-07-22T18:46:04Z 1784745964
2026-07-22T18:47:04Z 1784746024
2026-07-22T18:48:04Z 1784746084
2026-07-22T18:49:04Z 1784746144
2026-07-22T18:50:04Z 1784746204
2026-07-22T18:51:04Z 1784746264
2026-07-22T18:52:04Z 1784746324
2026-07-22T18:53:04Z 1784746384
2026-07-22T18:54:04Z 1784746444
2026-07-22T18:55:04Z 1784746504
2026-07-22T18:56:04Z 1784746564
2026-07-22T18:57:04Z 1784746624
2026-07-22T18:58:04Z 1784746684
2026-07-22T18:59:04Z 1784746744
2026-07-22T19:00:04Z 1784746804
2026-07-22T19:01:04Z 1784746864
2026-07-22T19:02:04Z 1784746924
2026-07-22T19:03:04Z 1784746984
2026-07-22T19:04:04Z 1784747044
2026-07-22T19:05:04Z 1784747104
2026-07-22T19:06:04Z 1784747164
2026-07-22T19:07:04Z 1784747224
2026-07-22T19:08:04Z 1784747284
2026-07-22T19:09:04Z 1784747344
2026-07-22T19:10:04Z 1784747404
2026-07-22T19:11:04Z 1784747464
2026-07-22T19:12:04Z 1784747524
2026-07-22T19:13:04Z 1784747584
2026-07-22T19:14:04Z 1784747644
2026-07-22T19:15:04Z 1784747704
2026-07-22T19:16:04Z 1784747764
2026-07-22T19:17:04Z 1784747824
2026-07-22T19:18:04Z 1784747884
2026-07-22T19:19:04Z 1784747944
2026-07-22T19:20:04Z 1784748004
2026-07-22T19:21:04Z 1784748064
2026-07-22T19:22:04Z 1784748124
2026-07-22T19:23:04Z 1784748184
2026-07-22T19:24:04Z 1784748244
2026-07-22T19:25:04Z 1784748304
2026-07-22T19:26:04Z 1784748364
2026-07-22T19:27:04Z 1784748424
2026-07-22T19:28:04Z 1784748484
2026-07-22T19:29:04Z 1784748544
2026-07-22T19:30:04Z 1784748604
2026-07-22T19:31:04Z 1784748664
2026-07-22T19:32:04Z 1784748724
2026-07-22T19:33:04Z 1784748784
2026-07-22T19:34:04Z 1784748844
2026-07-22T19:35:04Z 1784748904
2026-07-22T19:36:04Z 1784748964
2026-07-22T19:37:04Z 1784749024
2026-07-22T19:38:04Z 1784749084
2026-07-22T19:39:04Z 1784749144
2026-07-22T19:40:04Z 1784749204
2026-07-22T19:41:04Z 1784749264
2026-07-22T19:42:04Z 1784749324
2026-07-22T19:43:04Z 1784749384
2026-07-22T19:44:04Z 1784749444
2026-07-22T19:45:04Z 1784749504
2026-07-22T19:46:04Z 1784749564
2026-07-22T19:47:04Z 1784749624
2026-07-22T19:48:04Z 1784749684
2026-07-22T19:49:04Z 1784749744
2026-07-22T19:50:04Z 1784749804
2026-07-22T19:51:04Z 1784749864
2026-07-22T19:52:04Z 1784749924
2026-07-22T19:53:04Z 1784749984
2026-07-22T19:54:04Z 1784750044
2026-07-22T19:55:04Z 1784750104
2026-07-22T19:56:04Z 1784750164
2026-07-22T19:57:04Z 1784750224
2026-07-22T19:58:04Z 1784750284
2026-07-22T19:59:04Z 1784750344
2026-07-22T20:00:04Z 1784750404
2026-07-22T20:01:04Z 1784750464
2026-07-22T20:02:04Z 1784750524
2026-07-22T20:03:04Z 1784750584
2026-07-22T20:04:04Z 1784750644
2026-07-22T20:05:04Z 1784750704
2026-07-22T20:06:04Z 1784750764
2026-07-22T20:07:04Z 1784750824
2026-07-22T20:08:04Z 1784750884
2026-07-22T20:09:04Z 1784750944
2026-07-22T20:10:04Z 1784751004
2026-07-22T20:11:04Z 1784751064
2026-07-22T20:12:04Z 1784751124
2026-07-22T20:13:04Z 1784751184
2026-07-22T20:14:04Z 1784751244
2026-07-22T20:15:04Z 1784751304
2026-07-22T20:16:04Z 1784751364
2026-07-22T20:17:04Z 1784751424
2026-07-22T20:18:04Z 1784751484
2026-07-22T20:19:04Z 1784751544
2026-07-22T20:20:04Z 1784751604
2026-07-22T20:21:04Z 1784751664
2026-07-22T20:22:04Z 1784751724
2026-07-22T20:23:04Z 1784751784
2026-07-22T20:24:04Z 1784751844
2026-07-22T20:25:04Z 1784751904
2026-07-22T20:26:04Z 1784751964
2026-07-22T20:27:04Z 1784752024
2026-07-22T20:28:04Z 1784752084
2026-07-22T20:29:04Z 1784752144
2026-07-22T20:30:04Z 1784752204
2026-07-22T20:31:04Z 1784752264
2026-07-22T20:32:04Z 1784752324
2026-07-22T20:33:04Z 1784752384
2026-07-22T20:34:04Z 1784752444
2026-07-22T20:35:04Z 1784752504
2026-07-22T20:36:04Z 1784752564
2026-07-22T20:37:04Z 1784752624
2026-07-22T20:38:04Z 1784752684
2026-07-22T20:39:04Z 1784752744
2026-07-22T20:40:04Z 1784752804
2026-07-22T20:41:04Z 1784752864
2026-07-22T20:42:04Z 1784752924
2026-07-22T20:43:04Z 1784752984
2026-07-22T20:44:04Z 1784753044
2026-07-22T20:45:04Z 1784753104
2026-07-22T20:46:04Z 1784753164
2026-07-22T20:47:04Z 1784753224
2026-07-22T20:48:04Z 1784753284
2026-07-22T20:49:04Z 1784753344
2026-07-22T20:50:04Z 1784753404
2026-07-22T20:51:04Z 1784753464
2026-07-22T20:52:04Z 1784753524
2026-07-22T20:53:04Z 1784753584
2026-07-22T20:54:04Z 1784753644
2026-07-22T20:55:04Z 1784753704
2026-07-22T20:56:04Z 1784753764
2026-07-22T20:57:04Z 1784753824
2026-07-22T20:58:04Z 1784753884
2026-07-22T20:59:04Z 1784753944
2026-07-22T21:00:04Z 1784754004
2026-07-22T21:01:04Z 1784754064
2026-07-22T21:02:04Z 1784754124
2026-07-22T21:03:04Z 1784754184
2026-07-22T21:04:04Z 1784754244
2026-07-22T21:05:04Z 1784754304
2026-07-22T21:06:04Z 1784754364
2026-07-22T21:07:04Z 1784754424
2026-07-22T21:08:04Z 1784754484
2026-07-22T21:09:04Z 1784754544
2026-07-22T21:10:04Z 1784754604
2026-07-22T21:11:04Z 1784754664
2026-07-22T21:12:04Z 1784754724
2026-07-22T21:13:04Z 1784754784
2026-07-22T21:14:04Z 1784754844
2026-07-22T21:15:04Z 1784754904
2026-07-22T21:16:04Z 1784754964
2026-07-22T21:17:04Z 1784755024
2026-07-22T21:18:04Z 1784755084
2026-07-22T21:19:04Z 1784755144
2026-07-22T21:20:04Z 1784755204
2026-07-22T21:21:04Z 1784755264
2026-07-22T21:22:04Z 1784755324
2026-07-22T21:23:04Z 1784755384
2026-07-22T21:24:04Z 1784755444
2026-07-22T21:25:04Z 1784755504
2026-07-22T21:26:04Z 1784755564
2026-07-22T21:27:04Z 1784755624
2026-07-22T21:28:04Z 1784755684
2026-07-22T21:29:04Z 1784755744
2026-07-22T21:30:04Z 1784755804
2026-07-22T21:31:04Z 1784755864
2026-07-22T21:32:04Z 1784755924
2026-07-22T21:33:04Z 1784755984
2026-07-22T21:34:04Z 1784756044
2026-07-22T21:35:04Z 1784756104
2026-07-22T21:36:04Z 1784756164
2026-07-22T21:37:04Z 1784756224
2026-07-22T21:38:04Z 1784756284
2026-07-22T21:39:04Z 1784756344
2026-07-22T21:40:04Z 1784756404
2026-07-22T21:41:04Z 1784756464
2026-07-22T21:42:04Z 1784756524
2026-07-22T21:43:04Z 1784756584
2026-07-22T21:44:04Z 1784756644
2026-07-22T21:45:04Z 1784756704
2026-07-22T21:46:04Z 1784756764
2026-07-22T21:47:04Z 1784756824
2026-07-22T21:48:04Z 1784756884
2026-07-22T21:49:04Z 1784756944
2026-07-22T21:50:04Z 1784757004
2026-07-22T21:51:04Z 1784757064
2026-07-22T21:52:04Z 1784757124
2026-07-22T21:53:04Z 1784757184
2026-07-22T21:54:04Z 1784757244
2026-07-22T21:55:04Z 1784757304
2026-07-22T21:56:04Z 1784757364
2026-07-22T21:57:04Z 1784757424
2026-07-22T21:58:04Z 1784757484
2026-07-22T21:59:04Z 1784757544
2026-07-22T22:00:04Z 1784757604
2026-07-22T22:01:04Z 1784757664
2026-07-22T22:02:04Z 1784757724
2026-07-22T22:03:04Z 1784757784
2026-07-22T22:04:04Z 1784757844
2026-07-22T22:05:04Z 1784757904
2026-07-22T22:06:04Z 1784757964
2026-07-22T22:07:04Z 1784758024
2026-07-22T22:08:04Z 1784758084
2026-07-22T22:09:04Z 1784758144
2026-07-22T22:10:04Z 1784758204
2026-07-22T22:11:04Z 1784758264
2026-07-22T22:12:04Z 1784758324
2026-07-22T22:13:04Z 1784758384
2026-07-22T22:14:04Z 1784758444
2026-07-22T22:15:04Z 1784758504
2026-07-22T22:16:04Z 1784758564
2026-07-22T22:17:04Z 1784758624
2026-07-22T22:18:04Z 1784758684
2026-07-22T22:19:04Z 1784758744
2026-07-22T22:20:04Z 1784758804
2026-07-22T22:21:04Z 1784758864
2026-07-22T22:22:04Z 1784758924
2026-07-22T22:23:04Z 1784758984
2026-07-22T22:24:04Z 1784759044
2026-07-22T22:25:04Z 1784759104
2026-07-22T22:26:04Z 1784759164
2026-07-22T22:27:04Z 1784759224
2026-07-22T22:28:04Z 1784759284
2026-07-22T22:29:04Z 1784759344
2026-07-22T22:30:04Z 1784759404
2026-07-22T22:31:04Z 1784759464
2026-07-22T22:32:04Z 1784759524
2026-07-22T22:33:04Z 1784759584
2026-07-22T22:34:04Z 1784759644
2026-07-22T22:35:04Z 1784759704
2026-07-22T22:36:04Z 1784759764
2026-07-22T22:37:04Z 1784759824
2026-07-22T22:38:04Z 1784759884
2026-07-22T22:39:04Z 1784759944
2026-07-22T22:40:04Z 1784760004
2026-07-22T22:41:04Z 1784760064
2026-07-22T22:42:04Z 1784760124
2026-07-22T22:43:04Z 1784760184
2026-07-22T22:44:04Z 1784760244
2026-07-22T22:45:04Z 1784760304
2026-07-22T22:46:04Z 1784760364
2026-07-22T22:47:04Z 1784760424
2026-07-22T22:48:04Z 1784760484
2026-07-22T22:49:04Z 1784760544
2026-07-22T22:50:04Z 1784760604
2026-07-22T22:51:04Z 1784760664
2026-07-22T22:52:04Z 1784760724
2026-07-22T22:53:04Z 1784760784
2026-07-22T22:54:04Z 1784760844
2026-07-22T22:55:04Z 1784760904
2026-07-22T22:56:04Z 1784760964
2026-07-22T22:57:04Z 1784761024
2026-07-22T22:58:04Z 1784761084
2026-07-22T22:59:04Z 1784761144
2026-07-22T23:00:04Z 1784761204
2026-07-22T23:01:04Z 1784761264
2026-07-22T23:02:04Z 1784761324
2026-07-22T23:03:04Z 1784761384
2026-07-22T23:04:04Z 1784761444
2026-07-22T23:05:04Z 1784761504
2026-07-22T23:06:04Z 1784761564
2026-07-22T23:07:04Z 1784761624
2026-07-22T23:08:04Z 1784761684
2026-07-22T23:09:04Z 1784761744
2026-07-22T23:10:04Z 1784761804
2026-07-22T23:11:04Z 1784761864
2026-07-22T23:12:04Z 1784761924
2026-07-22T23:13:04Z 1784761984
2026-07-22T23:14:04Z 1784762044
2026-07-22T23:15:04Z 1784762104
2026-07-22T23:16:04Z 1784762164
2026-07-22T23:17:04Z 1784762224
2026-07-22T23:18:04Z 1784762284
2026-07-22T23:19:04Z 1784762344
2026-07-22T23:20:04Z 1784762404
2026-07-22T23:21:04Z 1784762464
2026-07-22T23:22:04Z 1784762524
2026-07-22T23:23:04Z 1784762584
2026-07-22T23:24:04Z 1784762644
2026-07-22T23:25:04Z 1784762704
2026-07-22T23:26:04Z 1784762764
2026-07-22T23:27:04Z 1784762824
2026-07-22T23:28:04Z 1784762884
2026-07-22T23:29:04Z 1784762944
2026-07-22T23:30:04Z 1784763004
2026-07-22T23:31:04Z 1784763064
2026-07-22T23:32:04Z 1784763124
2026-07-22T23:33:04Z 1784763184
2026-07-22T23:34:04Z 1784763244
2026-07-22T23:35:04Z 1784763304
2026-07-22T23:36:04Z 1784763364
2026-07-22T23:37:04Z 1784763424
2026-07-22T23:38:04Z 1784763484
2026-07-22T23:39:04Z 1784763544
2026-07-22T23:40:04Z 1784763604
2026-07-22T23:41:04Z 1784763664
2026-07-22T23:42:04Z 1784763724
2026-07-22T23:43:04Z 1784763784
2026-07-22T23:44:04Z 1784763844
2026-07-22T23:45:04Z 1784763904
2026-07-22T23:46:04Z 1784763964
2026-07-22T23:47:04Z 1784764024
2026-07-22T23:48:04Z 1784764084
2026-07-22T23:49:04Z 1784764144
2026-07-22T23:50:04Z 1784764204
2026-07-22T23:51:04Z 1784764264
2026-07-22T23:52:04Z 1784764324
2026-07-22T23:53:04Z 1784764384
2026-07-22T23:54:04Z 1784764444
2026-07-22T23:55:04Z 1784764504
2026-07-22T23:56:04Z 1784764564
2026-07-22T23:57:04Z 1784764624
2026-07-22T23:58:04Z 1784764684
2026-07-22T23:59:04Z 1784764744
2026-07-23T00:00:04Z 1784764804
2026-07-23T00:01:04Z 1784764864
2026-07-23T00:02:04Z 1784764924
2026-07-23T00:03:04Z 1784764984
2026-07-23T00:04:04Z 1784765044
2026-07-23T00:05:04Z 1784765104
2026-07-23T00:06:04Z 1784765164
2026-07-23T00:07:04Z 1784765224
2026-07-23T00:08:04Z 1784765284
2026-07-23T00:09:04Z 1784765344
2026-07-23T00:10:04Z 1784765404
2026-07-23T00:11:04Z 1784765464
2026-07-23T00:12:04Z 1784765524
2026-07-23T00:13:04Z 1784765584
2026-07-23T00:14:04Z 1784765644
2026-07-23T00:15:04Z 1784765704
2026-07-23T00:16:04Z 1784765764
2026-07-23T00:17:04Z 1784765824
2026-07-23T00:18:04Z 1784765884
2026-07-23T00:19:04Z 1784765944
2026-07-23T00:20:04Z 1784766004
2026-07-23T00:21:04Z 1784766064
2026-07-23T00:22:04Z 1784766124
2026-07-23T00:23:04Z 1784766184
2026-07-23T00:24:04Z 1784766244
2026-07-23T00:25:04Z 1784766304
2026-07-23T00:26:04Z 1784766364
2026-07-23T00:27:04Z 1784766424
2026-07-23T00:28:04Z 1784766484
2026-07-23T00:29:04Z 1784766544
2026-07-23T00:30:04Z 1784766604
2026-07-23T00:31:04Z 1784766664
2026-07-23T00:32:04Z 1784766724
2026-07-23T00:33:04Z 1784766784
2026-07-23T00:34:04Z 1784766844
2026-07-23T00:35:04Z 1784766904
2026-07-23T00:36:04Z 1784766964
2026-07-23T00:37:04Z 1784767024
2026-07-23T00:38:04Z 1784767084
2026-07-23T00:39:04Z 1784767144
2026-07-23T00:40:04Z 1784767204
2026-07-23T00:41:04Z 1784767264
2026-07-23T00:42:04Z 1784767324
2026-07-23T00:43:04Z 1784767384
2026-07-23T00:44:04Z 1784767444
2026-07-23T00:45:04Z 1784767504
2026-07-23T00:46:04Z 1784767564
2026-07-23T00:47:04Z 1784767624
2026-07-23T00:48:04Z 1784767684
2026-07-23T00:49:04Z 1784767744
2026-07-23T00:50:04Z 1784767804
2026-07-23T00:51:04Z 1784767864
2026-07-23T00:52:04Z 1784767924
2026-07-23T00:53:04Z 1784767984
2026-07-23T00:54:04Z 1784768044
2026-07-23T00:55:04Z 1784768104
2026-07-23T00:56:04Z 1784768164
2026-07-23T00:57:04Z 1784768224
2026-07-23T00:58:04Z 1784768284
2026-07-23T00:59:04Z 1784768344
2026-07-23T01:00:04Z 1784768404
2026-07-23T01:01:04Z 1784768464
2026-07-23T01:02:04Z 1784768524
2026-07-23T01:03:04Z 1784768584
2026-07-23T01:04:04Z 1784768644
2026-07-23T01:05:04Z 1784768704
2026-07-23T01:06:04Z 1784768764
2026-07-23T01:07:04Z 1784768824
2026-07-23T01:08:04Z 1784768884
2026-07-23T01:09:04Z 1784768944
2026-07-23T01:10:04Z 1784769004
2026-07-23T01:11:04Z 1784769064
2026-07-23T01:12:04Z 1784769124
2026-07-23T01:13:04Z 1784769184
2026-07-23T01:14:04Z 1784769244
2026-07-23T01:15:04Z 1784769304
2026-07-23T01:16:04Z 1784769364
2026-07-23T01:17:04Z 1784769424
2026-07-23T01:18:04Z 1784769484
2026-07-23T01:19:04Z 1784769544
2026-07-23T01:20:04Z 1784769604
2026-07-23T01:21:04Z 1784769664
2026-07-23T01:22:04Z 1784769724
2026-07-23T01:23:04Z 1784769784
2026-07-23T01:24:04Z 1784769844
2026-07-23T01:25:04Z 1784769904
2026-07-23T01:26:04Z 1784769964
2026-07-23T01:27:04Z 1784770024
2026-07-23T01:28:04Z 1784770084
2026-07-23T01:29:04Z 1784770144
2026-07-23T01:30:04Z 1784770204
2026-07-23T01:31:04Z 1784770264
2026-07-23T01:32:04Z 1784770324
2026-07-23T01:33:04Z 1784770384
2026-07-23T01:34:04Z 1784770444
2026-07-23T01:35:04Z 1784770504
2026-07-23T01:36:04Z 1784770564
2026-07-23T01:37:04Z 1784770624
2026-07-23T01:38:04Z 1784770684
2026-07-23T01:39:04Z 1784770744
2026-07-23T01:40:04Z 1784770804
2026-07-23T01:41:04Z 1784770864
2026-07-23T01:42:04Z 1784770924
2026-07-23T01:43:04Z 1784770984
2026-07-23T01:44:04Z 1784771044
2026-07-23T01:45:04Z 1784771104
2026-07-23T01:46:04Z 1784771164
2026-07-23T01:47:04Z 1784771224
2026-07-23T01:48:04Z 1784771284
2026-07-23T01:49:04Z 1784771344
2026-07-23T01:50:04Z 1784771404
2026-07-23T01:51:04Z 1784771464
2026-07-23T01:52:04Z 1784771524
2026-07-23T01:53:04Z 1784771584
2026-07-23T01:54:04Z 1784771644
2026-07-23T01:55:04Z 1784771704
2026-07-23T01:56:04Z 1784771764
2026-07-23T01:57:04Z 1784771824
2026-07-23T01:58:04Z 1784771884
2026-07-23T01:59:04Z 1784771944
2026-07-23T02:00:04Z 1784772004
2026-07-23T02:01:04Z 1784772064
2026-07-23T02:02:04Z 1784772124
2026-07-23T02:03:04Z 1784772184
2026-07-23T02:04:04Z 1784772244
2026-07-23T02:05:04Z 1784772304
2026-07-23T02:06:00Z 1784772360
2026-07-23T02:07:04Z 1784772424
2026-07-23T02:08:04Z 1784772484
2026-07-23T02:09:04Z 1784772544
2026-07-23T02:10:04Z 1784772604
2026-07-23T02:11:04Z 1784772664
2026-07-23T02:12:04Z 1784772724
2026-07-23T02:13:04Z 1784772784
2026-07-23T02:14:04Z 1784772844
2026-07-23T02:15:04Z 1784772904
2026-07-23T02:16:04Z 1784772964
2026-07-23T02:17:04Z 1784773024
2026-07-23T02:18:04Z 1784773084
2026-07-23T02:19:04Z 1784773144
2026-07-23T02:20:04Z 1784773204
2026-07-23T02:21:04Z 1784773264
2026-07-23T02:22:04Z 1784773324
2026-07-23T02:23:04Z 1784773384
2026-07-23T02:24:04Z 1784773444
2026-07-23T02:25:04Z 1784773504
2026-07-23T02:26:04Z 1784773564
2026-07-23T02:27:04Z 1784773624
2026-07-23T02:28:04Z 1784773684
2026-07-23T02:29:04Z 1784773744
2026-07-23T02:30:04Z 1784773804
2026-07-23T02:31:04Z 1784773864
2026-07-23T02:32:04Z 1784773924
2026-07-23T02:33:04Z 1784773984
2026-07-23T02:34:04Z 1784774044
2026-07-23T02:35:04Z 1784774104
2026-07-23T02:36:04Z 1784774164
2026-07-23T02:37:04Z 1784774224
2026-07-23T02:38:04Z 1784774284
2026-07-23T02:39:04Z 1784774344
2026-07-23T02:40:04Z 1784774404
2026-07-23T02:41:04Z 1784774464
2026-07-23T02:42:04Z 1784774524
2026-07-23T02:43:04Z 1784774584
2026-07-23T02:44:04Z 1784774644
2026-07-23T02:45:04Z 1784774704
2026-07-23T02:46:04Z 1784774764
2026-07-23T02:47:04Z 1784774824
2026-07-23T02:48:04Z 1784774884
2026-07-23T02:49:04Z 1784774944
2026-07-23T02:50:04Z 1784775004
2026-07-23T02:51:04Z 1784775064
2026-07-23T02:52:04Z 1784775124
2026-07-23T02:53:04Z 1784775184
2026-07-23T02:54:04Z 1784775244
2026-07-23T02:55:04Z 1784775304
2026-07-23T02:56:04Z 1784775364
2026-07-23T02:57:04Z 1784775424
2026-07-23T02:58:04Z 1784775484
2026-07-23T02:59:04Z 1784775544
2026-07-23T03:00:04Z 1784775604
2026-07-23T03:01:04Z 1784775664
2026-07-23T03:02:04Z 1784775724
2026-07-23T03:03:04Z 1784775784
2026-07-23T03:04:04Z 1784775844
2026-07-23T03:05:04Z 1784775904
2026-07-23T03:06:04Z 1784775964
2026-07-23T03:07:04Z 1784776024
2026-07-23T03:08:04Z 1784776084
2026-07-23T03:09:04Z 1784776144
2026-07-23T03:10:04Z 1784776204
2026-07-23T03:11:04Z 1784776264
2026-07-23T03:12:04Z 1784776324
2026-07-23T03:13:04Z 1784776384
2026-07-23T03:14:04Z 1784776444
2026-07-23T03:15:04Z 1784776504
2026-07-23T03:16:04Z 1784776564
2026-07-23T03:17:04Z 1784776624
2026-07-23T03:18:04Z 1784776684
2026-07-23T03:19:04Z 1784776744
2026-07-23T03:20:04Z 1784776804
2026-07-23T03:21:04Z 1784776864
2026-07-23T03:22:04Z 1784776924
2026-07-23T03:23:04Z 1784776984
2026-07-23T03:24:04Z 1784777044
2026-07-23T03:25:04Z 1784777104
2026-07-23T03:26:04Z 1784777164
2026-07-23T03:27:04Z 1784777224
2026-07-23T03:28:04Z 1784777284
2026-07-23T03:29:04Z 1784777344
2026-07-23T03:30:04Z 1784777404
2026-07-23T03:31:04Z 1784777464
2026-07-23T03:32:04Z 1784777524
2026-07-23T03:33:04Z 1784777584
2026-07-23T03:34:04Z 1784777644
2026-07-23T03:35:04Z 1784777704
2026-07-23T03:36:04Z 1784777764
2026-07-23T03:37:04Z 1784777824
2026-07-23T03:38:04Z 1784777884
2026-07-23T03:39:04Z 1784777944
2026-07-23T03:40:04Z 1784778004
2026-07-23T03:41:04Z 1784778064
2026-07-23T03:42:04Z 1784778124
2026-07-23T03:43:04Z 1784778184
2026-07-23T03:44:04Z 1784778244
2026-07-23T03:45:04Z 1784778304
2026-07-23T03:46:04Z 1784778364
2026-07-23T03:47:04Z 1784778424
2026-07-23T03:48:04Z 1784778484
2026-07-23T03:49:04Z 1784778544
2026-07-23T03:50:04Z 1784778604
2026-07-23T03:51:04Z 1784778664
2026-07-23T03:52:04Z 1784778724
2026-07-23T03:53:04Z 1784778784
2026-07-23T03:54:04Z 1784778844
2026-07-23T03:55:04Z 1784778904
2026-07-23T03:56:04Z 1784778964
2026-07-23T03:57:04Z 1784779024
2026-07-23T03:58:04Z 1784779084
2026-07-23T03:59:04Z 1784779144
2026-07-23T04:00:04Z 1784779204
2026-07-23T04:01:04Z 1784779264
2026-07-23T04:02:04Z 1784779324
2026-07-23T04:03:04Z 1784779384
2026-07-23T04:04:04Z 1784779444
2026-07-23T04:05:04Z 1784779504
2026-07-23T04:06:04Z 1784779564
2026-07-23T04:07:04Z 1784779624
2026-07-23T04:08:04Z 1784779684
2026-07-23T04:09:04Z 1784779744
2026-07-23T04:10:04Z 1784779804
2026-07-23T04:11:04Z 1784779864
2026-07-23T04:12:04Z 1784779924
2026-07-23T04:13:04Z 1784779984
2026-07-23T04:14:04Z 1784780044
2026-07-23T04:15:04Z 1784780104
2026-07-23T04:16:04Z 1784780164
2026-07-23T04:17:04Z 1784780224
2026-07-23T04:18:04Z 1784780284
2026-07-23T04:19:04Z 1784780344
2026-07-23T04:20:04Z 1784780404
2026-07-23T04:21:04Z 1784780464
2026-07-23T04:22:04Z 1784780524
2026-07-23T04:23:04Z 1784780584
2026-07-23T04:24:04Z 1784780644
2026-07-23T04:25:04Z 1784780704
2026-07-23T04:26:04Z 1784780764
2026-07-23T04:27:04Z 1784780824
2026-07-23T04:28:04Z 1784780884
2026-07-23T04:29:04Z 1784780944
2026-07-23T04:30:04Z 1784781004
2026-07-23T04:31:04Z 1784781064
2026-07-23T04:32:04Z 1784781124
2026-07-23T04:33:04Z 1784781184
2026-07-23T04:34:04Z 1784781244
2026-07-23T04:35:04Z 1784781304
2026-07-23T04:36:04Z 1784781364
2026-07-23T04:37:04Z 1784781424
2026-07-23T04:38:04Z 1784781484
2026-07-23T04:39:04Z 1784781544
2026-07-23T04:40:04Z 1784781604
2026-07-23T04:41:04Z 1784781664
2026-07-23T04:42:04Z 1784781724
2026-07-23T04:43:04Z 1784781784
2026-07-23T04:44:04Z 1784781844
2026-07-23T04:45:04Z 1784781904
2026-07-23T04:46:04Z 1784781964
2026-07-23T04:47:04Z 1784782024
2026-07-23T04:48:04Z 1784782084
2026-07-23T04:49:04Z 1784782144
2026-07-23T04:50:04Z 1784782204
2026-07-23T04:51:04Z 1784782264
2026-07-23T04:52:04Z 1784782324
2026-07-23T04:53:04Z 1784782384
2026-07-23T04:54:04Z 1784782444
2026-07-23T04:55:04Z 1784782504
2026-07-23T04:56:04Z 1784782564
2026-07-23T04:57:04Z 1784782624
2026-07-23T04:58:04Z 1784782684
2026-07-23T04:59:04Z 1784782744
2026-07-23T05:00:04Z 1784782804
2026-07-23T05:01:04Z 1784782864
2026-07-23T05:02:04Z 1784782924
2026-07-23T05:03:04Z 1784782984
2026-07-23T05:04:04Z 1784783044
2026-07-23T05:05:04Z 1784783104
2026-07-23T05:06:04Z 1784783164
2026-07-23T05:07:04Z 1784783224
2026-07-23T05:08:04Z 1784783284
2026-07-23T05:09:04Z 1784783344
2026-07-23T05:10:04Z 1784783404
2026-07-23T05:11:04Z 1784783464
2026-07-23T05:12:04Z 1784783524
2026-07-23T05:13:04Z 1784783584
2026-07-23T05:14:04Z 1784783644
2026-07-23T05:15:04Z 1784783704
2026-07-23T05:16:04Z 1784783764
2026-07-23T05:17:04Z 1784783824
2026-07-23T05:18:04Z 1784783884
2026-07-23T05:19:04Z 1784783944
2026-07-23T05:20:04Z 1784784004
2026-07-23T05:21:04Z 1784784064
2026-07-23T05:22:04Z 1784784124
2026-07-23T05:23:04Z 1784784184
2026-07-23T05:24:04Z 1784784244
2026-07-23T05:25:04Z 1784784304
2026-07-23T05:26:04Z 1784784364
2026-07-23T05:27:04Z 1784784424
2026-07-23T05:28:04Z 1784784484
2026-07-23T05:29:04Z 1784784544
2026-07-23T05:30:04Z 1784784604
2026-07-23T05:31:04Z 1784784664
2026-07-23T05:32:04Z 1784784724
2026-07-23T05:33:04Z 1784784784
2026-07-23T05:34:04Z 1784784844
2026-07-23T05:35:04Z 1784784904
2026-07-23T05:36:04Z 1784784964
2026-07-23T05:37:04Z 1784785024
2026-07-23T05:38:04Z 1784785084
2026-07-23T05:39:04Z 1784785144
2026-07-23T05:40:04Z 1784785204
2026-07-23T05:41:04Z 1784785264
2026-07-23T05:42:04Z 1784785324
2026-07-23T05:43:04Z 1784785384
2026-07-23T05:44:04Z 1784785444
2026-07-23T05:45:04Z 1784785504
2026-07-23T05:46:04Z 1784785564
2026-07-23T05:47:04Z 1784785624
2026-07-23T05:48:04Z 1784785684
2026-07-23T05:49:04Z 1784785744
2026-07-23T05:50:04Z 1784785804
2026-07-23T05:51:04Z 1784785864
2026-07-23T05:52:04Z 1784785924
2026-07-23T05:53:04Z 1784785984
2026-07-23T05:54:04Z 1784786044
2026-07-23T05:55:04Z 1784786104
2026-07-23T05:56:04Z 1784786164
2026-07-23T05:57:04Z 1784786224
2026-07-23T05:58:04Z 1784786284
2026-07-23T05:59:04Z 1784786344
2026-07-23T06:00:04Z 1784786404
2026-07-23T06:01:04Z 1784786464
2026-07-23T06:02:04Z 1784786524
2026-07-23T06:03:04Z 1784786584
2026-07-23T06:04:04Z 1784786644
2026-07-23T06:05:04Z 1784786704
2026-07-23T06:06:04Z 1784786764
2026-07-23T06:07:04Z 1784786824
2026-07-23T06:08:04Z 1784786884
2026-07-23T06:09:04Z 1784786944
2026-07-23T06:10:04Z 1784787004
2026-07-23T06:11:04Z 1784787064
2026-07-23T06:12:04Z 1784787124
2026-07-23T06:13:04Z 1784787184
2026-07-23T06:14:04Z 1784787244
2026-07-23T06:15:04Z 1784787304
2026-07-23T06:16:04Z 1784787364
2026-07-23T06:17:04Z 1784787424
2026-07-23T06:18:04Z 1784787484
2026-07-23T06:19:04Z 1784787544
2026-07-23T06:20:04Z 1784787604
2026-07-23T06:21:04Z 1784787664
2026-07-23T06:22:04Z 1784787724
2026-07-23T06:23:04Z 1784787784
2026-07-23T06:24:04Z 1784787844
2026-07-23T06:25:04Z 1784787904
2026-07-23T06:26:04Z 1784787964
2026-07-23T06:27:04Z 1784788024
2026-07-23T06:28:04Z 1784788084
2026-07-23T06:29:04Z 1784788144
2026-07-23T06:30:04Z 1784788204
2026-07-23T06:31:04Z 1784788264
2026-07-23T06:32:04Z 1784788324
2026-07-23T06:33:04Z 1784788384
2026-07-23T06:34:04Z 1784788444
2026-07-23T06:35:04Z 1784788504
2026-07-23T06:36:04Z 1784788564
2026-07-23T06:37:04Z 1784788624
2026-07-23T06:38:04Z 1784788684
2026-07-23T06:39:04Z 1784788744
2026-07-23T06:40:04Z 1784788804
2026-07-23T06:41:04Z 1784788864
2026-07-23T06:42:04Z 1784788924
2026-07-23T06:43:04Z 1784788984
2026-07-23T06:44:04Z 1784789044
2026-07-23T06:45:04Z 1784789104
2026-07-23T06:46:04Z 1784789164
2026-07-23T06:47:04Z 1784789224
2026-07-23T06:48:04Z 1784789284
2026-07-23T06:49:04Z 1784789344
2026-07-23T06:50:04Z 1784789404
2026-07-23T06:51:04Z 1784789464
2026-07-23T06:52:04Z 1784789524
2026-07-23T06:53:04Z 1784789584
2026-07-23T06:54:04Z 1784789644
2026-07-23T06:55:04Z 1784789704
2026-07-23T06:56:04Z 1784789764
2026-07-23T06:57:04Z 1784789824
2026-07-23T06:58:04Z 1784789884
2026-07-23T06:59:04Z 1784789944
2026-07-23T07:00:04Z 1784790004
2026-07-23T07:01:04Z 1784790064
2026-07-23T07:02:04Z 1784790124
2026-07-23T07:03:04Z 1784790184
2026-07-23T07:04:04Z 1784790244
2026-07-23T07:05:04Z 1784790304
2026-07-23T07:06:04Z 1784790364
2026-07-23T07:07:04Z 1784790424
2026-07-23T07:08:04Z 1784790484
2026-07-23T07:09:04Z 1784790544
2026-07-23T07:10:04Z 1784790604
2026-07-23T07:11:04Z 1784790664
2026-07-23T07:12:04Z 1784790724
2026-07-23T07:13:04Z 1784790784
2026-07-23T07:14:04Z 1784790844
2026-07-23T07:15:04Z 1784790904
2026-07-23T07:16:04Z 1784790964
2026-07-23T07:17:04Z 1784791024
2026-07-23T07:18:04Z 1784791084
2026-07-23T07:19:04Z 1784791144
2026-07-23T07:20:04Z 1784791204
2026-07-23T07:21:04Z 1784791264
2026-07-23T07:22:04Z 1784791324
2026-07-23T07:23:04Z 1784791384
2026-07-23T07:24:04Z 1784791444
2026-07-23T07:25:04Z 1784791504
2026-07-23T07:26:04Z 1784791564
2026-07-23T07:27:04Z 1784791624
2026-07-23T07:28:04Z 1784791684
2026-07-23T07:29:04Z 1784791744
2026-07-23T07:30:04Z 1784791804
2026-07-23T07:31:04Z 1784791864
2026-07-23T07:32:04Z 1784791924
2026-07-23T07:33:04Z 1784791984
2026-07-23T07:34:04Z 1784792044
2026-07-23T07:35:04Z 1784792104
2026-07-23T07:36:04Z 1784792164
2026-07-23T07:37:04Z 1784792224
2026-07-23T07:38:04Z 1784792284
2026-07-23T07:39:04Z 1784792344
2026-07-23T07:40:04Z 1784792404
2026-07-23T07:41:04Z 1784792464
2026-07-23T07:42:04Z 1784792524
2026-07-23T07:43:04Z 1784792584
2026-07-23T07:44:04Z 1784792644
2026-07-23T07:45:04Z 1784792704
2026-07-23T07:46:04Z 1784792764
2026-07-23T07:47:04Z 1784792824
2026-07-23T07:48:04Z 1784792884
2026-07-23T07:49:04Z 1784792944
2026-07-23T07:50:04Z 1784793004
2026-07-23T07:51:04Z 1784793064
2026-07-23T07:52:04Z 1784793124
2026-07-23T07:53:04Z 1784793184
2026-07-23T07:54:04Z 1784793244
2026-07-23T07:55:04Z 1784793304
2026-07-23T07:56:04Z 1784793364
2026-07-23T07:57:04Z 1784793424
2026-07-23T07:58:04Z 1784793484
2026-07-23T07:59:04Z 1784793544
2026-07-23T08:00:04Z 1784793604
2026-07-23T08:01:04Z 1784793664
2026-07-23T08:02:04Z 1784793724
2026-07-23T08:03:04Z 1784793784
2026-07-23T08:04:04Z 1784793844
2026-07-23T08:05:04Z 1784793904
2026-07-23T08:06:01Z 1784793961
2026-07-23T08:07:04Z 1784794024
2026-07-23T08:08:04Z 1784794084
2026-07-23T08:09:04Z 1784794144
2026-07-23T08:10:04Z 1784794204
2026-07-23T08:11:04Z 1784794264
2026-07-23T08:12:04Z 1784794324
2026-07-23T08:13:04Z 1784794384
2026-07-23T08:14:04Z 1784794444
2026-07-23T08:15:04Z 1784794504
2026-07-23T08:16:04Z 1784794564
2026-07-23T08:17:04Z 1784794624
2026-07-23T08:18:04Z 1784794684
2026-07-23T08:19:04Z 1784794744
2026-07-23T08:20:04Z 1784794804
2026-07-23T08:21:04Z 1784794864
2026-07-23T08:22:04Z 1784794924
2026-07-23T08:23:04Z 1784794984
2026-07-23T08:24:04Z 1784795044
2026-07-23T08:25:04Z 1784795104
2026-07-23T08:26:04Z 1784795164
2026-07-23T08:27:04Z 1784795224
2026-07-23T08:28:04Z 1784795284
2026-07-23T08:29:04Z 1784795344
2026-07-23T08:30:04Z 1784795404
2026-07-23T08:31:04Z 1784795464
2026-07-23T08:32:04Z 1784795524
2026-07-23T08:33:04Z 1784795584
2026-07-23T08:34:04Z 1784795644
2026-07-23T08:35:04Z 1784795704
2026-07-23T08:36:04Z 1784795764
2026-07-23T08:37:04Z 1784795824
2026-07-23T08:38:04Z 1784795884
2026-07-23T08:39:04Z 1784795944
2026-07-23T08:40:04Z 1784796004
2026-07-23T08:41:04Z 1784796064
2026-07-23T08:42:04Z 1784796124
2026-07-23T08:43:04Z 1784796184
2026-07-23T08:44:04Z 1784796244
2026-07-23T08:45:04Z 1784796304
2026-07-23T08:46:04Z 1784796364
2026-07-23T08:47:04Z 1784796424
2026-07-23T08:48:04Z 1784796484
2026-07-23T08:49:04Z 1784796544
2026-07-23T08:50:04Z 1784796604
2026-07-23T08:51:04Z 1784796664
2026-07-23T08:52:04Z 1784796724
2026-07-23T08:53:04Z 1784796784
2026-07-23T08:54:04Z 1784796844
2026-07-23T08:55:04Z 1784796904
2026-07-23T08:56:04Z 1784796964
2026-07-23T08:57:04Z 1784797024
2026-07-23T08:58:04Z 1784797084
2026-07-23T08:59:04Z 1784797144
2026-07-23T09:00:04Z 1784797204
2026-07-23T09:01:04Z 1784797264
2026-07-23T09:02:04Z 1784797324
2026-07-23T09:03:04Z 1784797384
2026-07-23T09:04:04Z 1784797444
2026-07-23T09:05:04Z 1784797504
2026-07-23T09:06:04Z 1784797564
2026-07-23T09:07:04Z 1784797624
2026-07-23T09:08:04Z 1784797684
2026-07-23T09:09:04Z 1784797744
2026-07-23T09:10:04Z 1784797804
2026-07-23T09:11:04Z 1784797864
2026-07-23T09:12:04Z 1784797924
2026-07-23T09:13:04Z 1784797984
2026-07-23T09:14:04Z 1784798044
2026-07-23T09:15:04Z 1784798104
2026-07-23T09:16:04Z 1784798164
2026-07-23T09:17:04Z 1784798224
2026-07-23T09:18:04Z 1784798284
2026-07-23T09:19:04Z 1784798344
2026-07-23T09:20:04Z 1784798404
2026-07-23T09:21:04Z 1784798464
2026-07-23T09:22:04Z 1784798524
2026-07-23T09:23:04Z 1784798584
2026-07-23T09:24:04Z 1784798644
2026-07-23T09:25:04Z 1784798704
2026-07-23T09:26:04Z 1784798764
2026-07-23T09:27:04Z 1784798824
2026-07-23T09:28:04Z 1784798884
2026-07-23T09:29:04Z 1784798944
2026-07-23T09:30:04Z 1784799004
2026-07-23T09:31:04Z 1784799064
2026-07-23T09:32:04Z 1784799124
2026-07-23T09:33:04Z 1784799184
2026-07-23T09:34:04Z 1784799244
2026-07-23T09:35:04Z 1784799304
2026-07-23T09:36:04Z 1784799364
2026-07-23T09:37:04Z 1784799424
2026-07-23T09:38:04Z 1784799484
2026-07-23T09:39:04Z 1784799544
2026-07-23T09:40:04Z 1784799604
2026-07-23T09:41:04Z 1784799664
2026-07-23T09:42:04Z 1784799724
2026-07-23T09:43:04Z 1784799784
2026-07-23T09:44:04Z 1784799844
2026-07-23T09:45:04Z 1784799904
2026-07-23T09:46:04Z 1784799964
2026-07-23T09:47:04Z 1784800024
2026-07-23T09:48:04Z 1784800084
2026-07-23T09:49:04Z 1784800144
2026-07-23T09:50:04Z 1784800204
2026-07-23T09:51:04Z 1784800264
2026-07-23T09:52:04Z 1784800324
2026-07-23T09:53:04Z 1784800384
2026-07-23T09:54:04Z 1784800444
2026-07-23T09:55:04Z 1784800504
2026-07-23T09:56:04Z 1784800564
2026-07-23T09:57:04Z 1784800624
2026-07-23T09:58:04Z 1784800684
2026-07-23T09:59:04Z 1784800744
2026-07-23T10:00:04Z 1784800804
2026-07-23T10:01:04Z 1784800864
2026-07-23T10:02:04Z 1784800924
2026-07-23T10:03:04Z 1784800984
2026-07-23T10:04:04Z 1784801044
2026-07-23T10:05:04Z 1784801104
2026-07-23T10:06:04Z 1784801164
2026-07-23T10:07:04Z 1784801224
2026-07-23T10:08:04Z 1784801284
2026-07-23T10:09:04Z 1784801344
2026-07-23T10:10:04Z 1784801404
2026-07-23T10:11:04Z 1784801464
2026-07-23T10:12:04Z 1784801524
2026-07-23T10:13:04Z 1784801584
2026-07-23T10:14:04Z 1784801644
2026-07-23T10:15:04Z 1784801704
2026-07-23T10:16:04Z 1784801764
2026-07-23T10:17:04Z 1784801824
2026-07-23T10:18:04Z 1784801884
2026-07-23T10:19:04Z 1784801944
2026-07-23T10:20:04Z 1784802004
2026-07-23T10:21:04Z 1784802064
2026-07-23T10:22:04Z 1784802124
2026-07-23T10:23:04Z 1784802184
2026-07-23T10:24:04Z 1784802244
2026-07-23T10:25:04Z 1784802304
2026-07-23T10:26:04Z 1784802364
2026-07-23T10:27:04Z 1784802424
2026-07-23T10:28:04Z 1784802484
2026-07-23T10:29:04Z 1784802544
2026-07-23T10:30:04Z 1784802604
2026-07-23T10:31:04Z 1784802664
2026-07-23T10:32:04Z 1784802724
2026-07-23T10:33:04Z 1784802784
2026-07-23T10:34:04Z 1784802844
2026-07-23T10:35:04Z 1784802904
2026-07-23T10:36:04Z 1784802964
2026-07-23T10:37:04Z 1784803024
2026-07-23T10:38:04Z 1784803084
2026-07-23T10:39:04Z 1784803144
2026-07-23T10:40:04Z 1784803204
2026-07-23T10:41:04Z 1784803264
2026-07-23T10:42:04Z 1784803324
2026-07-23T10:43:04Z 1784803384
2026-07-23T10:44:04Z 1784803444
2026-07-23T10:45:04Z 1784803504
2026-07-23T10:46:04Z 1784803564
2026-07-23T10:47:04Z 1784803624
2026-07-23T10:48:04Z 1784803684
2026-07-23T10:49:04Z 1784803744
2026-07-23T10:50:04Z 1784803804
2026-07-23T10:51:04Z 1784803864
2026-07-23T10:52:04Z 1784803924
2026-07-23T10:53:04Z 1784803984
2026-07-23T10:54:04Z 1784804044
2026-07-23T10:55:04Z 1784804104
2026-07-23T10:56:04Z 1784804164
2026-07-23T10:57:04Z 1784804224
2026-07-23T10:58:04Z 1784804284
2026-07-23T10:59:04Z 1784804344
2026-07-23T11:00:04Z 1784804404
2026-07-23T11:01:04Z 1784804464
2026-07-23T11:02:04Z 1784804524
2026-07-23T11:03:00Z 1784804580
2026-07-23T11:04:04Z 1784804644
2026-07-23T11:05:04Z 1784804704
2026-07-23T11:06:04Z 1784804764
2026-07-23T11:07:04Z 1784804824
2026-07-23T11:08:00Z 1784804880
2026-07-23T11:09:04Z 1784804944
2026-07-23T11:10:04Z 1784805004
2026-07-23T11:11:04Z 1784805064
2026-07-23T11:12:04Z 1784805124
2026-07-23T11:13:00Z 1784805180
2026-07-23T11:14:04Z 1784805244
2026-07-23T11:15:04Z 1784805304
2026-07-23T11:16:04Z 1784805364
2026-07-23T11:17:04Z 1784805424
2026-07-23T11:18:00Z 1784805480
2026-07-23T11:19:04Z 1784805544
2026-07-23T11:20:04Z 1784805604
2026-07-23T11:21:04Z 1784805664
2026-07-23T11:22:04Z 1784805724
2026-07-23T11:23:00Z 1784805780
2026-07-23T11:24:04Z 1784805844
2026-07-23T11:25:04Z 1784805904
2026-07-23T11:26:04Z 1784805964
2026-07-23T11:27:04Z 1784806024
2026-07-23T11:28:00Z 1784806080
2026-07-23T11:29:04Z 1784806144
2026-07-23T11:30:04Z 1784806204
2026-07-23T11:31:04Z 1784806264
2026-07-23T11:32:04Z 1784806324
2026-07-23T11:33:01Z 1784806381
2026-07-23T11:34:04Z 1784806444
2026-07-23T11:35:04Z 1784806504
2026-07-23T11:36:04Z 1784806564
2026-07-23T11:37:04Z 1784806624
2026-07-23T11:38:01Z 1784806681
2026-07-23T11:39:04Z 1784806744
2026-07-23T11:40:04Z 1784806804
2026-07-23T11:41:04Z 1784806864
2026-07-23T11:42:04Z 1784806924
2026-07-23T11:43:01Z 1784806981
2026-07-23T11:44:04Z 1784807044
2026-07-23T11:45:04Z 1784807104
2026-07-23T11:46:04Z 1784807164
2026-07-23T11:47:04Z 1784807224
2026-07-23T11:48:01Z 1784807281
2026-07-23T11:49:04Z 1784807344
2026-07-23T11:50:04Z 1784807404
2026-07-23T11:51:04Z 1784807464
2026-07-23T11:52:04Z 1784807524
2026-07-23T11:53:01Z 1784807581
2026-07-23T11:54:04Z 1784807644
2026-07-23T11:55:04Z 1784807704
2026-07-23T11:56:04Z 1784807764
2026-07-23T11:57:04Z 1784807824
2026-07-23T11:58:01Z 1784807881
2026-07-23T11:59:04Z 1784807944
2026-07-23T12:00:04Z 1784808004
2026-07-23T12:01:04Z 1784808064
2026-07-23T12:02:04Z 1784808124
2026-07-23T12:03:02Z 1784808182
2026-07-23T12:04:04Z 1784808244
2026-07-23T12:05:04Z 1784808304
2026-07-23T12:06:04Z 1784808364
2026-07-23T12:07:04Z 1784808424
2026-07-23T12:08:02Z 1784808482
2026-07-23T12:09:04Z 1784808544
2026-07-23T12:10:04Z 1784808604
2026-07-23T12:11:04Z 1784808664
2026-07-23T12:12:04Z 1784808724
2026-07-23T12:13:02Z 1784808782
2026-07-23T12:14:04Z 1784808844
2026-07-23T12:15:04Z 1784808904
2026-07-23T12:16:04Z 1784808964
2026-07-23T12:17:04Z 1784809024
2026-07-23T12:18:02Z 1784809082
2026-07-23T12:19:04Z 1784809144
2026-07-23T12:20:04Z 1784809204
2026-07-23T12:21:04Z 1784809264
2026-07-23T12:22:04Z 1784809324
2026-07-23T12:23:02Z 1784809382
2026-07-23T12:24:04Z 1784809444
2026-07-23T12:25:04Z 1784809504
2026-07-23T12:26:04Z 1784809564
2026-07-23T12:27:04Z 1784809624
2026-07-23T12:28:02Z 1784809682
2026-07-23T12:29:04Z 1784809744
2026-07-23T12:30:04Z 1784809804
2026-07-23T12:31:04Z 1784809864
2026-07-23T12:32:04Z 1784809924
2026-07-23T12:33:02Z 1784809982
2026-07-23T12:34:04Z 1784810044
2026-07-23T12:35:04Z 1784810104
2026-07-23T12:36:04Z 1784810164
2026-07-23T12:37:04Z 1784810224
2026-07-23T12:38:03Z 1784810283
2026-07-23T12:39:04Z 1784810344
2026-07-23T12:40:04Z 1784810404
2026-07-23T12:41:04Z 1784810464
2026-07-23T12:42:04Z 1784810524
2026-07-23T12:43:03Z 1784810583
2026-07-23T12:44:04Z 1784810644
2026-07-23T12:45:04Z 1784810704
2026-07-23T12:46:04Z 1784810764
2026-07-23T12:47:04Z 1784810824
2026-07-23T12:48:03Z 1784810883
2026-07-23T12:49:04Z 1784810944
2026-07-23T12:50:04Z 1784811004
2026-07-23T12:51:04Z 1784811064
2026-07-23T12:52:04Z 1784811124
2026-07-23T12:53:03Z 1784811183
2026-07-23T12:54:04Z 1784811244
2026-07-23T12:55:04Z 1784811304
2026-07-23T12:56:04Z 1784811364
2026-07-23T12:57:04Z 1784811424
2026-07-23T12:58:03Z 1784811483
2026-07-23T12:59:04Z 1784811544
2026-07-23T13:00:04Z 1784811604
2026-07-23T13:01:04Z 1784811664
2026-07-23T13:02:04Z 1784811724
2026-07-23T13:03:03Z 1784811783
2026-07-23T13:04:04Z 1784811844
2026-07-23T13:05:04Z 1784811904
2026-07-23T13:06:04Z 1784811964
2026-07-23T13:07:04Z 1784812024
2026-07-23T13:08:04Z 1784812084
2026-07-23T13:09:04Z 1784812144
2026-07-23T13:10:04Z 1784812204
2026-07-23T13:11:04Z 1784812264
2026-07-23T13:12:04Z 1784812324
2026-07-23T13:13:04Z 1784812384
2026-07-23T13:14:04Z 1784812444
2026-07-23T13:15:04Z 1784812504
2026-07-23T13:16:04Z 1784812564
2026-07-23T13:17:04Z 1784812624
2026-07-23T13:18:04Z 1784812684
2026-07-23T13:19:04Z 1784812744
2026-07-23T13:20:04Z 1784812804
2026-07-23T13:21:04Z 1784812864
2026-07-23T13:22:04Z 1784812924
2026-07-23T13:23:04Z 1784812984
2026-07-23T13:24:04Z 1784813044
2026-07-23T13:25:04Z 1784813104
2026-07-23T13:26:04Z 1784813164
2026-07-23T13:27:04Z 1784813224
2026-07-23T13:28:04Z 1784813284
2026-07-23T13:29:04Z 1784813344
2026-07-23T13:30:04Z 1784813404
2026-07-23T13:31:04Z 1784813464
2026-07-23T13:32:04Z 1784813524
2026-07-23T13:33:04Z 1784813584
2026-07-23T13:34:04Z 1784813644
2026-07-23T13:35:04Z 1784813704
2026-07-23T13:36:04Z 1784813764
2026-07-23T13:37:04Z 1784813824
2026-07-23T13:38:04Z 1784813884
2026-07-23T13:39:04Z 1784813944
2026-07-23T13:40:04Z 1784814004
2026-07-23T13:41:04Z 1784814064
2026-07-23T13:42:04Z 1784814124
2026-07-23T13:43:04Z 1784814184
2026-07-23T13:44:04Z 1784814244
2026-07-23T13:45:04Z 1784814304
2026-07-23T13:46:04Z 1784814364
2026-07-23T13:47:04Z 1784814424
2026-07-23T13:48:04Z 1784814484
2026-07-23T13:49:04Z 1784814544
2026-07-23T13:50:04Z 1784814604
2026-07-23T13:51:04Z 1784814664
2026-07-23T13:52:04Z 1784814724
2026-07-23T13:53:04Z 1784814784
2026-07-23T13:54:04Z 1784814844
2026-07-23T13:55:04Z 1784814904
2026-07-23T13:56:04Z 1784814964
2026-07-23T13:57:04Z 1784815024
2026-07-23T13:58:04Z 1784815084
2026-07-23T13:59:04Z 1784815144
2026-07-23T14:00:04Z 1784815204
2026-07-23T14:01:04Z 1784815264
2026-07-23T14:02:04Z 1784815324
2026-07-23T14:03:04Z 1784815384
2026-07-23T14:04:04Z 1784815444
2026-07-23T14:05:04Z 1784815504
2026-07-23T14:06:02Z 1784815562
2026-07-23T14:07:04Z 1784815624
2026-07-23T14:08:04Z 1784815684
2026-07-23T14:09:04Z 1784815744
2026-07-23T14:10:04Z 1784815804
2026-07-23T14:11:04Z 1784815864
2026-07-23T14:12:04Z 1784815924
2026-07-23T14:13:04Z 1784815984
2026-07-23T14:14:04Z 1784816044
2026-07-23T14:15:04Z 1784816104
2026-07-23T14:16:04Z 1784816164
2026-07-23T14:17:04Z 1784816224
2026-07-23T14:18:04Z 1784816284
2026-07-23T14:19:04Z 1784816344
2026-07-23T14:20:04Z 1784816404
2026-07-23T14:21:04Z 1784816464
2026-07-23T14:22:04Z 1784816524
2026-07-23T14:23:04Z 1784816584
2026-07-23T14:24:04Z 1784816644
2026-07-23T14:25:04Z 1784816704
2026-07-23T14:26:04Z 1784816764
2026-07-23T14:27:04Z 1784816824
2026-07-23T14:28:04Z 1784816884
2026-07-23T14:29:04Z 1784816944
2026-07-23T14:30:04Z 1784817004
2026-07-23T14:31:04Z 1784817064
2026-07-23T14:32:04Z 1784817124
2026-07-23T14:33:04Z 1784817184
2026-07-23T14:34:04Z 1784817244
2026-07-23T14:35:04Z 1784817304
2026-07-23T14:36:04Z 1784817364
2026-07-23T14:37:04Z 1784817424
2026-07-23T14:38:04Z 1784817484
2026-07-23T14:39:04Z 1784817544
2026-07-23T14:40:04Z 1784817604
2026-07-23T14:41:04Z 1784817664
2026-07-23T14:42:04Z 1784817724
2026-07-23T14:43:04Z 1784817784
2026-07-23T14:44:04Z 1784817844
2026-07-23T14:45:04Z 1784817904
2026-07-23T14:46:04Z 1784817964
2026-07-23T14:47:04Z 1784818024
2026-07-23T14:48:04Z 1784818084
2026-07-23T14:49:04Z 1784818144
2026-07-23T14:50:04Z 1784818204
2026-07-23T14:51:04Z 1784818264
2026-07-23T14:52:04Z 1784818324
2026-07-23T14:53:04Z 1784818384
2026-07-23T14:54:04Z 1784818444
2026-07-23T14:55:04Z 1784818504
2026-07-23T14:56:04Z 1784818564
2026-07-23T14:57:04Z 1784818624
2026-07-23T14:58:04Z 1784818684
2026-07-23T14:59:04Z 1784818744
2026-07-23T15:00:04Z 1784818804
2026-07-23T15:01:04Z 1784818864
2026-07-23T15:02:04Z 1784818924
2026-07-23T15:03:04Z 1784818984
2026-07-23T15:04:04Z 1784819044
2026-07-23T15:05:04Z 1784819104
2026-07-23T15:06:04Z 1784819164
2026-07-23T15:07:04Z 1784819224
2026-07-23T15:08:04Z 1784819284
2026-07-23T15:09:04Z 1784819344
2026-07-23T15:10:04Z 1784819404
2026-07-23T15:11:04Z 1784819464
2026-07-23T15:12:04Z 1784819524
2026-07-23T15:13:04Z 1784819584
2026-07-23T15:14:04Z 1784819644
2026-07-23T15:15:04Z 1784819704
2026-07-23T15:16:04Z 1784819764
2026-07-23T15:17:04Z 1784819824
2026-07-23T15:18:04Z 1784819884
2026-07-23T15:19:04Z 1784819944
2026-07-23T15:20:04Z 1784820004
2026-07-23T15:21:04Z 1784820064
2026-07-23T15:22:04Z 1784820124
2026-07-23T15:23:04Z 1784820184
2026-07-23T15:24:04Z 1784820244
2026-07-23T15:25:04Z 1784820304
2026-07-23T15:26:04Z 1784820364
2026-07-23T15:27:04Z 1784820424
2026-07-23T15:28:04Z 1784820484
2026-07-23T15:29:04Z 1784820544
2026-07-23T15:30:04Z 1784820604
2026-07-23T15:31:04Z 1784820664
2026-07-23T15:32:04Z 1784820724
2026-07-23T15:33:04Z 1784820784
2026-07-23T15:34:04Z 1784820844
2026-07-23T15:35:04Z 1784820904
2026-07-23T15:36:04Z 1784820964
2026-07-23T15:37:04Z 1784821024
2026-07-23T15:38:04Z 1784821084
2026-07-23T15:39:04Z 1784821144
2026-07-23T15:40:04Z 1784821204
2026-07-23T15:41:04Z 1784821264
2026-07-23T15:42:04Z 1784821324
2026-07-23T15:43:04Z 1784821384
2026-07-23T15:44:04Z 1784821444
2026-07-23T15:45:04Z 1784821504
2026-07-23T15:46:04Z 1784821564
2026-07-23T15:47:04Z 1784821624
2026-07-23T15:48:04Z 1784821684
2026-07-23T15:49:04Z 1784821744
2026-07-23T15:50:04Z 1784821804
2026-07-23T15:51:04Z 1784821864
2026-07-23T15:52:04Z 1784821924
2026-07-23T15:53:04Z 1784821984
2026-07-23T15:54:04Z 1784822044
2026-07-23T15:55:04Z 1784822104
2026-07-23T15:56:04Z 1784822164
2026-07-23T15:57:04Z 1784822224
2026-07-23T15:58:04Z 1784822284
2026-07-23T15:59:04Z 1784822344
2026-07-23T16:00:04Z 1784822404
2026-07-23T16:01:04Z 1784822464
2026-07-23T16:02:04Z 1784822524
2026-07-23T16:03:04Z 1784822584
2026-07-23T16:04:04Z 1784822644
2026-07-23T16:05:04Z 1784822704
2026-07-23T16:06:04Z 1784822764
2026-07-23T16:07:04Z 1784822824
2026-07-23T16:08:04Z 1784822884
2026-07-23T16:09:04Z 1784822944
2026-07-23T16:10:04Z 1784823004
2026-07-23T16:11:04Z 1784823064
2026-07-23T16:12:04Z 1784823124
2026-07-23T16:13:04Z 1784823184
2026-07-23T16:14:04Z 1784823244
2026-07-23T16:15:04Z 1784823304
2026-07-23T16:16:04Z 1784823364
2026-07-23T16:17:04Z 1784823424
2026-07-23T16:18:04Z 1784823484
2026-07-23T16:19:04Z 1784823544
2026-07-23T16:20:04Z 1784823604
2026-07-23T16:21:04Z 1784823664
2026-07-23T16:22:04Z 1784823724
2026-07-23T16:23:04Z 1784823784
2026-07-23T16:24:04Z 1784823844
2026-07-23T16:25:04Z 1784823904
2026-07-23T16:26:04Z 1784823964
2026-07-23T16:27:04Z 1784824024
2026-07-23T16:28:04Z 1784824084
2026-07-23T16:29:04Z 1784824144
2026-07-23T16:30:04Z 1784824204
2026-07-23T16:31:04Z 1784824264
2026-07-23T16:32:04Z 1784824324
2026-07-23T16:33:04Z 1784824384
2026-07-23T16:34:04Z 1784824444
2026-07-23T16:35:04Z 1784824504
2026-07-23T16:36:04Z 1784824564
2026-07-23T16:37:04Z 1784824624
2026-07-23T16:38:04Z 1784824684
2026-07-23T16:39:04Z 1784824744
2026-07-23T16:40:04Z 1784824804
2026-07-23T16:41:04Z 1784824864
2026-07-23T16:42:04Z 1784824924
2026-07-23T16:43:04Z 1784824984
2026-07-23T16:44:04Z 1784825044
2026-07-23T16:45:04Z 1784825104
2026-07-23T16:46:04Z 1784825164
2026-07-23T16:47:04Z 1784825224
2026-07-23T16:48:04Z 1784825284
2026-07-23T16:49:04Z 1784825344
2026-07-23T16:50:04Z 1784825404
2026-07-23T16:51:04Z 1784825464
2026-07-23T16:52:04Z 1784825524
2026-07-23T16:53:04Z 1784825584
2026-07-23T16:54:04Z 1784825644
2026-07-23T16:55:04Z 1784825704
2026-07-23T16:56:04Z 1784825764
2026-07-23T16:57:04Z 1784825824
2026-07-23T16:58:04Z 1784825884
2026-07-23T16:59:04Z 1784825944
2026-07-23T17:00:04Z 1784826004
2026-07-23T17:01:04Z 1784826064
2026-07-23T17:02:04Z 1784826124
2026-07-23T17:03:04Z 1784826184
2026-07-23T17:04:04Z 1784826244
2026-07-23T17:05:04Z 1784826304
2026-07-23T17:06:04Z 1784826364
2026-07-23T17:07:04Z 1784826424
2026-07-23T17:08:04Z 1784826484
2026-07-23T17:09:04Z 1784826544
2026-07-23T17:10:04Z 1784826604
2026-07-23T17:11:04Z 1784826664
2026-07-23T17:12:04Z 1784826724
2026-07-23T17:13:04Z 1784826784
2026-07-23T17:14:04Z 1784826844
2026-07-23T17:15:04Z 1784826904
2026-07-23T17:16:04Z 1784826964
2026-07-23T17:17:04Z 1784827024
2026-07-23T17:18:04Z 1784827084
2026-07-23T17:19:04Z 1784827144
2026-07-23T17:20:04Z 1784827204
2026-07-23T17:21:04Z 1784827264
2026-07-23T17:22:04Z 1784827324
2026-07-23T17:23:04Z 1784827384
2026-07-23T17:24:04Z 1784827444
2026-07-23T17:25:04Z 1784827504
2026-07-23T17:26:04Z 1784827564
2026-07-23T17:27:04Z 1784827624
2026-07-23T17:28:04Z 1784827684
2026-07-23T17:29:04Z 1784827744
2026-07-23T17:30:04Z 1784827804
2026-07-23T17:31:04Z 1784827864
2026-07-23T17:32:04Z 1784827924
2026-07-23T17:33:04Z 1784827984
2026-07-23T17:34:04Z 1784828044
2026-07-23T17:35:04Z 1784828104
2026-07-23T17:36:04Z 1784828164
2026-07-23T17:37:04Z 1784828224
2026-07-23T17:38:04Z 1784828284
2026-07-23T17:39:04Z 1784828344
2026-07-23T17:40:04Z 1784828404
2026-07-23T17:41:04Z 1784828464
2026-07-23T17:42:04Z 1784828524
2026-07-23T17:43:04Z 1784828584
2026-07-23T17:44:04Z 1784828644
2026-07-23T17:45:04Z 1784828704
2026-07-23T17:46:04Z 1784828764
2026-07-23T17:47:04Z 1784828824
2026-07-23T17:48:04Z 1784828884
2026-07-23T17:49:04Z 1784828944
2026-07-23T17:50:04Z 1784829004
2026-07-23T17:51:04Z 1784829064
2026-07-23T17:52:04Z 1784829124
2026-07-23T17:53:04Z 1784829184
2026-07-23T17:54:04Z 1784829244
2026-07-23T17:55:04Z 1784829304
2026-07-23T17:56:04Z 1784829364
2026-07-23T17:57:04Z 1784829424
2026-07-23T17:58:04Z 1784829484
2026-07-23T17:59:04Z 1784829544
2026-07-23T18:00:04Z 1784829604
2026-07-23T18:01:04Z 1784829664
2026-07-23T18:02:04Z 1784829724
2026-07-23T18:03:04Z 1784829784
2026-07-23T18:04:04Z 1784829844
2026-07-23T18:05:04Z 1784829904
2026-07-23T18:06:04Z 1784829964
2026-07-23T18:07:04Z 1784830024
2026-07-23T18:08:04Z 1784830084
2026-07-23T18:09:04Z 1784830144
2026-07-23T18:10:04Z 1784830204
2026-07-23T18:11:04Z 1784830264
2026-07-23T18:12:04Z 1784830324
2026-07-23T18:13:04Z 1784830384
2026-07-23T18:14:04Z 1784830444
2026-07-23T18:15:04Z 1784830504
2026-07-23T18:16:04Z 1784830564
2026-07-23T18:17:04Z 1784830624
2026-07-23T18:18:04Z 1784830684
2026-07-23T18:19:04Z 1784830744
2026-07-23T18:20:04Z 1784830804
2026-07-23T18:21:04Z 1784830864
2026-07-23T18:22:04Z 1784830924
2026-07-23T18:23:04Z 1784830984
2026-07-23T18:24:04Z 1784831044
2026-07-23T18:25:04Z 1784831104
2026-07-23T18:26:04Z 1784831164
2026-07-23T18:27:04Z 1784831224
2026-07-23T18:28:04Z 1784831284
2026-07-23T18:29:04Z 1784831344
2026-07-23T18:30:04Z 1784831404
2026-07-23T18:31:04Z 1784831464
2026-07-23T18:32:04Z 1784831524
2026-07-23T18:33:04Z 1784831584
2026-07-23T18:34:04Z 1784831644
2026-07-23T18:35:04Z 1784831704
2026-07-23T18:36:04Z 1784831764
2026-07-23T18:37:04Z 1784831824
2026-07-23T18:38:04Z 1784831884
2026-07-23T18:39:04Z 1784831944
2026-07-23T18:40:04Z 1784832004
2026-07-23T18:41:04Z 1784832064
2026-07-23T18:42:04Z 1784832124
2026-07-23T18:43:04Z 1784832184
2026-07-23T18:44:04Z 1784832244
2026-07-23T18:45:04Z 1784832304
2026-07-23T18:46:04Z 1784832364
2026-07-23T18:47:04Z 1784832424
2026-07-23T18:48:04Z 1784832484
2026-07-23T18:49:04Z 1784832544
2026-07-23T18:50:04Z 1784832604
2026-07-23T18:51:04Z 1784832664
2026-07-23T18:52:04Z 1784832724
2026-07-23T18:53:04Z 1784832784
2026-07-23T18:54:04Z 1784832844
2026-07-23T18:55:04Z 1784832904
2026-07-23T18:56:04Z 1784832964
2026-07-23T18:57:04Z 1784833024
2026-07-23T18:58:04Z 1784833084
2026-07-23T18:59:04Z 1784833144
2026-07-23T19:00:04Z 1784833204
2026-07-23T19:01:04Z 1784833264
2026-07-23T19:02:04Z 1784833324
2026-07-23T19:03:04Z 1784833384
2026-07-23T19:04:04Z 1784833444
2026-07-23T19:05:04Z 1784833504
2026-07-23T19:06:04Z 1784833564
2026-07-23T19:07:04Z 1784833624
2026-07-23T19:08:04Z 1784833684
2026-07-23T19:09:04Z 1784833744
2026-07-23T19:10:04Z 1784833804
2026-07-23T19:11:04Z 1784833864
2026-07-23T19:12:04Z 1784833924
2026-07-23T19:13:04Z 1784833984
2026-07-23T19:14:04Z 1784834044
2026-07-23T19:15:04Z 1784834104
2026-07-23T19:16:04Z 1784834164
2026-07-23T19:17:04Z 1784834224
2026-07-23T19:18:04Z 1784834284
2026-07-23T19:19:04Z 1784834344
2026-07-23T19:20:04Z 1784834404
2026-07-23T19:21:04Z 1784834464
2026-07-23T19:22:04Z 1784834524
2026-07-23T19:23:04Z 1784834584
2026-07-23T19:24:04Z 1784834644
2026-07-23T19:25:04Z 1784834704
2026-07-23T19:26:04Z 1784834764
2026-07-23T19:27:04Z 1784834824
2026-07-23T19:28:04Z 1784834884
2026-07-23T19:29:04Z 1784834944
2026-07-23T19:30:04Z 1784835004
2026-07-23T19:31:04Z 1784835064
2026-07-23T19:32:04Z 1784835124
2026-07-23T19:33:04Z 1784835184
2026-07-23T19:34:04Z 1784835244
2026-07-23T19:35:04Z 1784835304
2026-07-23T19:36:04Z 1784835364
2026-07-23T19:37:04Z 1784835424
2026-07-23T19:38:04Z 1784835484
2026-07-23T19:39:04Z 1784835544
2026-07-23T19:40:04Z 1784835604
2026-07-23T19:41:04Z 1784835664
2026-07-23T19:42:04Z 1784835724
2026-07-23T19:43:04Z 1784835784
2026-07-23T19:44:04Z 1784835844
2026-07-23T19:45:04Z 1784835904
2026-07-23T19:46:04Z 1784835964
2026-07-23T19:47:04Z 1784836024
2026-07-23T19:48:04Z 1784836084
2026-07-23T19:49:04Z 1784836144
2026-07-23T19:50:04Z 1784836204
2026-07-23T19:51:04Z 1784836264
2026-07-23T19:52:04Z 1784836324
2026-07-23T19:53:04Z 1784836384
2026-07-23T19:54:04Z 1784836444
2026-07-23T19:55:04Z 1784836504
2026-07-23T19:56:04Z 1784836564
2026-07-23T19:57:04Z 1784836624
2026-07-23T19:58:04Z 1784836684
2026-07-23T19:59:04Z 1784836744
2026-07-23T20:00:04Z 1784836804
2026-07-23T20:01:04Z 1784836864
2026-07-23T20:02:04Z 1784836924
2026-07-23T20:03:04Z 1784836984
2026-07-23T20:04:04Z 1784837044
2026-07-23T20:05:04Z 1784837104
2026-07-23T20:06:03Z 1784837163
2026-07-23T20:07:04Z 1784837224
2026-07-23T20:08:04Z 1784837284
2026-07-23T20:09:04Z 1784837344
2026-07-23T20:10:04Z 1784837404
2026-07-23T20:11:04Z 1784837464
2026-07-23T20:12:04Z 1784837524
2026-07-23T20:13:04Z 1784837584
2026-07-23T20:14:04Z 1784837644
2026-07-23T20:15:04Z 1784837704
2026-07-23T20:16:04Z 1784837764
2026-07-23T20:17:04Z 1784837824
2026-07-23T20:18:04Z 1784837884
2026-07-23T20:19:04Z 1784837944
2026-07-23T20:20:04Z 1784838004
2026-07-23T20:21:04Z 1784838064
2026-07-23T20:22:04Z 1784838124
2026-07-23T20:23:04Z 1784838184
2026-07-23T20:24:04Z 1784838244
2026-07-23T20:25:04Z 1784838304
2026-07-23T20:26:04Z 1784838364
2026-07-23T20:27:04Z 1784838424
2026-07-23T20:28:04Z 1784838484
2026-07-23T20:29:04Z 1784838544
2026-07-23T20:30:04Z 1784838604
2026-07-23T20:31:04Z 1784838664
2026-07-23T20:32:04Z 1784838724
2026-07-23T20:33:04Z 1784838784
2026-07-23T20:34:04Z 1784838844
2026-07-23T20:35:04Z 1784838904
2026-07-23T20:36:04Z 1784838964
2026-07-23T20:37:04Z 1784839024
2026-07-23T20:38:04Z 1784839084
2026-07-23T20:39:04Z 1784839144
2026-07-23T20:40:04Z 1784839204
2026-07-23T20:41:04Z 1784839264
2026-07-23T20:42:04Z 1784839324
2026-07-23T20:43:04Z 1784839384
2026-07-23T20:44:04Z 1784839444
2026-07-23T20:45:04Z 1784839504
2026-07-23T20:46:04Z 1784839564
2026-07-23T20:47:04Z 1784839624
2026-07-23T20:48:04Z 1784839684
2026-07-23T20:49:04Z 1784839744
2026-07-23T20:50:04Z 1784839804
2026-07-23T20:51:04Z 1784839864
2026-07-23T20:52:04Z 1784839924
2026-07-23T20:53:04Z 1784839984
2026-07-23T20:54:04Z 1784840044
2026-07-23T20:55:04Z 1784840104
2026-07-23T20:56:04Z 1784840164
2026-07-23T20:57:04Z 1784840224
2026-07-23T20:58:04Z 1784840284
2026-07-23T20:59:04Z 1784840344
2026-07-23T21:00:04Z 1784840404
2026-07-23T21:01:04Z 1784840464
2026-07-23T21:02:04Z 1784840524
2026-07-23T21:03:04Z 1784840584
2026-07-23T21:04:04Z 1784840644
2026-07-23T21:05:04Z 1784840704
2026-07-23T21:06:04Z 1784840764
2026-07-23T21:07:04Z 1784840824
2026-07-23T21:08:04Z 1784840884
2026-07-23T21:09:04Z 1784840944
2026-07-23T21:10:04Z 1784841004
2026-07-23T21:11:04Z 1784841064
2026-07-23T21:12:04Z 1784841124
2026-07-23T21:13:04Z 1784841184
2026-07-23T21:14:04Z 1784841244
2026-07-23T21:15:04Z 1784841304
2026-07-23T21:16:04Z 1784841364
2026-07-23T21:17:04Z 1784841424
2026-07-23T21:18:04Z 1784841484
2026-07-23T21:19:04Z 1784841544
2026-07-23T21:20:04Z 1784841604
2026-07-23T21:21:04Z 1784841664
2026-07-23T21:22:04Z 1784841724
2026-07-23T21:23:04Z 1784841784
2026-07-23T21:24:04Z 1784841844
2026-07-23T21:25:04Z 1784841904
2026-07-23T21:26:04Z 1784841964
2026-07-23T21:27:04Z 1784842024
2026-07-23T21:28:04Z 1784842084
2026-07-23T21:29:04Z 1784842144
2026-07-23T21:30:04Z 1784842204
2026-07-23T21:31:04Z 1784842264
2026-07-23T21:32:04Z 1784842324
2026-07-23T21:33:04Z 1784842384
2026-07-23T21:34:04Z 1784842444
2026-07-23T21:35:04Z 1784842504
2026-07-23T21:36:04Z 1784842564
2026-07-23T21:37:04Z 1784842624
2026-07-23T21:38:04Z 1784842684
2026-07-23T21:39:04Z 1784842744
2026-07-23T21:40:04Z 1784842804
2026-07-23T21:41:04Z 1784842864
2026-07-23T21:42:04Z 1784842924
2026-07-23T21:43:04Z 1784842984
2026-07-23T21:44:04Z 1784843044
2026-07-23T21:45:04Z 1784843104
2026-07-23T21:46:04Z 1784843164
2026-07-23T21:47:04Z 1784843224
2026-07-23T21:48:04Z 1784843284
2026-07-23T21:49:04Z 1784843344
2026-07-23T21:50:04Z 1784843404
2026-07-23T21:51:04Z 1784843464
2026-07-23T21:52:04Z 1784843524
2026-07-23T21:53:04Z 1784843584
2026-07-23T21:54:04Z 1784843644
2026-07-23T21:55:04Z 1784843704
2026-07-23T21:56:04Z 1784843764
2026-07-23T21:57:04Z 1784843824
2026-07-23T21:58:04Z 1784843884
2026-07-23T21:59:04Z 1784843944
2026-07-23T22:00:04Z 1784844004
2026-07-23T22:01:04Z 1784844064
2026-07-23T22:02:04Z 1784844124
2026-07-23T22:03:04Z 1784844184
2026-07-23T22:04:04Z 1784844244
2026-07-23T22:05:04Z 1784844304
2026-07-23T22:06:04Z 1784844364
2026-07-23T22:07:04Z 1784844424
2026-07-23T22:08:04Z 1784844484
2026-07-23T22:09:04Z 1784844544
2026-07-23T22:10:04Z 1784844604
2026-07-23T22:11:04Z 1784844664
2026-07-23T22:12:04Z 1784844724
2026-07-23T22:13:04Z 1784844784
2026-07-23T22:14:04Z 1784844844
2026-07-23T22:15:04Z 1784844904
2026-07-23T22:16:04Z 1784844964
2026-07-23T22:17:04Z 1784845024
2026-07-23T22:18:04Z 1784845084
2026-07-23T22:19:04Z 1784845144
2026-07-23T22:20:04Z 1784845204
2026-07-23T22:21:04Z 1784845264
2026-07-23T22:22:04Z 1784845324
2026-07-23T22:23:04Z 1784845384
2026-07-23T22:24:04Z 1784845444
2026-07-23T22:25:04Z 1784845504
2026-07-23T22:26:04Z 1784845564
2026-07-23T22:27:04Z 1784845624
2026-07-23T22:28:04Z 1784845684
2026-07-23T22:29:04Z 1784845744
2026-07-23T22:30:04Z 1784845804
2026-07-23T22:31:04Z 1784845864
2026-07-23T22:32:04Z 1784845924
2026-07-23T22:33:04Z 1784845984
2026-07-23T22:34:04Z 1784846044
2026-07-23T22:35:04Z 1784846104
2026-07-23T22:36:04Z 1784846164
2026-07-23T22:37:04Z 1784846224
2026-07-23T22:38:04Z 1784846284
2026-07-23T22:39:04Z 1784846344
2026-07-23T22:40:04Z 1784846404
2026-07-23T22:41:04Z 1784846464
2026-07-23T22:42:04Z 1784846524
2026-07-23T22:43:04Z 1784846584
2026-07-23T22:44:04Z 1784846644
2026-07-23T22:45:04Z 1784846704
2026-07-23T22:46:04Z 1784846764
2026-07-23T22:47:04Z 1784846824
2026-07-23T22:48:04Z 1784846884
2026-07-23T22:49:04Z 1784846944
2026-07-23T22:50:04Z 1784847004
2026-07-23T22:51:04Z 1784847064
2026-07-23T22:52:04Z 1784847124
2026-07-23T22:53:04Z 1784847184
2026-07-23T22:54:04Z 1784847244
2026-07-23T22:55:04Z 1784847304
2026-07-23T22:56:04Z 1784847364
2026-07-23T22:57:04Z 1784847424
2026-07-23T22:58:04Z 1784847484
2026-07-23T22:59:04Z 1784847544
2026-07-23T23:00:04Z 1784847604
2026-07-23T23:01:04Z 1784847664
2026-07-23T23:02:04Z 1784847724
2026-07-23T23:03:04Z 1784847784
2026-07-23T23:04:04Z 1784847844
2026-07-23T23:05:04Z 1784847904
2026-07-23T23:06:04Z 1784847964
2026-07-23T23:07:04Z 1784848024
2026-07-23T23:08:04Z 1784848084
2026-07-23T23:09:04Z 1784848144
2026-07-23T23:10:04Z 1784848204
2026-07-23T23:11:04Z 1784848264
2026-07-23T23:12:04Z 1784848324
2026-07-23T23:13:04Z 1784848384
2026-07-23T23:14:04Z 1784848444
2026-07-23T23:15:04Z 1784848504
2026-07-23T23:16:04Z 1784848564
2026-07-23T23:17:04Z 1784848624
2026-07-23T23:18:04Z 1784848684
2026-07-23T23:19:04Z 1784848744
2026-07-23T23:20:04Z 1784848804
2026-07-23T23:21:04Z 1784848864
2026-07-23T23:22:04Z 1784848924
2026-07-23T23:23:04Z 1784848984
2026-07-23T23:24:04Z 1784849044
2026-07-23T23:25:04Z 1784849104
2026-07-23T23:26:04Z 1784849164
2026-07-23T23:27:04Z 1784849224
2026-07-23T23:28:04Z 1784849284
2026-07-23T23:29:04Z 1784849344
2026-07-23T23:30:04Z 1784849404
2026-07-23T23:31:04Z 1784849464
2026-07-23T23:32:04Z 1784849524
2026-07-23T23:33:04Z 1784849584
2026-07-23T23:34:04Z 1784849644
2026-07-23T23:35:04Z 1784849704
2026-07-23T23:36:04Z 1784849764
2026-07-23T23:37:04Z 1784849824
2026-07-23T23:38:04Z 1784849884
2026-07-23T23:39:04Z 1784849944
2026-07-23T23:40:04Z 1784850004
2026-07-23T23:41:04Z 1784850064
2026-07-23T23:42:04Z 1784850124
2026-07-23T23:43:04Z 1784850184
2026-07-23T23:44:04Z 1784850244
2026-07-23T23:45:04Z 1784850304
2026-07-23T23:46:04Z 1784850364
2026-07-23T23:47:04Z 1784850424
2026-07-23T23:48:04Z 1784850484
2026-07-23T23:49:04Z 1784850544
2026-07-23T23:50:04Z 1784850604
2026-07-23T23:51:04Z 1784850664
2026-07-23T23:52:04Z 1784850724
2026-07-23T23:53:04Z 1784850784
2026-07-23T23:54:04Z 1784850844
2026-07-23T23:55:04Z 1784850904
2026-07-23T23:56:04Z 1784850964
2026-07-23T23:57:04Z 1784851024
2026-07-23T23:58:04Z 1784851084
2026-07-23T23:59:04Z 1784851144
2026-07-24T00:00:04Z 1784851204
2026-07-24T00:01:04Z 1784851264
2026-07-24T00:02:04Z 1784851324
2026-07-24T00:03:04Z 1784851384
2026-07-24T00:04:04Z 1784851444
2026-07-24T00:05:04Z 1784851504
2026-07-24T00:06:04Z 1784851564
2026-07-24T00:07:04Z 1784851624
2026-07-24T00:08:04Z 1784851684
2026-07-24T00:09:04Z 1784851744
2026-07-24T00:10:04Z 1784851804
2026-07-24T00:11:04Z 1784851864
2026-07-24T00:12:04Z 1784851924
2026-07-24T00:13:04Z 1784851984
2026-07-24T00:14:04Z 1784852044
2026-07-24T00:15:04Z 1784852104
2026-07-24T00:16:04Z 1784852164
2026-07-24T00:17:04Z 1784852224
2026-07-24T00:18:04Z 1784852284
2026-07-24T00:19:04Z 1784852344
2026-07-24T00:20:04Z 1784852404
2026-07-24T00:21:04Z 1784852464
2026-07-24T00:22:04Z 1784852524
2026-07-24T00:23:04Z 1784852584
2026-07-24T00:24:04Z 1784852644
2026-07-24T00:25:04Z 1784852704
2026-07-24T00:26:04Z 1784852764
2026-07-24T00:27:04Z 1784852824
2026-07-24T00:28:04Z 1784852884
2026-07-24T00:29:04Z 1784852944
2026-07-24T00:30:04Z 1784853004
2026-07-24T00:31:04Z 1784853064
2026-07-24T00:32:04Z 1784853124
2026-07-24T00:33:04Z 1784853184
2026-07-24T00:34:04Z 1784853244
2026-07-24T00:35:04Z 1784853304
2026-07-24T00:36:04Z 1784853364
2026-07-24T00:37:04Z 1784853424
2026-07-24T00:38:04Z 1784853484
2026-07-24T00:39:04Z 1784853544
2026-07-24T00:40:04Z 1784853604
2026-07-24T00:41:04Z 1784853664
2026-07-24T00:42:04Z 1784853724
2026-07-24T00:43:04Z 1784853784
2026-07-24T00:44:04Z 1784853844
2026-07-24T00:45:04Z 1784853904
2026-07-24T00:46:04Z 1784853964
2026-07-24T00:47:04Z 1784854024
2026-07-24T00:48:04Z 1784854084
2026-07-24T00:49:04Z 1784854144
2026-07-24T00:50:04Z 1784854204
2026-07-24T00:51:04Z 1784854264
2026-07-24T00:52:04Z 1784854324
2026-07-24T00:53:04Z 1784854384
2026-07-24T00:54:04Z 1784854444
2026-07-24T00:55:04Z 1784854504
2026-07-24T00:56:04Z 1784854564
2026-07-24T00:57:04Z 1784854624
2026-07-24T00:58:04Z 1784854684
2026-07-24T00:59:04Z 1784854744
2026-07-24T01:00:04Z 1784854804
2026-07-24T01:01:04Z 1784854864
2026-07-24T01:02:04Z 1784854924
2026-07-24T01:03:04Z 1784854984
2026-07-24T01:04:04Z 1784855044
2026-07-24T01:05:04Z 1784855104
2026-07-24T01:06:04Z 1784855164
2026-07-24T01:07:04Z 1784855224
2026-07-24T01:08:04Z 1784855284
2026-07-24T01:09:04Z 1784855344
2026-07-24T01:10:04Z 1784855404
2026-07-24T01:11:04Z 1784855464
2026-07-24T01:12:04Z 1784855524
2026-07-24T01:13:04Z 1784855584
2026-07-24T01:14:04Z 1784855644
2026-07-24T01:15:04Z 1784855704
2026-07-24T01:16:04Z 1784855764
2026-07-24T01:17:04Z 1784855824
2026-07-24T01:18:04Z 1784855884
2026-07-24T01:19:04Z 1784855944
2026-07-24T01:20:04Z 1784856004
2026-07-24T01:21:04Z 1784856064
2026-07-24T01:22:04Z 1784856124
2026-07-24T01:23:04Z 1784856184
2026-07-24T01:24:04Z 1784856244
2026-07-24T01:25:04Z 1784856304
2026-07-24T01:26:04Z 1784856364
2026-07-24T01:27:04Z 1784856424
2026-07-24T01:28:04Z 1784856484
2026-07-24T01:29:04Z 1784856544
2026-07-24T01:30:04Z 1784856604
2026-07-24T01:31:04Z 1784856664
2026-07-24T01:32:04Z 1784856724
2026-07-24T01:33:04Z 1784856784
2026-07-24T01:34:04Z 1784856844
2026-07-24T01:35:04Z 1784856904
2026-07-24T01:36:04Z 1784856964
2026-07-24T01:37:04Z 1784857024
2026-07-24T01:38:04Z 1784857084
2026-07-24T01:39:04Z 1784857144
2026-07-24T01:40:04Z 1784857204
2026-07-24T01:41:04Z 1784857264
2026-07-24T01:42:04Z 1784857324
2026-07-24T01:43:04Z 1784857384
2026-07-24T01:44:04Z 1784857444
2026-07-24T01:45:04Z 1784857504
2026-07-24T01:46:04Z 1784857564
2026-07-24T01:47:04Z 1784857624
2026-07-24T01:48:04Z 1784857684
2026-07-24T01:49:04Z 1784857744
2026-07-24T01:50:04Z 1784857804
2026-07-24T01:51:04Z 1784857864
2026-07-24T01:52:04Z 1784857924
2026-07-24T01:53:04Z 1784857984
2026-07-24T01:54:04Z 1784858044
2026-07-24T01:55:04Z 1784858104
2026-07-24T01:56:04Z 1784858164
2026-07-24T01:57:04Z 1784858224
2026-07-24T01:58:04Z 1784858284
2026-07-24T01:59:04Z 1784858344
2026-07-24T02:00:04Z 1784858404
2026-07-24T02:01:04Z 1784858464
2026-07-24T02:02:04Z 1784858524
2026-07-24T02:03:04Z 1784858584
2026-07-24T02:04:04Z 1784858644
2026-07-24T02:05:04Z 1784858704
2026-07-24T02:06:04Z 1784858764
2026-07-24T02:07:04Z 1784858824
2026-07-24T02:08:04Z 1784858884
2026-07-24T02:09:04Z 1784858944
2026-07-24T02:10:04Z 1784859004
2026-07-24T02:11:04Z 1784859064
2026-07-24T02:12:04Z 1784859124
2026-07-24T02:13:04Z 1784859184
2026-07-24T02:14:04Z 1784859244
2026-07-24T02:15:04Z 1784859304
2026-07-24T02:16:04Z 1784859364
2026-07-24T02:17:04Z 1784859424
2026-07-24T02:18:04Z 1784859484
2026-07-24T02:19:04Z 1784859544
2026-07-24T02:20:04Z 1784859604
2026-07-24T02:21:04Z 1784859664
2026-07-24T02:22:04Z 1784859724
2026-07-24T02:23:04Z 1784859784
2026-07-24T02:24:04Z 1784859844
2026-07-24T02:25:04Z 1784859904
2026-07-24T02:26:04Z 1784859964
2026-07-24T02:27:04Z 1784860024
2026-07-24T02:28:04Z 1784860084
2026-07-24T02:29:04Z 1784860144
2026-07-24T02:30:04Z 1784860204
2026-07-24T02:31:04Z 1784860264
2026-07-24T02:32:04Z 1784860324
2026-07-24T02:33:04Z 1784860384
2026-07-24T02:34:04Z 1784860444
2026-07-24T02:35:04Z 1784860504
2026-07-24T02:36:04Z 1784860564
2026-07-24T02:37:04Z 1784860624
2026-07-24T02:38:04Z 1784860684
2026-07-24T02:39:04Z 1784860744
2026-07-24T02:40:04Z 1784860804
2026-07-24T02:41:04Z 1784860864
2026-07-24T02:42:04Z 1784860924
2026-07-24T02:43:04Z 1784860984
2026-07-24T02:44:04Z 1784861044
2026-07-24T02:45:04Z 1784861104
2026-07-24T02:46:04Z 1784861164
2026-07-24T02:47:04Z 1784861224
2026-07-24T02:48:04Z 1784861284
2026-07-24T02:49:04Z 1784861344
2026-07-24T02:50:04Z 1784861404
2026-07-24T02:51:04Z 1784861464
2026-07-24T02:52:04Z 1784861524
2026-07-24T02:53:04Z 1784861584
2026-07-24T02:54:04Z 1784861644
2026-07-24T02:55:04Z 1784861704
2026-07-24T02:56:04Z 1784861764
2026-07-24T02:57:04Z 1784861824
2026-07-24T02:58:04Z 1784861884
2026-07-24T02:59:04Z 1784861944
2026-07-24T03:00:04Z 1784862004
2026-07-24T03:01:04Z 1784862064
2026-07-24T03:02:04Z 1784862124
2026-07-24T03:03:04Z 1784862184
2026-07-24T03:04:04Z 1784862244
2026-07-24T03:05:04Z 1784862304
2026-07-24T03:06:04Z 1784862364
2026-07-24T03:07:04Z 1784862424
2026-07-24T03:08:04Z 1784862484
2026-07-24T03:09:04Z 1784862544
2026-07-24T03:10:04Z 1784862604
2026-07-24T03:11:04Z 1784862664
2026-07-24T03:12:04Z 1784862724
2026-07-24T03:13:04Z 1784862784
2026-07-24T03:14:04Z 1784862844
2026-07-24T03:15:04Z 1784862904
2026-07-24T03:16:04Z 1784862964
2026-07-24T03:17:04Z 1784863024
2026-07-24T03:18:04Z 1784863084
2026-07-24T03:19:04Z 1784863144
2026-07-24T03:20:04Z 1784863204
2026-07-24T03:21:04Z 1784863264
2026-07-24T03:22:04Z 1784863324
2026-07-24T03:23:04Z 1784863384
2026-07-24T03:24:04Z 1784863444
2026-07-24T03:25:04Z 1784863504
2026-07-24T03:26:04Z 1784863564
2026-07-24T03:27:04Z 1784863624
2026-07-24T03:28:04Z 1784863684
2026-07-24T03:29:04Z 1784863744
2026-07-24T03:30:04Z 1784863804
2026-07-24T03:31:04Z 1784863864
2026-07-24T03:32:04Z 1784863924
2026-07-24T03:33:04Z 1784863984
2026-07-24T03:34:04Z 1784864044
2026-07-24T03:35:04Z 1784864104
2026-07-24T03:36:04Z 1784864164
2026-07-24T03:37:04Z 1784864224
2026-07-24T03:38:04Z 1784864284
2026-07-24T03:39:04Z 1784864344
2026-07-24T03:40:04Z 1784864404
2026-07-24T03:41:04Z 1784864464
2026-07-24T03:42:04Z 1784864524
2026-07-24T03:43:04Z 1784864584
2026-07-24T03:44:04Z 1784864644
2026-07-24T03:45:04Z 1784864704
2026-07-24T03:46:04Z 1784864764
2026-07-24T03:47:04Z 1784864824
2026-07-24T03:48:04Z 1784864884
2026-07-24T03:49:04Z 1784864944
2026-07-24T03:50:04Z 1784865004
2026-07-24T03:51:04Z 1784865064
2026-07-24T03:52:04Z 1784865124
2026-07-24T03:53:04Z 1784865184
2026-07-24T03:54:04Z 1784865244
2026-07-24T03:55:04Z 1784865304
2026-07-24T03:56:04Z 1784865364
2026-07-24T03:57:04Z 1784865424
2026-07-24T03:58:04Z 1784865484
2026-07-24T03:59:04Z 1784865544
2026-07-24T04:00:04Z 1784865604
2026-07-24T04:01:04Z 1784865664
2026-07-24T04:02:04Z 1784865724
2026-07-24T04:03:04Z 1784865784
2026-07-24T04:04:04Z 1784865844
2026-07-24T04:05:04Z 1784865904
2026-07-24T04:06:04Z 1784865964
2026-07-24T04:07:04Z 1784866024
2026-07-24T04:08:04Z 1784866084
2026-07-24T04:09:04Z 1784866144
2026-07-24T04:10:04Z 1784866204
2026-07-24T04:11:04Z 1784866264
2026-07-24T04:12:04Z 1784866324
2026-07-24T04:13:04Z 1784866384
2026-07-24T04:14:04Z 1784866444
2026-07-24T04:15:04Z 1784866504
2026-07-24T04:16:04Z 1784866564
2026-07-24T04:17:04Z 1784866624
2026-07-24T04:18:04Z 1784866684
2026-07-24T04:19:04Z 1784866744
2026-07-24T04:20:04Z 1784866804
2026-07-24T04:21:04Z 1784866864
2026-07-24T04:22:04Z 1784866924
2026-07-24T04:23:04Z 1784866984
2026-07-24T04:24:04Z 1784867044
2026-07-24T04:25:04Z 1784867104
2026-07-24T04:26:04Z 1784867164
2026-07-24T04:27:04Z 1784867224
2026-07-24T04:28:04Z 1784867284
2026-07-24T04:29:04Z 1784867344
2026-07-24T04:30:04Z 1784867404
2026-07-24T04:31:04Z 1784867464
2026-07-24T04:32:04Z 1784867524
2026-07-24T04:33:04Z 1784867584
2026-07-24T04:34:04Z 1784867644
2026-07-24T04:35:04Z 1784867704
2026-07-24T04:36:04Z 1784867764
2026-07-24T04:37:04Z 1784867824
2026-07-24T04:38:04Z 1784867884
2026-07-24T04:39:04Z 1784867944
2026-07-24T04:40:04Z 1784868004
2026-07-24T04:41:04Z 1784868064
2026-07-24T04:42:04Z 1784868124
2026-07-24T04:43:04Z 1784868184
2026-07-24T04:44:04Z 1784868244
2026-07-24T04:45:04Z 1784868304
2026-07-24T04:46:04Z 1784868364
2026-07-24T04:47:04Z 1784868424
2026-07-24T04:48:04Z 1784868484
2026-07-24T04:49:04Z 1784868544
2026-07-24T04:50:04Z 1784868604
2026-07-24T04:51:04Z 1784868664
2026-07-24T04:52:04Z 1784868724
2026-07-24T04:53:04Z 1784868784
2026-07-24T04:54:04Z 1784868844
2026-07-24T04:55:04Z 1784868904
2026-07-24T04:56:04Z 1784868964
2026-07-24T04:57:04Z 1784869024
2026-07-24T04:58:04Z 1784869084
2026-07-24T04:59:04Z 1784869144
2026-07-24T05:00:04Z 1784869204
2026-07-24T05:01:04Z 1784869264
2026-07-24T05:02:04Z 1784869324
2026-07-24T05:03:04Z 1784869384
2026-07-24T05:04:04Z 1784869444
2026-07-24T05:05:04Z 1784869504
2026-07-24T05:06:04Z 1784869564
2026-07-24T05:07:04Z 1784869624
2026-07-24T05:08:04Z 1784869684
2026-07-24T05:09:04Z 1784869744
2026-07-24T05:10:04Z 1784869804
2026-07-24T05:11:04Z 1784869864
2026-07-24T05:12:04Z 1784869924
2026-07-24T05:13:04Z 1784869984
2026-07-24T05:14:04Z 1784870044
2026-07-24T05:15:04Z 1784870104
2026-07-24T05:16:04Z 1784870164
2026-07-24T05:17:04Z 1784870224
2026-07-24T05:18:04Z 1784870284
2026-07-24T05:19:04Z 1784870344
2026-07-24T05:20:04Z 1784870404
2026-07-24T05:21:04Z 1784870464
2026-07-24T05:22:04Z 1784870524
2026-07-24T05:23:04Z 1784870584
2026-07-24T05:24:04Z 1784870644
2026-07-24T05:25:04Z 1784870704
2026-07-24T05:26:04Z 1784870764
2026-07-24T05:27:04Z 1784870824
2026-07-24T05:28:04Z 1784870884
2026-07-24T05:29:04Z 1784870944
2026-07-24T05:30:04Z 1784871004
2026-07-24T05:31:04Z 1784871064
2026-07-24T05:32:04Z 1784871124
2026-07-24T05:33:04Z 1784871184
2026-07-24T05:34:04Z 1784871244
2026-07-24T05:35:04Z 1784871304
2026-07-24T05:36:04Z 1784871364
2026-07-24T05:37:04Z 1784871424
2026-07-24T05:38:04Z 1784871484
2026-07-24T05:39:04Z 1784871544
2026-07-24T05:40:04Z 1784871604
2026-07-24T05:41:04Z 1784871664
2026-07-24T05:42:04Z 1784871724
2026-07-24T05:43:04Z 1784871784
2026-07-24T05:44:04Z 1784871844
2026-07-24T05:45:04Z 1784871904
2026-07-24T05:46:04Z 1784871964
2026-07-24T05:47:04Z 1784872024
2026-07-24T05:48:04Z 1784872084
2026-07-24T05:49:04Z 1784872144
2026-07-24T05:50:04Z 1784872204
2026-07-24T05:51:04Z 1784872264
2026-07-24T05:52:04Z 1784872324
2026-07-24T05:53:04Z 1784872384
2026-07-24T05:54:04Z 1784872444
2026-07-24T05:55:04Z 1784872504
2026-07-24T05:56:04Z 1784872564
2026-07-24T05:57:04Z 1784872624
2026-07-24T05:58:04Z 1784872684
2026-07-24T05:59:04Z 1784872744
2026-07-24T06:00:04Z 1784872804
2026-07-24T06:01:04Z 1784872864
2026-07-24T06:02:04Z 1784872924
2026-07-24T06:03:04Z 1784872984
2026-07-24T06:04:04Z 1784873044
2026-07-24T06:05:04Z 1784873104
2026-07-24T06:06:04Z 1784873164
2026-07-24T06:07:04Z 1784873224
2026-07-24T06:08:04Z 1784873284
2026-07-24T06:09:04Z 1784873344
2026-07-24T06:10:04Z 1784873404
2026-07-24T06:11:04Z 1784873464
2026-07-24T06:12:04Z 1784873524
2026-07-24T06:13:04Z 1784873584
2026-07-24T06:14:04Z 1784873644
2026-07-24T06:15:04Z 1784873704
2026-07-24T06:16:04Z 1784873764
2026-07-24T06:17:04Z 1784873824
2026-07-24T06:18:04Z 1784873884
2026-07-24T06:19:04Z 1784873944
2026-07-24T06:20:04Z 1784874004
2026-07-24T06:21:04Z 1784874064
2026-07-24T06:22:04Z 1784874124
2026-07-24T06:23:04Z 1784874184
2026-07-24T06:24:04Z 1784874244
2026-07-24T06:25:04Z 1784874304
2026-07-24T06:26:04Z 1784874364
2026-07-24T06:27:04Z 1784874424
2026-07-24T06:28:04Z 1784874484
2026-07-24T06:29:04Z 1784874544
2026-07-24T06:30:04Z 1784874604
2026-07-24T06:31:04Z 1784874664
2026-07-24T06:32:04Z 1784874724
2026-07-24T06:33:04Z 1784874784
2026-07-24T06:34:04Z 1784874844
2026-07-24T06:35:04Z 1784874904
2026-07-24T06:36:04Z 1784874964
2026-07-24T06:37:04Z 1784875024
2026-07-24T06:38:04Z 1784875084
2026-07-24T06:39:04Z 1784875144
2026-07-24T06:40:04Z 1784875204
2026-07-24T06:41:04Z 1784875264
2026-07-24T06:42:04Z 1784875324
2026-07-24T06:43:04Z 1784875384
2026-07-24T06:44:04Z 1784875444
2026-07-24T06:45:04Z 1784875504
2026-07-24T06:46:04Z 1784875564
2026-07-24T06:47:04Z 1784875624
2026-07-24T06:48:04Z 1784875684
2026-07-24T06:49:04Z 1784875744
2026-07-24T06:50:04Z 1784875804
2026-07-24T06:51:04Z 1784875864
2026-07-24T06:52:04Z 1784875924
2026-07-24T06:53:04Z 1784875984
2026-07-24T06:54:04Z 1784876044
2026-07-24T06:55:04Z 1784876104
2026-07-24T06:56:04Z 1784876164
2026-07-24T06:57:04Z 1784876224
2026-07-24T06:58:04Z 1784876284
2026-07-24T06:59:04Z 1784876344
2026-07-24T07:00:04Z 1784876404
2026-07-24T07:01:04Z 1784876464
2026-07-24T07:02:04Z 1784876524
2026-07-24T07:03:04Z 1784876584
2026-07-24T07:04:04Z 1784876644
2026-07-24T07:05:04Z 1784876704
2026-07-24T07:06:04Z 1784876764
2026-07-24T07:07:04Z 1784876824
2026-07-24T07:08:04Z 1784876884
2026-07-24T07:09:04Z 1784876944
2026-07-24T07:10:04Z 1784877004
2026-07-24T07:11:04Z 1784877064
2026-07-24T07:12:04Z 1784877124
2026-07-24T07:13:04Z 1784877184
2026-07-24T07:14:04Z 1784877244
2026-07-24T07:15:04Z 1784877304
2026-07-24T07:16:04Z 1784877364
2026-07-24T07:17:04Z 1784877424
2026-07-24T07:18:04Z 1784877484
2026-07-24T07:19:04Z 1784877544
2026-07-24T07:20:04Z 1784877604
2026-07-24T07:21:04Z 1784877664
2026-07-24T07:22:04Z 1784877724
2026-07-24T07:23:04Z 1784877784
2026-07-24T07:24:04Z 1784877844
2026-07-24T07:25:04Z 1784877904
2026-07-24T07:26:04Z 1784877964
2026-07-24T07:27:04Z 1784878024
2026-07-24T07:28:04Z 1784878084
2026-07-24T07:29:04Z 1784878144
2026-07-24T07:30:04Z 1784878204
2026-07-24T07:31:04Z 1784878264
2026-07-24T07:32:04Z 1784878324
2026-07-24T07:33:04Z 1784878384
2026-07-24T07:34:04Z 1784878444
2026-07-24T07:35:04Z 1784878504
2026-07-24T07:36:04Z 1784878564
2026-07-24T07:37:04Z 1784878624
2026-07-24T07:38:04Z 1784878684
2026-07-24T07:39:04Z 1784878744
2026-07-24T07:40:04Z 1784878804
2026-07-24T07:41:04Z 1784878864
2026-07-24T07:42:04Z 1784878924
2026-07-24T07:43:04Z 1784878984
2026-07-24T07:44:04Z 1784879044
2026-07-24T07:45:04Z 1784879104
2026-07-24T07:46:04Z 1784879164
2026-07-24T07:47:04Z 1784879224
2026-07-24T07:48:04Z 1784879284
2026-07-24T07:49:04Z 1784879344
2026-07-24T07:50:04Z 1784879404
2026-07-24T07:51:04Z 1784879464
2026-07-24T07:52:04Z 1784879524
2026-07-24T07:53:04Z 1784879584
2026-07-24T07:54:04Z 1784879644
2026-07-24T07:55:04Z 1784879704
2026-07-24T07:56:04Z 1784879764
2026-07-24T07:57:04Z 1784879824
2026-07-24T07:58:04Z 1784879884
2026-07-24T07:59:04Z 1784879944
2026-07-24T08:00:04Z 1784880004
2026-07-24T08:01:04Z 1784880064
2026-07-24T08:02:04Z 1784880124
2026-07-24T08:03:04Z 1784880184
2026-07-24T08:04:04Z 1784880244
2026-07-24T08:05:04Z 1784880304
2026-07-24T08:06:04Z 1784880364
2026-07-24T08:07:04Z 1784880424
2026-07-24T08:08:04Z 1784880484
2026-07-24T08:09:04Z 1784880544
2026-07-24T08:10:04Z 1784880604
2026-07-24T08:11:04Z 1784880664
2026-07-24T08:12:04Z 1784880724
2026-07-24T08:13:04Z 1784880784
2026-07-24T08:14:04Z 1784880844
2026-07-24T08:15:04Z 1784880904
2026-07-24T08:16:04Z 1784880964
2026-07-24T08:17:04Z 1784881024
2026-07-24T08:18:04Z 1784881084
2026-07-24T08:19:04Z 1784881144
2026-07-24T08:20:04Z 1784881204
2026-07-24T08:21:04Z 1784881264
2026-07-24T08:22:04Z 1784881324
2026-07-24T08:23:04Z 1784881384
2026-07-24T08:24:04Z 1784881444
2026-07-24T08:25:04Z 1784881504
2026-07-24T08:26:04Z 1784881564
2026-07-24T08:27:04Z 1784881624
2026-07-24T08:28:04Z 1784881684
2026-07-24T08:29:04Z 1784881744
2026-07-24T08:30:04Z 1784881804
2026-07-24T08:31:04Z 1784881864
2026-07-24T08:32:04Z 1784881924
2026-07-24T08:33:04Z 1784881984
2026-07-24T08:34:04Z 1784882044
2026-07-24T08:35:04Z 1784882104
2026-07-24T08:36:04Z 1784882164
2026-07-24T08:37:04Z 1784882224
2026-07-24T08:38:04Z 1784882284
2026-07-24T08:39:04Z 1784882344
2026-07-24T08:40:04Z 1784882404
2026-07-24T08:41:04Z 1784882464
2026-07-24T08:42:04Z 1784882524
2026-07-24T08:43:04Z 1784882584
2026-07-24T08:44:04Z 1784882644
2026-07-24T08:45:04Z 1784882704
2026-07-24T08:46:04Z 1784882764
2026-07-24T08:47:04Z 1784882824
2026-07-24T08:48:04Z 1784882884
2026-07-24T08:49:04Z 1784882944
2026-07-24T08:50:04Z 1784883004
2026-07-24T08:51:04Z 1784883064
2026-07-24T08:52:04Z 1784883124
2026-07-24T08:53:04Z 1784883184
2026-07-24T08:54:04Z 1784883244
2026-07-24T08:55:04Z 1784883304
2026-07-24T08:56:04Z 1784883364
2026-07-24T08:57:04Z 1784883424
2026-07-24T08:58:04Z 1784883484
2026-07-24T08:59:04Z 1784883544
2026-07-24T09:00:04Z 1784883604
2026-07-24T09:01:04Z 1784883664
2026-07-24T09:02:04Z 1784883724
2026-07-24T09:03:04Z 1784883784
2026-07-24T09:04:04Z 1784883844
2026-07-24T09:05:04Z 1784883904
2026-07-24T09:06:04Z 1784883964
2026-07-24T09:07:04Z 1784884024
2026-07-24T09:08:04Z 1784884084
2026-07-24T09:09:04Z 1784884144
2026-07-24T09:10:04Z 1784884204
2026-07-24T09:11:04Z 1784884264
2026-07-24T09:12:04Z 1784884324
2026-07-24T09:13:04Z 1784884384
2026-07-24T09:14:04Z 1784884444
2026-07-24T09:15:04Z 1784884504
2026-07-24T09:16:04Z 1784884564
2026-07-24T09:17:04Z 1784884624
2026-07-24T09:18:04Z 1784884684
2026-07-24T09:19:04Z 1784884744
2026-07-24T09:20:04Z 1784884804
2026-07-24T09:21:04Z 1784884864
2026-07-24T09:22:04Z 1784884924
2026-07-24T09:23:04Z 1784884984
2026-07-24T09:24:04Z 1784885044
2026-07-24T09:25:04Z 1784885104
2026-07-24T09:26:04Z 1784885164
2026-07-24T09:27:04Z 1784885224
2026-07-24T09:28:04Z 1784885284
2026-07-24T09:29:04Z 1784885344
2026-07-24T09:30:04Z 1784885404
2026-07-24T09:31:04Z 1784885464
2026-07-24T09:32:04Z 1784885524
2026-07-24T09:33:04Z 1784885584
2026-07-24T09:34:04Z 1784885644
2026-07-24T09:35:04Z 1784885704
2026-07-24T09:36:04Z 1784885764
2026-07-24T09:37:04Z 1784885824
2026-07-24T09:38:04Z 1784885884
2026-07-24T09:39:04Z 1784885944
2026-07-24T09:40:04Z 1784886004
2026-07-24T09:41:04Z 1784886064
2026-07-24T09:42:04Z 1784886124
2026-07-24T09:43:04Z 1784886184
2026-07-24T09:44:04Z 1784886244
2026-07-24T09:45:04Z 1784886304
2026-07-24T09:46:04Z 1784886364
2026-07-24T09:47:04Z 1784886424
2026-07-24T09:48:04Z 1784886484
2026-07-24T09:49:04Z 1784886544
2026-07-24T09:50:04Z 1784886604
2026-07-24T09:51:04Z 1784886664
2026-07-24T09:52:04Z 1784886724
2026-07-24T09:53:04Z 1784886784
2026-07-24T09:54:04Z 1784886844
2026-07-24T09:55:04Z 1784886904
2026-07-24T09:56:04Z 1784886964
2026-07-24T09:57:04Z 1784887024
2026-07-24T09:58:04Z 1784887084
2026-07-24T09:59:04Z 1784887144
2026-07-24T10:00:04Z 1784887204
2026-07-24T10:01:04Z 1784887264
2026-07-24T10:02:04Z 1784887324
2026-07-24T10:03:04Z 1784887384
2026-07-24T10:04:04Z 1784887444
2026-07-24T10:05:04Z 1784887504
2026-07-24T10:06:04Z 1784887564
2026-07-24T10:07:04Z 1784887624
2026-07-24T10:08:04Z 1784887684
2026-07-24T10:09:04Z 1784887744
2026-07-24T10:10:04Z 1784887804
2026-07-24T10:11:04Z 1784887864
2026-07-24T10:12:04Z 1784887924
2026-07-24T10:13:04Z 1784887984
2026-07-24T10:14:04Z 1784888044
2026-07-24T10:15:04Z 1784888104
2026-07-24T10:16:04Z 1784888164
2026-07-24T10:17:04Z 1784888224
2026-07-24T10:18:04Z 1784888284
2026-07-24T10:19:04Z 1784888344
2026-07-24T10:20:04Z 1784888404
2026-07-24T10:21:04Z 1784888464
2026-07-24T10:22:04Z 1784888524
2026-07-24T10:23:04Z 1784888584
2026-07-24T10:24:04Z 1784888644
2026-07-24T10:25:04Z 1784888704
2026-07-24T10:26:04Z 1784888764
2026-07-24T10:27:04Z 1784888824
2026-07-24T10:28:04Z 1784888884
2026-07-24T10:29:04Z 1784888944
2026-07-24T10:30:04Z 1784889004
2026-07-24T10:31:04Z 1784889064
2026-07-24T10:32:04Z 1784889124
2026-07-24T10:33:04Z 1784889184
2026-07-24T10:34:04Z 1784889244
2026-07-24T10:35:04Z 1784889304
2026-07-24T10:36:04Z 1784889364
2026-07-24T10:37:04Z 1784889424
2026-07-24T10:38:04Z 1784889484
2026-07-24T10:39:04Z 1784889544
2026-07-24T10:40:04Z 1784889604
2026-07-24T10:41:04Z 1784889664
2026-07-24T10:42:04Z 1784889724
2026-07-24T10:43:04Z 1784889784
2026-07-24T10:44:04Z 1784889844
2026-07-24T10:45:04Z 1784889904
2026-07-24T10:46:04Z 1784889964
2026-07-24T10:47:04Z 1784890024
2026-07-24T10:48:04Z 1784890084
2026-07-24T10:49:04Z 1784890144
2026-07-24T10:50:04Z 1784890204
2026-07-24T10:51:04Z 1784890264
2026-07-24T10:52:04Z 1784890324
2026-07-24T10:53:04Z 1784890384
2026-07-24T10:54:04Z 1784890444
2026-07-24T10:55:04Z 1784890504
2026-07-24T10:56:04Z 1784890564
2026-07-24T10:57:04Z 1784890624
2026-07-24T10:58:04Z 1784890684
2026-07-24T10:59:04Z 1784890744
2026-07-24T11:00:04Z 1784890804
2026-07-24T11:01:04Z 1784890864
2026-07-24T11:02:04Z 1784890924
2026-07-24T11:03:04Z 1784890984
2026-07-24T11:04:04Z 1784891044
2026-07-24T11:05:04Z 1784891104
2026-07-24T11:06:04Z 1784891164
2026-07-24T11:07:04Z 1784891224
2026-07-24T11:08:04Z 1784891284
2026-07-24T11:09:04Z 1784891344
2026-07-24T11:10:04Z 1784891404
2026-07-24T11:11:04Z 1784891464
2026-07-24T11:12:04Z 1784891524
2026-07-24T11:13:04Z 1784891584
2026-07-24T11:14:04Z 1784891644
2026-07-24T11:15:04Z 1784891704
2026-07-24T11:16:04Z 1784891764
2026-07-24T11:17:04Z 1784891824
2026-07-24T11:18:04Z 1784891884
2026-07-24T11:19:04Z 1784891944
2026-07-24T11:20:04Z 1784892004
2026-07-24T11:21:04Z 1784892064
2026-07-24T11:22:04Z 1784892124
2026-07-24T11:23:04Z 1784892184
2026-07-24T11:24:04Z 1784892244
2026-07-24T11:25:04Z 1784892304
2026-07-24T11:26:04Z 1784892364
2026-07-24T11:27:04Z 1784892424
2026-07-24T11:28:04Z 1784892484
2026-07-24T11:29:04Z 1784892544
2026-07-24T11:30:04Z 1784892604
2026-07-24T11:31:04Z 1784892664
2026-07-24T11:32:04Z 1784892724
2026-07-24T11:33:04Z 1784892784
2026-07-24T11:34:04Z 1784892844
2026-07-24T11:35:04Z 1784892904
2026-07-24T11:36:04Z 1784892964
2026-07-24T11:37:04Z 1784893024
2026-07-24T11:38:04Z 1784893084
2026-07-24T11:39:04Z 1784893144
2026-07-24T11:40:04Z 1784893204
2026-07-24T11:41:04Z 1784893264
2026-07-24T11:42:04Z 1784893324
2026-07-24T11:43:04Z 1784893384
2026-07-24T11:44:04Z 1784893444
2026-07-24T11:45:04Z 1784893504
2026-07-24T11:46:04Z 1784893564
2026-07-24T11:47:04Z 1784893624
2026-07-24T11:48:04Z 1784893684
2026-07-24T11:49:04Z 1784893744
2026-07-24T11:50:04Z 1784893804
2026-07-24T11:51:04Z 1784893864
2026-07-24T11:52:04Z 1784893924
2026-07-24T11:53:04Z 1784893984
2026-07-24T11:54:04Z 1784894044
2026-07-24T11:55:04Z 1784894104
2026-07-24T11:56:04Z 1784894164
2026-07-24T11:57:04Z 1784894224
2026-07-24T11:58:04Z 1784894284
2026-07-24T11:59:04Z 1784894344
2026-07-24T12:00:04Z 1784894404
2026-07-24T12:01:04Z 1784894464
2026-07-24T12:02:04Z 1784894524
2026-07-24T12:03:04Z 1784894584
2026-07-24T12:04:04Z 1784894644
2026-07-24T12:05:04Z 1784894704
2026-07-24T12:06:04Z 1784894764
2026-07-24T12:07:04Z 1784894824
2026-07-24T12:08:04Z 1784894884
2026-07-24T12:09:04Z 1784894944
2026-07-24T12:10:04Z 1784895004
2026-07-24T12:11:04Z 1784895064
2026-07-24T12:12:04Z 1784895124
2026-07-24T12:13:04Z 1784895184
2026-07-24T12:14:04Z 1784895244
2026-07-24T12:15:04Z 1784895304
2026-07-24T12:16:04Z 1784895364
2026-07-24T12:17:04Z 1784895424
2026-07-24T12:18:04Z 1784895484
2026-07-24T12:19:04Z 1784895544
2026-07-24T12:20:04Z 1784895604
2026-07-24T12:21:04Z 1784895664
2026-07-24T12:22:04Z 1784895724
2026-07-24T12:23:04Z 1784895784
2026-07-24T12:24:04Z 1784895844
2026-07-24T12:25:04Z 1784895904
2026-07-24T12:26:04Z 1784895964
2026-07-24T12:27:04Z 1784896024
2026-07-24T12:28:04Z 1784896084
2026-07-24T12:29:04Z 1784896144
2026-07-24T12:30:04Z 1784896204
2026-07-24T12:31:04Z 1784896264
2026-07-24T12:32:04Z 1784896324
2026-07-24T12:33:04Z 1784896384
2026-07-24T12:34:04Z 1784896444
2026-07-24T12:35:04Z 1784896504
2026-07-24T12:36:04Z 1784896564
2026-07-24T12:37:04Z 1784896624
2026-07-24T12:38:04Z 1784896684
2026-07-24T12:39:04Z 1784896744
2026-07-24T12:40:04Z 1784896804
2026-07-24T12:41:04Z 1784896864
2026-07-24T12:42:04Z 1784896924
2026-07-24T12:43:04Z 1784896984
2026-07-24T12:44:04Z 1784897044
2026-07-24T12:45:04Z 1784897104
2026-07-24T12:46:04Z 1784897164
2026-07-24T12:47:04Z 1784897224
2026-07-24T12:48:04Z 1784897284
2026-07-24T12:49:04Z 1784897344
2026-07-24T12:50:04Z 1784897404
2026-07-24T12:51:04Z 1784897464
2026-07-24T12:52:04Z 1784897524
2026-07-24T12:53:04Z 1784897584
2026-07-24T12:54:04Z 1784897644
2026-07-24T12:55:04Z 1784897704
2026-07-24T12:56:04Z 1784897764
2026-07-24T12:57:04Z 1784897824
2026-07-24T12:58:04Z 1784897884
2026-07-24T12:59:04Z 1784897944
2026-07-24T13:00:04Z 1784898004
2026-07-24T13:01:04Z 1784898064
2026-07-24T13:02:04Z 1784898124
2026-07-24T13:03:04Z 1784898184
2026-07-24T13:04:04Z 1784898244
2026-07-24T13:05:04Z 1784898304
2026-07-24T13:06:04Z 1784898364
2026-07-24T13:07:04Z 1784898424
2026-07-24T13:08:04Z 1784898484
2026-07-24T13:09:04Z 1784898544
2026-07-24T13:10:04Z 1784898604
2026-07-24T13:11:04Z 1784898664
2026-07-24T13:12:04Z 1784898724
2026-07-24T13:13:04Z 1784898784
2026-07-24T13:14:04Z 1784898844
2026-07-24T13:15:04Z 1784898904
2026-07-24T13:16:04Z 1784898964
2026-07-24T13:17:04Z 1784899024
2026-07-24T13:18:04Z 1784899084
2026-07-24T13:19:04Z 1784899144
2026-07-24T13:20:04Z 1784899204
2026-07-24T13:21:04Z 1784899264
2026-07-24T13:22:04Z 1784899324
2026-07-24T13:23:04Z 1784899384
2026-07-24T13:24:04Z 1784899444
2026-07-24T13:25:04Z 1784899504
2026-07-24T13:26:04Z 1784899564
2026-07-24T13:27:04Z 1784899624
2026-07-24T13:28:04Z 1784899684
2026-07-24T13:29:04Z 1784899744
2026-07-24T13:30:04Z 1784899804
2026-07-24T13:31:04Z 1784899864
2026-07-24T13:32:04Z 1784899924
2026-07-24T13:33:04Z 1784899984
2026-07-24T13:34:04Z 1784900044
2026-07-24T13:35:04Z 1784900104
2026-07-24T13:36:04Z 1784900164
2026-07-24T13:37:04Z 1784900224
2026-07-24T13:38:04Z 1784900284
2026-07-24T13:39:04Z 1784900344
2026-07-24T13:40:04Z 1784900404
2026-07-24T13:41:04Z 1784900464
2026-07-24T13:42:04Z 1784900524
2026-07-24T13:43:04Z 1784900584
2026-07-24T13:44:04Z 1784900644
2026-07-24T13:45:04Z 1784900704
2026-07-24T13:46:04Z 1784900764
2026-07-24T13:47:04Z 1784900824
2026-07-24T13:48:04Z 1784900884
2026-07-24T13:49:04Z 1784900944
2026-07-24T13:50:04Z 1784901004
2026-07-24T13:51:04Z 1784901064
2026-07-24T13:52:04Z 1784901124
2026-07-24T13:53:04Z 1784901184
2026-07-24T13:54:04Z 1784901244
2026-07-24T13:55:04Z 1784901304
2026-07-24T13:56:04Z 1784901364
2026-07-24T13:57:04Z 1784901424
2026-07-24T13:58:04Z 1784901484
2026-07-24T13:59:04Z 1784901544
2026-07-24T14:00:04Z 1784901604
2026-07-24T14:01:04Z 1784901664
2026-07-24T14:02:04Z 1784901724
2026-07-24T14:03:04Z 1784901784
2026-07-24T14:04:04Z 1784901844
2026-07-24T14:05:04Z 1784901904
2026-07-24T14:06:04Z 1784901964
2026-07-24T14:07:04Z 1784902024
2026-07-24T14:08:04Z 1784902084
2026-07-24T14:09:04Z 1784902144
2026-07-24T14:10:04Z 1784902204
2026-07-24T14:11:04Z 1784902264
2026-07-24T14:12:04Z 1784902324
2026-07-24T14:13:04Z 1784902384
2026-07-24T14:14:04Z 1784902444
2026-07-24T14:15:04Z 1784902504
2026-07-24T14:16:04Z 1784902564
2026-07-24T14:17:04Z 1784902624
2026-07-24T14:18:04Z 1784902684
2026-07-24T14:19:04Z 1784902744
2026-07-24T14:20:04Z 1784902804
2026-07-24T14:21:04Z 1784902864
2026-07-24T14:22:04Z 1784902924
2026-07-24T14:23:04Z 1784902984
2026-07-24T14:24:04Z 1784903044
2026-07-24T14:25:04Z 1784903104
2026-07-24T14:26:04Z 1784903164
2026-07-24T14:27:04Z 1784903224
2026-07-24T14:28:04Z 1784903284
2026-07-24T14:29:04Z 1784903344
2026-07-24T14:30:04Z 1784903404
2026-07-24T14:31:04Z 1784903464
2026-07-24T14:32:04Z 1784903524
2026-07-24T14:33:04Z 1784903584
2026-07-24T14:34:04Z 1784903644
2026-07-24T14:35:04Z 1784903704
2026-07-24T14:36:04Z 1784903764
2026-07-24T14:37:04Z 1784903824
2026-07-24T14:38:04Z 1784903884
2026-07-24T14:39:04Z 1784903944
2026-07-24T14:40:04Z 1784904004
2026-07-24T14:41:04Z 1784904064
2026-07-24T14:42:04Z 1784904124
2026-07-24T14:43:04Z 1784904184
2026-07-24T14:44:04Z 1784904244
2026-07-24T14:45:04Z 1784904304
2026-07-24T14:46:04Z 1784904364
2026-07-24T14:47:04Z 1784904424
2026-07-24T14:48:04Z 1784904484
2026-07-24T14:49:04Z 1784904544
2026-07-24T14:50:04Z 1784904604
2026-07-24T14:51:04Z 1784904664
2026-07-24T14:52:04Z 1784904724
2026-07-24T14:53:04Z 1784904784
2026-07-24T14:54:04Z 1784904844
2026-07-24T14:55:04Z 1784904904
2026-07-24T14:56:04Z 1784904964
2026-07-24T14:57:04Z 1784905024
2026-07-24T14:58:04Z 1784905084
2026-07-24T14:59:04Z 1784905144
2026-07-24T15:00:04Z 1784905204
2026-07-24T15:01:04Z 1784905264
2026-07-24T15:02:04Z 1784905324
2026-07-24T15:03:04Z 1784905384
2026-07-24T15:04:04Z 1784905444
2026-07-24T15:05:04Z 1784905504
2026-07-24T15:06:04Z 1784905564
2026-07-24T15:07:04Z 1784905624
2026-07-24T15:08:04Z 1784905684
2026-07-24T15:09:04Z 1784905744
2026-07-24T15:10:04Z 1784905804
2026-07-24T15:11:04Z 1784905864
2026-07-24T15:12:04Z 1784905924
2026-07-24T15:13:04Z 1784905984
2026-07-24T15:14:04Z 1784906044
2026-07-24T15:15:04Z 1784906104
2026-07-24T15:16:04Z 1784906164
2026-07-24T15:17:04Z 1784906224
2026-07-24T15:18:04Z 1784906284
2026-07-24T15:19:04Z 1784906344
2026-07-24T15:20:04Z 1784906404
2026-07-24T15:21:04Z 1784906464
2026-07-24T15:22:04Z 1784906524
2026-07-24T15:23:04Z 1784906584
2026-07-24T15:24:04Z 1784906644
2026-07-24T15:25:04Z 1784906704
2026-07-24T15:26:04Z 1784906764
2026-07-24T15:27:04Z 1784906824
2026-07-24T15:28:04Z 1784906884
2026-07-24T15:29:04Z 1784906944
2026-07-24T15:30:04Z 1784907004
2026-07-24T15:31:04Z 1784907064
2026-07-24T15:32:04Z 1784907124
2026-07-24T15:33:04Z 1784907184
2026-07-24T15:34:04Z 1784907244
2026-07-24T15:35:04Z 1784907304
2026-07-24T15:36:04Z 1784907364
2026-07-24T15:37:04Z 1784907424
2026-07-24T15:38:04Z 1784907484
2026-07-24T15:39:04Z 1784907544
2026-07-24T15:40:04Z 1784907604
2026-07-24T15:41:04Z 1784907664
2026-07-24T15:42:04Z 1784907724
2026-07-24T15:43:04Z 1784907784
2026-07-24T15:44:04Z 1784907844
2026-07-24T15:45:04Z 1784907904
2026-07-24T15:46:04Z 1784907964
2026-07-24T15:47:04Z 1784908024
2026-07-24T15:48:04Z 1784908084
2026-07-24T15:49:04Z 1784908144
2026-07-24T15:50:04Z 1784908204
2026-07-24T15:51:04Z 1784908264
2026-07-24T15:52:04Z 1784908324
2026-07-24T15:53:04Z 1784908384
2026-07-24T15:54:04Z 1784908444
2026-07-24T15:55:04Z 1784908504
2026-07-24T15:56:04Z 1784908564
2026-07-24T15:57:04Z 1784908624
2026-07-24T15:58:04Z 1784908684
2026-07-24T15:59:04Z 1784908744
2026-07-24T16:00:04Z 1784908804
2026-07-24T16:01:04Z 1784908864
2026-07-24T16:02:04Z 1784908924
2026-07-24T16:03:04Z 1784908984
2026-07-24T16:04:04Z 1784909044
2026-07-24T16:05:04Z 1784909104
2026-07-24T16:06:04Z 1784909164
2026-07-24T16:07:04Z 1784909224
2026-07-24T16:08:04Z 1784909284
2026-07-24T16:09:04Z 1784909344
2026-07-24T16:10:04Z 1784909404
2026-07-24T16:11:04Z 1784909464
2026-07-24T16:12:04Z 1784909524
2026-07-24T16:13:04Z 1784909584
2026-07-24T16:14:04Z 1784909644
2026-07-24T16:15:04Z 1784909704
2026-07-24T16:16:04Z 1784909764
2026-07-24T16:17:04Z 1784909824
2026-07-24T16:18:04Z 1784909884
2026-07-24T16:19:04Z 1784909944
2026-07-24T16:20:04Z 1784910004
2026-07-24T16:21:04Z 1784910064
2026-07-24T16:22:04Z 1784910124
2026-07-24T16:23:04Z 1784910184
2026-07-24T16:24:04Z 1784910244
2026-07-24T16:25:04Z 1784910304
2026-07-24T16:26:04Z 1784910364
2026-07-24T16:27:04Z 1784910424
2026-07-24T16:28:04Z 1784910484
2026-07-24T16:29:04Z 1784910544
2026-07-24T16:30:04Z 1784910604
2026-07-24T16:31:04Z 1784910664
2026-07-24T16:32:04Z 1784910724
2026-07-24T16:33:04Z 1784910784
2026-07-24T16:34:04Z 1784910844
2026-07-24T16:35:04Z 1784910904
2026-07-24T16:36:04Z 1784910964
2026-07-24T16:37:04Z 1784911024
2026-07-24T16:38:04Z 1784911084
2026-07-24T16:39:04Z 1784911144
2026-07-24T16:40:04Z 1784911204
2026-07-24T16:41:04Z 1784911264
2026-07-24T16:42:04Z 1784911324
2026-07-24T16:43:04Z 1784911384
2026-07-24T16:44:04Z 1784911444
2026-07-24T16:45:04Z 1784911504
2026-07-24T16:46:04Z 1784911564
2026-07-24T16:47:04Z 1784911624
2026-07-24T16:48:04Z 1784911684
2026-07-24T16:49:04Z 1784911744
2026-07-24T16:50:04Z 1784911804
2026-07-24T16:51:04Z 1784911864
2026-07-24T16:52:04Z 1784911924
2026-07-24T16:53:04Z 1784911984
2026-07-24T16:54:04Z 1784912044
2026-07-24T16:55:04Z 1784912104
2026-07-24T16:56:04Z 1784912164
2026-07-24T16:57:04Z 1784912224
2026-07-24T16:58:04Z 1784912284
2026-07-24T16:59:04Z 1784912344
2026-07-24T17:00:04Z 1784912404
2026-07-24T17:01:04Z 1784912464
2026-07-24T17:02:04Z 1784912524
2026-07-24T17:03:04Z 1784912584
2026-07-24T17:04:04Z 1784912644
2026-07-24T17:05:04Z 1784912704
2026-07-24T17:06:04Z 1784912764
2026-07-24T17:07:04Z 1784912824
2026-07-24T17:08:04Z 1784912884
2026-07-24T17:09:04Z 1784912944
2026-07-24T17:10:04Z 1784913004
2026-07-24T17:11:04Z 1784913064
2026-07-24T17:12:04Z 1784913124
2026-07-24T17:13:04Z 1784913184
2026-07-24T17:14:04Z 1784913244
2026-07-24T17:15:04Z 1784913304
2026-07-24T17:16:04Z 1784913364
2026-07-24T17:17:04Z 1784913424
2026-07-24T17:18:04Z 1784913484
2026-07-24T17:19:04Z 1784913544
2026-07-24T17:20:04Z 1784913604
2026-07-24T17:21:04Z 1784913664
2026-07-24T17:22:04Z 1784913724
2026-07-24T17:23:04Z 1784913784
2026-07-24T17:24:04Z 1784913844
2026-07-24T17:25:04Z 1784913904
2026-07-24T17:26:04Z 1784913964
2026-07-24T17:27:04Z 1784914024
2026-07-24T17:28:04Z 1784914084
2026-07-24T17:29:04Z 1784914144
2026-07-24T17:30:04Z 1784914204
2026-07-24T17:31:04Z 1784914264
2026-07-24T17:32:04Z 1784914324
2026-07-24T17:33:04Z 1784914384
2026-07-24T17:34:04Z 1784914444
2026-07-24T17:35:04Z 1784914504
2026-07-24T17:36:04Z 1784914564
2026-07-24T17:37:04Z 1784914624
2026-07-24T17:38:04Z 1784914684
2026-07-24T17:39:04Z 1784914744
2026-07-24T17:40:04Z 1784914804
2026-07-24T17:41:04Z 1784914864
2026-07-24T17:42:04Z 1784914924
2026-07-24T17:43:04Z 1784914984
2026-07-24T17:44:04Z 1784915044
2026-07-24T17:45:04Z 1784915104
2026-07-24T17:46:04Z 1784915164
2026-07-24T17:47:04Z 1784915224
2026-07-24T17:48:04Z 1784915284
2026-07-24T17:49:04Z 1784915344
2026-07-24T17:50:04Z 1784915404
2026-07-24T17:51:04Z 1784915464
2026-07-24T17:52:04Z 1784915524
2026-07-24T17:53:04Z 1784915584
2026-07-24T17:54:04Z 1784915644
2026-07-24T17:55:04Z 1784915704
2026-07-24T17:56:04Z 1784915764
2026-07-24T17:57:04Z 1784915824
2026-07-24T17:58:04Z 1784915884
2026-07-24T17:59:04Z 1784915944
2026-07-24T18:00:04Z 1784916004
2026-07-24T18:01:04Z 1784916064
2026-07-24T18:02:04Z 1784916124
2026-07-24T18:03:04Z 1784916184
2026-07-24T18:04:04Z 1784916244
2026-07-24T18:05:04Z 1784916304
2026-07-24T18:06:04Z 1784916364
2026-07-24T18:07:04Z 1784916424
2026-07-24T18:08:04Z 1784916484
2026-07-24T18:09:04Z 1784916544
2026-07-24T18:10:04Z 1784916604
2026-07-24T18:11:04Z 1784916664
2026-07-24T18:12:04Z 1784916724
2026-07-24T18:13:04Z 1784916784
2026-07-24T18:14:04Z 1784916844
2026-07-24T18:15:04Z 1784916904
2026-07-24T18:16:04Z 1784916964
2026-07-24T18:17:04Z 1784917024
2026-07-24T18:18:04Z 1784917084
2026-07-24T18:19:04Z 1784917144
2026-07-24T18:20:04Z 1784917204
2026-07-24T18:21:04Z 1784917264
2026-07-24T18:22:04Z 1784917324
2026-07-24T18:23:04Z 1784917384
2026-07-24T18:24:04Z 1784917444
2026-07-24T18:25:04Z 1784917504
2026-07-24T18:26:04Z 1784917564
2026-07-24T18:27:04Z 1784917624
2026-07-24T18:28:04Z 1784917684
2026-07-24T18:29:04Z 1784917744
2026-07-24T18:30:04Z 1784917804
2026-07-24T18:31:04Z 1784917864
2026-07-24T18:32:04Z 1784917924
2026-07-24T18:33:04Z 1784917984
2026-07-24T18:34:04Z 1784918044
2026-07-24T18:35:04Z 1784918104
2026-07-24T18:36:04Z 1784918164
2026-07-24T18:37:04Z 1784918224
2026-07-24T18:38:04Z 1784918284
2026-07-24T18:39:04Z 1784918344
2026-07-24T18:40:04Z 1784918404
2026-07-24T18:41:04Z 1784918464
2026-07-24T18:42:04Z 1784918524
2026-07-24T18:43:04Z 1784918584
2026-07-24T18:44:04Z 1784918644
2026-07-24T18:45:04Z 1784918704
2026-07-24T18:46:04Z 1784918764
2026-07-24T18:47:04Z 1784918824
2026-07-24T18:48:04Z 1784918884
2026-07-24T18:49:04Z 1784918944
2026-07-24T18:50:04Z 1784919004
2026-07-24T18:51:04Z 1784919064
2026-07-24T18:52:04Z 1784919124
2026-07-24T18:53:04Z 1784919184
2026-07-24T18:54:04Z 1784919244
2026-07-24T18:55:04Z 1784919304
2026-07-24T18:56:04Z 1784919364
2026-07-24T18:57:04Z 1784919424
2026-07-24T18:58:04Z 1784919484
2026-07-24T18:59:04Z 1784919544
2026-07-24T19:00:04Z 1784919604
2026-07-24T19:01:04Z 1784919664
2026-07-24T19:02:04Z 1784919724
2026-07-24T19:03:04Z 1784919784
2026-07-24T19:04:04Z 1784919844
2026-07-24T19:05:04Z 1784919904
2026-07-24T19:06:04Z 1784919964
2026-07-24T19:07:04Z 1784920024
2026-07-24T19:08:04Z 1784920084
2026-07-24T19:09:04Z 1784920144
2026-07-24T19:10:04Z 1784920204
2026-07-24T19:11:04Z 1784920264
2026-07-24T19:12:04Z 1784920324
2026-07-24T19:13:04Z 1784920384
2026-07-24T19:14:04Z 1784920444
2026-07-24T19:15:04Z 1784920504
2026-07-24T19:16:04Z 1784920564
2026-07-24T19:17:04Z 1784920624
2026-07-24T19:18:04Z 1784920684
2026-07-24T19:19:04Z 1784920744
2026-07-24T19:20:04Z 1784920804
2026-07-24T19:21:04Z 1784920864
2026-07-24T19:22:04Z 1784920924
2026-07-24T19:23:04Z 1784920984
2026-07-24T19:24:04Z 1784921044
2026-07-24T19:25:04Z 1784921104
2026-07-24T19:26:04Z 1784921164
2026-07-24T19:27:04Z 1784921224
2026-07-24T19:28:04Z 1784921284
2026-07-24T19:29:04Z 1784921344
2026-07-24T19:30:04Z 1784921404
2026-07-24T19:31:04Z 1784921464
2026-07-24T19:32:04Z 1784921524
2026-07-24T19:33:04Z 1784921584
2026-07-24T19:34:04Z 1784921644
2026-07-24T19:35:04Z 1784921704
2026-07-24T19:36:04Z 1784921764
2026-07-24T19:37:04Z 1784921824
2026-07-24T19:38:04Z 1784921884
2026-07-24T19:39:04Z 1784921944
2026-07-24T19:40:04Z 1784922004
2026-07-24T19:41:04Z 1784922064
2026-07-24T19:42:04Z 1784922124
2026-07-24T19:43:04Z 1784922184
2026-07-24T19:44:04Z 1784922244
2026-07-24T19:45:04Z 1784922304
2026-07-24T19:46:04Z 1784922364
2026-07-24T19:47:04Z 1784922424
2026-07-24T19:48:04Z 1784922484
2026-07-24T19:49:04Z 1784922544
2026-07-24T19:50:04Z 1784922604
2026-07-24T19:51:04Z 1784922664
2026-07-24T19:52:04Z 1784922724
2026-07-24T19:53:04Z 1784922784
2026-07-24T19:54:04Z 1784922844
2026-07-24T19:55:04Z 1784922904
2026-07-24T19:56:04Z 1784922964
2026-07-24T19:57:04Z 1784923024
2026-07-24T19:58:04Z 1784923084
2026-07-24T19:59:04Z 1784923144
2026-07-24T20:00:04Z 1784923204
2026-07-24T20:01:04Z 1784923264
2026-07-24T20:02:04Z 1784923324
2026-07-24T20:03:04Z 1784923384
2026-07-24T20:04:04Z 1784923444
2026-07-24T20:05:04Z 1784923504
2026-07-24T20:06:04Z 1784923564
2026-07-24T20:07:04Z 1784923624
2026-07-24T20:08:04Z 1784923684
2026-07-24T20:09:04Z 1784923744
2026-07-24T20:10:04Z 1784923804
2026-07-24T20:11:04Z 1784923864
2026-07-24T20:12:04Z 1784923924
2026-07-24T20:13:04Z 1784923984
2026-07-24T20:14:04Z 1784924044
2026-07-24T20:15:04Z 1784924104
2026-07-24T20:16:04Z 1784924164
2026-07-24T20:17:04Z 1784924224
2026-07-24T20:18:04Z 1784924284
2026-07-24T20:19:04Z 1784924344
2026-07-24T20:20:04Z 1784924404
2026-07-24T20:21:04Z 1784924464
2026-07-24T20:22:04Z 1784924524
2026-07-24T20:23:04Z 1784924584
2026-07-24T20:24:04Z 1784924644
2026-07-24T20:25:04Z 1784924704
2026-07-24T20:26:04Z 1784924764
2026-07-24T20:27:04Z 1784924824
2026-07-24T20:28:04Z 1784924884
2026-07-24T20:29:04Z 1784924944
2026-07-24T20:30:04Z 1784925004
2026-07-24T20:31:04Z 1784925064
2026-07-24T20:32:04Z 1784925124
2026-07-24T20:33:04Z 1784925184
2026-07-24T20:34:04Z 1784925244
2026-07-24T20:35:04Z 1784925304
2026-07-24T20:36:04Z 1784925364
2026-07-24T20:37:04Z 1784925424
2026-07-24T20:38:04Z 1784925484
2026-07-24T20:39:04Z 1784925544
2026-07-24T20:40:04Z 1784925604
2026-07-24T20:41:04Z 1784925664
2026-07-24T20:42:04Z 1784925724
2026-07-24T20:43:04Z 1784925784
2026-07-24T20:44:04Z 1784925844
2026-07-24T20:45:04Z 1784925904
2026-07-24T20:46:04Z 1784925964
2026-07-24T20:47:04Z 1784926024
2026-07-24T20:48:04Z 1784926084
2026-07-24T20:49:04Z 1784926144
2026-07-24T20:50:04Z 1784926204
2026-07-24T20:51:04Z 1784926264
2026-07-24T20:52:04Z 1784926324
2026-07-24T20:53:04Z 1784926384
2026-07-24T20:54:04Z 1784926444
2026-07-24T20:55:04Z 1784926504
2026-07-24T20:56:04Z 1784926564
2026-07-24T20:57:04Z 1784926624
2026-07-24T20:58:04Z 1784926684
2026-07-24T20:59:04Z 1784926744
2026-07-24T21:00:04Z 1784926804
2026-07-24T21:01:04Z 1784926864
2026-07-24T21:02:04Z 1784926924
2026-07-24T21:03:04Z 1784926984
2026-07-24T21:04:04Z 1784927044
2026-07-24T21:05:04Z 1784927104
2026-07-24T21:06:04Z 1784927164
2026-07-24T21:07:04Z 1784927224
2026-07-24T21:08:04Z 1784927284
2026-07-24T21:09:04Z 1784927344
2026-07-24T21:10:04Z 1784927404
2026-07-24T21:11:04Z 1784927464
2026-07-24T21:12:04Z 1784927524
2026-07-24T21:13:04Z 1784927584
2026-07-24T21:14:04Z 1784927644
2026-07-24T21:15:04Z 1784927704
2026-07-24T21:16:04Z 1784927764
2026-07-24T21:17:04Z 1784927824
2026-07-24T21:18:04Z 1784927884
2026-07-24T21:19:04Z 1784927944
2026-07-24T21:20:04Z 1784928004
2026-07-24T21:21:04Z 1784928064
2026-07-24T21:22:04Z 1784928124
2026-07-24T21:23:04Z 1784928184
2026-07-24T21:24:04Z 1784928244
2026-07-24T21:25:04Z 1784928304
2026-07-24T21:26:04Z 1784928364
2026-07-24T21:27:04Z 1784928424
2026-07-24T21:28:04Z 1784928484
2026-07-24T21:29:04Z 1784928544
2026-07-24T21:30:04Z 1784928604
2026-07-24T21:31:04Z 1784928664
2026-07-24T21:32:04Z 1784928724
2026-07-24T21:33:04Z 1784928784
2026-07-24T21:34:04Z 1784928844
2026-07-24T21:35:04Z 1784928904
2026-07-24T21:36:04Z 1784928964
2026-07-24T21:37:04Z 1784929024
2026-07-24T21:38:04Z 1784929084
2026-07-24T21:39:04Z 1784929144
2026-07-24T21:40:04Z 1784929204
2026-07-24T21:41:04Z 1784929264
2026-07-24T21:42:04Z 1784929324
2026-07-24T21:43:04Z 1784929384
2026-07-24T21:44:04Z 1784929444
2026-07-24T21:45:04Z 1784929504
2026-07-24T21:46:04Z 1784929564
2026-07-24T21:47:04Z 1784929624
2026-07-24T21:48:04Z 1784929684
2026-07-24T21:49:04Z 1784929744
2026-07-24T21:50:04Z 1784929804
2026-07-24T21:51:04Z 1784929864
2026-07-24T21:52:04Z 1784929924
2026-07-24T21:53:04Z 1784929984
2026-07-24T21:54:04Z 1784930044
2026-07-24T21:55:04Z 1784930104
2026-07-24T21:56:04Z 1784930164
2026-07-24T21:57:04Z 1784930224
2026-07-24T21:58:04Z 1784930284
2026-07-24T21:59:04Z 1784930344
2026-07-24T22:00:04Z 1784930404
2026-07-24T22:01:04Z 1784930464
2026-07-24T22:02:04Z 1784930524
2026-07-24T22:03:04Z 1784930584
2026-07-24T22:04:04Z 1784930644
2026-07-24T22:05:04Z 1784930704
2026-07-24T22:06:04Z 1784930764
2026-07-24T22:07:04Z 1784930824
2026-07-24T22:08:04Z 1784930884
2026-07-24T22:09:04Z 1784930944
2026-07-24T22:10:04Z 1784931004
2026-07-24T22:11:04Z 1784931064
2026-07-24T22:12:04Z 1784931124
2026-07-24T22:13:04Z 1784931184
2026-07-24T22:14:04Z 1784931244
2026-07-24T22:15:04Z 1784931304
2026-07-24T22:16:04Z 1784931364
2026-07-24T22:17:04Z 1784931424
2026-07-24T22:18:04Z 1784931484
2026-07-24T22:19:04Z 1784931544
2026-07-24T22:20:04Z 1784931604
2026-07-24T22:21:04Z 1784931664
2026-07-24T22:22:04Z 1784931724
2026-07-24T22:23:04Z 1784931784
2026-07-24T22:24:04Z 1784931844
2026-07-24T22:25:04Z 1784931904
2026-07-24T22:26:04Z 1784931964
2026-07-24T22:27:04Z 1784932024
2026-07-24T22:28:04Z 1784932084
2026-07-24T22:29:04Z 1784932144
2026-07-24T22:30:04Z 1784932204
2026-07-24T22:31:04Z 1784932264
2026-07-24T22:32:04Z 1784932324
2026-07-24T22:33:04Z 1784932384
2026-07-24T22:34:04Z 1784932444
2026-07-24T22:35:04Z 1784932504
2026-07-24T22:36:04Z 1784932564
2026-07-24T22:37:04Z 1784932624
2026-07-24T22:38:04Z 1784932684
2026-07-24T22:39:04Z 1784932744
2026-07-24T22:40:04Z 1784932804
2026-07-24T22:41:04Z 1784932864
2026-07-24T22:42:04Z 1784932924
2026-07-24T22:43:04Z 1784932984
2026-07-24T22:44:04Z 1784933044
2026-07-24T22:45:04Z 1784933104
2026-07-24T22:46:04Z 1784933164
2026-07-24T22:47:04Z 1784933224
2026-07-24T22:48:04Z 1784933284
2026-07-24T22:49:04Z 1784933344
2026-07-24T22:50:04Z 1784933404
2026-07-24T22:51:04Z 1784933464
2026-07-24T22:52:04Z 1784933524
2026-07-24T22:53:04Z 1784933584
2026-07-24T22:54:04Z 1784933644
2026-07-24T22:55:04Z 1784933704
2026-07-24T22:56:04Z 1784933764
2026-07-24T22:57:04Z 1784933824
2026-07-24T22:58:04Z 1784933884
2026-07-24T22:59:04Z 1784933944
2026-07-24T23:00:04Z 1784934004
2026-07-24T23:01:04Z 1784934064
2026-07-24T23:02:04Z 1784934124
2026-07-24T23:03:04Z 1784934184
2026-07-24T23:04:04Z 1784934244
2026-07-24T23:05:04Z 1784934304
2026-07-24T23:06:04Z 1784934364
2026-07-24T23:07:04Z 1784934424
2026-07-24T23:08:04Z 1784934484
2026-07-24T23:09:04Z 1784934544
2026-07-24T23:10:04Z 1784934604
2026-07-24T23:11:04Z 1784934664
2026-07-24T23:12:04Z 1784934724
2026-07-24T23:13:04Z 1784934784
2026-07-24T23:14:04Z 1784934844
2026-07-24T23:15:04Z 1784934904
2026-07-24T23:16:04Z 1784934964
2026-07-24T23:17:04Z 1784935024
2026-07-24T23:18:04Z 1784935084
2026-07-24T23:19:04Z 1784935144
2026-07-24T23:20:04Z 1784935204
2026-07-24T23:21:04Z 1784935264
2026-07-24T23:22:04Z 1784935324
2026-07-24T23:23:04Z 1784935384
2026-07-24T23:24:04Z 1784935444
2026-07-24T23:25:04Z 1784935504
2026-07-24T23:26:04Z 1784935564
2026-07-24T23:27:04Z 1784935624
2026-07-24T23:28:04Z 1784935684
2026-07-24T23:29:04Z 1784935744
2026-07-24T23:30:04Z 1784935804
2026-07-24T23:31:04Z 1784935864
2026-07-24T23:32:04Z 1784935924
2026-07-24T23:33:04Z 1784935984
2026-07-24T23:34:04Z 1784936044
2026-07-24T23:35:04Z 1784936104
2026-07-24T23:36:04Z 1784936164
2026-07-24T23:37:04Z 1784936224
2026-07-24T23:38:04Z 1784936284
2026-07-24T23:39:04Z 1784936344
2026-07-24T23:40:04Z 1784936404
2026-07-24T23:41:04Z 1784936464
2026-07-24T23:42:04Z 1784936524
2026-07-24T23:43:04Z 1784936584
2026-07-24T23:44:04Z 1784936644
2026-07-24T23:45:04Z 1784936704
2026-07-24T23:46:04Z 1784936764
2026-07-24T23:47:04Z 1784936824
2026-07-24T23:48:04Z 1784936884
2026-07-24T23:49:04Z 1784936944
2026-07-24T23:50:04Z 1784937004
2026-07-24T23:51:04Z 1784937064
2026-07-24T23:52:04Z 1784937124
2026-07-24T23:53:04Z 1784937184
2026-07-24T23:54:04Z 1784937244
2026-07-24T23:55:04Z 1784937304
2026-07-24T23:56:04Z 1784937364
2026-07-24T23:57:04Z 1784937424
2026-07-24T23:58:04Z 1784937484
2026-07-24T23:59:04Z 1784937544
2026-07-25T00:00:04Z 1784937604
2026-07-25T00:01:04Z 1784937664
2026-07-25T00:02:04Z 1784937724
2026-07-25T00:03:04Z 1784937784
2026-07-25T00:04:04Z 1784937844
2026-07-25T00:05:04Z 1784937904
2026-07-25T00:06:04Z 1784937964
2026-07-25T00:07:04Z 1784938024
2026-07-25T00:08:04Z 1784938084
2026-07-25T00:09:04Z 1784938144
2026-07-25T00:10:04Z 1784938204
2026-07-25T00:11:04Z 1784938264
2026-07-25T00:12:04Z 1784938324
2026-07-25T00:13:04Z 1784938384
2026-07-25T00:14:04Z 1784938444
2026-07-25T00:15:04Z 1784938504
2026-07-25T00:16:04Z 1784938564
2026-07-25T00:17:04Z 1784938624
2026-07-25T00:18:04Z 1784938684
2026-07-25T00:19:04Z 1784938744
2026-07-25T00:20:04Z 1784938804
2026-07-25T00:21:04Z 1784938864
2026-07-25T00:22:04Z 1784938924
2026-07-25T00:23:04Z 1784938984
2026-07-25T00:24:04Z 1784939044
2026-07-25T00:25:04Z 1784939104
2026-07-25T00:26:04Z 1784939164
2026-07-25T00:27:04Z 1784939224
2026-07-25T00:28:04Z 1784939284
2026-07-25T00:29:04Z 1784939344
2026-07-25T00:30:04Z 1784939404
2026-07-25T00:31:04Z 1784939464
2026-07-25T00:32:04Z 1784939524
2026-07-25T00:33:04Z 1784939584
2026-07-25T00:34:04Z 1784939644
2026-07-25T00:35:04Z 1784939704
2026-07-25T00:36:04Z 1784939764
2026-07-25T00:37:04Z 1784939824
2026-07-25T00:38:04Z 1784939884
2026-07-25T00:39:04Z 1784939944
2026-07-25T00:40:04Z 1784940004
2026-07-25T00:41:04Z 1784940064
2026-07-25T00:42:04Z 1784940124
2026-07-25T00:43:04Z 1784940184
2026-07-25T00:44:04Z 1784940244
2026-07-25T00:45:04Z 1784940304
2026-07-25T00:46:04Z 1784940364
2026-07-25T00:47:04Z 1784940424
2026-07-25T00:48:04Z 1784940484
2026-07-25T00:49:04Z 1784940544
2026-07-25T00:50:04Z 1784940604
2026-07-25T00:51:04Z 1784940664
2026-07-25T00:52:04Z 1784940724
2026-07-25T00:53:04Z 1784940784
2026-07-25T00:54:04Z 1784940844
2026-07-25T00:55:04Z 1784940904
2026-07-25T00:56:04Z 1784940964
2026-07-25T00:57:04Z 1784941024
2026-07-25T00:58:04Z 1784941084
2026-07-25T00:59:04Z 1784941144
2026-07-25T01:00:04Z 1784941204
2026-07-25T01:01:04Z 1784941264
2026-07-25T01:02:04Z 1784941324
2026-07-25T01:03:04Z 1784941384
2026-07-25T01:04:04Z 1784941444
2026-07-25T01:05:04Z 1784941504
2026-07-25T01:06:04Z 1784941564
2026-07-25T01:07:04Z 1784941624
2026-07-25T01:08:04Z 1784941684
2026-07-25T01:09:04Z 1784941744
2026-07-25T01:10:04Z 1784941804
2026-07-25T01:11:04Z 1784941864
2026-07-25T01:12:04Z 1784941924
2026-07-25T01:13:04Z 1784941984
2026-07-25T01:14:04Z 1784942044
2026-07-25T01:15:04Z 1784942104
2026-07-25T01:16:04Z 1784942164
2026-07-25T01:17:04Z 1784942224
2026-07-25T01:18:04Z 1784942284
2026-07-25T01:19:04Z 1784942344
2026-07-25T01:20:04Z 1784942404
2026-07-25T01:21:04Z 1784942464
2026-07-25T01:22:04Z 1784942524
2026-07-25T01:23:04Z 1784942584
2026-07-25T01:24:04Z 1784942644
2026-07-25T01:25:04Z 1784942704
2026-07-25T01:26:04Z 1784942764
2026-07-25T01:27:04Z 1784942824
2026-07-25T01:28:04Z 1784942884
2026-07-25T01:29:04Z 1784942944
2026-07-25T01:30:04Z 1784943004
2026-07-25T01:31:04Z 1784943064
2026-07-25T01:32:04Z 1784943124
2026-07-25T01:33:04Z 1784943184
2026-07-25T01:34:04Z 1784943244
2026-07-25T01:35:04Z 1784943304
2026-07-25T01:36:04Z 1784943364
2026-07-25T01:37:04Z 1784943424
2026-07-25T01:38:04Z 1784943484
2026-07-25T01:39:04Z 1784943544
2026-07-25T01:40:04Z 1784943604
2026-07-25T01:41:04Z 1784943664
2026-07-25T01:42:04Z 1784943724
2026-07-25T01:43:04Z 1784943784
2026-07-25T01:44:04Z 1784943844
2026-07-25T01:45:04Z 1784943904
2026-07-25T01:46:04Z 1784943964
2026-07-25T01:47:04Z 1784944024
2026-07-25T01:48:04Z 1784944084
2026-07-25T01:49:04Z 1784944144
2026-07-25T01:50:04Z 1784944204
2026-07-25T01:51:04Z 1784944264
2026-07-25T01:52:04Z 1784944324
2026-07-25T01:53:04Z 1784944384
2026-07-25T01:54:04Z 1784944444
2026-07-25T01:55:04Z 1784944504
2026-07-25T01:56:04Z 1784944564
2026-07-25T01:57:04Z 1784944624
2026-07-25T01:58:04Z 1784944684
2026-07-25T01:59:04Z 1784944744
2026-07-25T02:00:04Z 1784944804
2026-07-25T02:01:04Z 1784944864
2026-07-25T02:02:04Z 1784944924
2026-07-25T02:03:04Z 1784944984
2026-07-25T02:04:04Z 1784945044
2026-07-25T02:05:04Z 1784945104
2026-07-25T02:06:04Z 1784945164
2026-07-25T02:07:04Z 1784945224
2026-07-25T02:08:04Z 1784945284
2026-07-25T02:09:04Z 1784945344
2026-07-25T02:10:04Z 1784945404
2026-07-25T02:11:04Z 1784945464
2026-07-25T02:12:04Z 1784945524
2026-07-25T02:13:04Z 1784945584
2026-07-25T02:14:04Z 1784945644
2026-07-25T02:15:04Z 1784945704
2026-07-25T02:16:04Z 1784945764
2026-07-25T02:17:04Z 1784945824
2026-07-25T02:18:04Z 1784945884
2026-07-25T02:19:04Z 1784945944
2026-07-25T02:20:04Z 1784946004
2026-07-25T02:21:04Z 1784946064
2026-07-25T02:22:04Z 1784946124
2026-07-25T02:23:04Z 1784946184
2026-07-25T02:24:04Z 1784946244
2026-07-25T02:25:04Z 1784946304
2026-07-25T02:26:04Z 1784946364
2026-07-25T02:27:04Z 1784946424
2026-07-25T02:28:04Z 1784946484
2026-07-25T02:29:04Z 1784946544
2026-07-25T02:30:04Z 1784946604
2026-07-25T02:31:04Z 1784946664
2026-07-25T02:32:04Z 1784946724
2026-07-25T02:33:04Z 1784946784
2026-07-25T02:34:04Z 1784946844
2026-07-25T02:35:04Z 1784946904
2026-07-25T02:36:04Z 1784946964
2026-07-25T02:37:04Z 1784947024
2026-07-25T02:38:04Z 1784947084
2026-07-25T02:39:04Z 1784947144
2026-07-25T02:40:04Z 1784947204
2026-07-25T02:41:04Z 1784947264
2026-07-25T02:42:04Z 1784947324
2026-07-25T02:43:04Z 1784947384
2026-07-25T02:44:04Z 1784947444
2026-07-25T02:45:04Z 1784947504
2026-07-25T02:46:04Z 1784947564
2026-07-25T02:47:04Z 1784947624
2026-07-25T02:48:04Z 1784947684
2026-07-25T02:49:04Z 1784947744
2026-07-25T02:50:04Z 1784947804
2026-07-25T02:51:04Z 1784947864
2026-07-25T02:52:04Z 1784947924
2026-07-25T02:53:04Z 1784947984
2026-07-25T02:54:04Z 1784948044
2026-07-25T02:55:04Z 1784948104
2026-07-25T02:56:04Z 1784948164
2026-07-25T02:57:04Z 1784948224
2026-07-25T02:58:04Z 1784948284
2026-07-25T02:59:04Z 1784948344
2026-07-25T03:00:04Z 1784948404
2026-07-25T03:01:04Z 1784948464
2026-07-25T03:02:04Z 1784948524
2026-07-25T03:03:04Z 1784948584
2026-07-25T03:04:04Z 1784948644
2026-07-25T03:05:04Z 1784948704
2026-07-25T03:06:04Z 1784948764
2026-07-25T03:07:04Z 1784948824
2026-07-25T03:08:04Z 1784948884
2026-07-25T03:09:04Z 1784948944
2026-07-25T03:10:04Z 1784949004
2026-07-25T03:11:04Z 1784949064
2026-07-25T03:12:04Z 1784949124
2026-07-25T03:13:04Z 1784949184
2026-07-25T03:14:04Z 1784949244
2026-07-25T03:15:04Z 1784949304
2026-07-25T03:16:04Z 1784949364
2026-07-25T03:17:04Z 1784949424
2026-07-25T03:18:04Z 1784949484
2026-07-25T03:19:04Z 1784949544
2026-07-25T03:20:04Z 1784949604
2026-07-25T03:21:04Z 1784949664
2026-07-25T03:22:04Z 1784949724
2026-07-25T03:23:04Z 1784949784
2026-07-25T03:24:04Z 1784949844
2026-07-25T03:25:04Z 1784949904
2026-07-25T03:26:04Z 1784949964
2026-07-25T03:27:04Z 1784950024
2026-07-25T03:28:04Z 1784950084
2026-07-25T03:29:04Z 1784950144
2026-07-25T03:30:04Z 1784950204
2026-07-25T03:31:04Z 1784950264
2026-07-25T03:32:04Z 1784950324
2026-07-25T03:33:04Z 1784950384
2026-07-25T03:34:04Z 1784950444
2026-07-25T03:35:04Z 1784950504
2026-07-25T03:36:04Z 1784950564
2026-07-25T03:37:04Z 1784950624
2026-07-25T03:38:04Z 1784950684
2026-07-25T03:39:04Z 1784950744
2026-07-25T03:40:04Z 1784950804
2026-07-25T03:41:04Z 1784950864
2026-07-25T03:42:04Z 1784950924
2026-07-25T03:43:04Z 1784950984
2026-07-25T03:44:04Z 1784951044
2026-07-25T03:45:04Z 1784951104
2026-07-25T03:46:04Z 1784951164
2026-07-25T03:47:04Z 1784951224
2026-07-25T03:48:04Z 1784951284
2026-07-25T03:49:04Z 1784951344
2026-07-25T03:50:04Z 1784951404
2026-07-25T03:51:04Z 1784951464
2026-07-25T03:52:04Z 1784951524
2026-07-25T03:53:04Z 1784951584
2026-07-25T03:54:04Z 1784951644
2026-07-25T03:55:04Z 1784951704
2026-07-25T03:56:04Z 1784951764
2026-07-25T03:57:04Z 1784951824
2026-07-25T03:58:04Z 1784951884
2026-07-25T03:59:04Z 1784951944
2026-07-25T04:00:04Z 1784952004
2026-07-25T04:01:04Z 1784952064
2026-07-25T04:02:04Z 1784952124
2026-07-25T04:03:04Z 1784952184
2026-07-25T04:04:04Z 1784952244
2026-07-25T04:05:04Z 1784952304
2026-07-25T04:06:04Z 1784952364
2026-07-25T04:07:04Z 1784952424
2026-07-25T04:08:04Z 1784952484
2026-07-25T04:09:04Z 1784952544
2026-07-25T04:10:04Z 1784952604
2026-07-25T04:11:04Z 1784952664
2026-07-25T04:12:04Z 1784952724
2026-07-25T04:13:04Z 1784952784
2026-07-25T04:14:04Z 1784952844
2026-07-25T04:15:04Z 1784952904
2026-07-25T04:16:04Z 1784952964
2026-07-25T04:17:04Z 1784953024
2026-07-25T04:18:04Z 1784953084
2026-07-25T04:19:04Z 1784953144
2026-07-25T04:20:04Z 1784953204
2026-07-25T04:21:04Z 1784953264
2026-07-25T04:22:04Z 1784953324
2026-07-25T04:23:04Z 1784953384
2026-07-25T04:24:04Z 1784953444
2026-07-25T04:25:04Z 1784953504
2026-07-25T04:26:04Z 1784953564
2026-07-25T04:27:04Z 1784953624
2026-07-25T04:28:04Z 1784953684
2026-07-25T04:29:04Z 1784953744
2026-07-25T04:30:04Z 1784953804
2026-07-25T04:31:04Z 1784953864
2026-07-25T04:32:04Z 1784953924
2026-07-25T04:33:04Z 1784953984
2026-07-25T04:34:04Z 1784954044
2026-07-25T04:35:04Z 1784954104
2026-07-25T04:36:04Z 1784954164
2026-07-25T04:37:04Z 1784954224
2026-07-25T04:38:04Z 1784954284
2026-07-25T04:39:04Z 1784954344
2026-07-25T04:40:04Z 1784954404
2026-07-25T04:41:04Z 1784954464
2026-07-25T04:42:04Z 1784954524
2026-07-25T04:43:04Z 1784954584
2026-07-25T04:44:04Z 1784954644
2026-07-25T04:45:04Z 1784954704
2026-07-25T04:46:04Z 1784954764
2026-07-25T04:47:04Z 1784954824
2026-07-25T04:48:04Z 1784954884
2026-07-25T04:49:04Z 1784954944
2026-07-25T04:50:04Z 1784955004
2026-07-25T04:51:04Z 1784955064
2026-07-25T04:52:04Z 1784955124
2026-07-25T04:53:04Z 1784955184
2026-07-25T04:54:04Z 1784955244
2026-07-25T04:55:04Z 1784955304
2026-07-25T04:56:04Z 1784955364
2026-07-25T04:57:04Z 1784955424
2026-07-25T04:58:04Z 1784955484
2026-07-25T04:59:04Z 1784955544
2026-07-25T05:00:04Z 1784955604
2026-07-25T05:01:04Z 1784955664
2026-07-25T05:02:04Z 1784955724
2026-07-25T05:03:04Z 1784955784
2026-07-25T05:04:04Z 1784955844
2026-07-25T05:05:04Z 1784955904
2026-07-25T05:06:04Z 1784955964
2026-07-25T05:07:04Z 1784956024
2026-07-25T05:08:04Z 1784956084
2026-07-25T05:09:04Z 1784956144
2026-07-25T05:10:04Z 1784956204
2026-07-25T05:11:04Z 1784956264
2026-07-25T05:12:04Z 1784956324
2026-07-25T05:13:04Z 1784956384
2026-07-25T05:14:04Z 1784956444
2026-07-25T05:15:04Z 1784956504
2026-07-25T05:16:04Z 1784956564
2026-07-25T05:17:04Z 1784956624
2026-07-25T05:18:04Z 1784956684
2026-07-25T05:19:04Z 1784956744
2026-07-25T05:20:04Z 1784956804
2026-07-25T05:21:04Z 1784956864
2026-07-25T05:22:04Z 1784956924
2026-07-25T05:23:04Z 1784956984
2026-07-25T05:24:04Z 1784957044
2026-07-25T05:25:04Z 1784957104
2026-07-25T05:26:04Z 1784957164
2026-07-25T05:27:04Z 1784957224
2026-07-25T05:28:04Z 1784957284
2026-07-25T05:29:04Z 1784957344
2026-07-25T05:30:04Z 1784957404
2026-07-25T05:31:04Z 1784957464
2026-07-25T05:32:04Z 1784957524
2026-07-25T05:33:04Z 1784957584
2026-07-25T05:34:04Z 1784957644
2026-07-25T05:35:04Z 1784957704
2026-07-25T05:36:04Z 1784957764
2026-07-25T05:37:04Z 1784957824
2026-07-25T05:38:04Z 1784957884
2026-07-25T05:39:04Z 1784957944
2026-07-25T05:40:04Z 1784958004
2026-07-25T05:41:04Z 1784958064
2026-07-25T05:42:04Z 1784958124
2026-07-25T05:43:04Z 1784958184
2026-07-25T05:44:04Z 1784958244
2026-07-25T05:45:04Z 1784958304
2026-07-25T05:46:04Z 1784958364
2026-07-25T05:47:04Z 1784958424
2026-07-25T05:48:04Z 1784958484
2026-07-25T05:49:04Z 1784958544
2026-07-25T05:50:04Z 1784958604
2026-07-25T05:51:04Z 1784958664
2026-07-25T05:52:04Z 1784958724
2026-07-25T05:53:04Z 1784958784
2026-07-25T05:54:04Z 1784958844
2026-07-25T05:55:04Z 1784958904
2026-07-25T05:56:04Z 1784958964
2026-07-25T05:57:04Z 1784959024
2026-07-25T05:58:04Z 1784959084
2026-07-25T05:59:04Z 1784959144
2026-07-25T06:00:04Z 1784959204
2026-07-25T06:01:04Z 1784959264
2026-07-25T06:02:04Z 1784959324
2026-07-25T06:03:04Z 1784959384
2026-07-25T06:04:04Z 1784959444
2026-07-25T06:05:04Z 1784959504
2026-07-25T06:06:04Z 1784959564
2026-07-25T06:07:04Z 1784959624
2026-07-25T06:08:04Z 1784959684
2026-07-25T06:09:04Z 1784959744
2026-07-25T06:10:04Z 1784959804
2026-07-25T06:11:04Z 1784959864
2026-07-25T06:12:04Z 1784959924
2026-07-25T06:13:04Z 1784959984
2026-07-25T06:14:04Z 1784960044
2026-07-25T06:15:04Z 1784960104
2026-07-25T06:16:04Z 1784960164
2026-07-25T06:17:04Z 1784960224
2026-07-25T06:18:04Z 1784960284
2026-07-25T06:19:04Z 1784960344
2026-07-25T06:20:04Z 1784960404
2026-07-25T06:21:04Z 1784960464
2026-07-25T06:22:04Z 1784960524
2026-07-25T06:23:04Z 1784960584
2026-07-25T06:24:04Z 1784960644
2026-07-25T06:25:04Z 1784960704
2026-07-25T06:26:04Z 1784960764
2026-07-25T06:27:04Z 1784960824
2026-07-25T06:28:04Z 1784960884
2026-07-25T06:29:04Z 1784960944
2026-07-25T06:30:04Z 1784961004
2026-07-25T06:31:04Z 1784961064
2026-07-25T06:32:04Z 1784961124
2026-07-25T06:33:04Z 1784961184
2026-07-25T06:34:04Z 1784961244
2026-07-25T06:35:04Z 1784961304
2026-07-25T06:36:04Z 1784961364
2026-07-25T06:37:04Z 1784961424
2026-07-25T06:38:04Z 1784961484
2026-07-25T06:39:04Z 1784961544
2026-07-25T06:40:04Z 1784961604
2026-07-25T06:41:04Z 1784961664
2026-07-25T06:42:04Z 1784961724
2026-07-25T06:43:04Z 1784961784
2026-07-25T06:44:04Z 1784961844
2026-07-25T06:45:04Z 1784961904
2026-07-25T06:46:04Z 1784961964
2026-07-25T06:47:04Z 1784962024
2026-07-25T06:48:04Z 1784962084
2026-07-25T06:49:04Z 1784962144
2026-07-25T06:50:04Z 1784962204
2026-07-25T06:51:04Z 1784962264
2026-07-25T06:52:04Z 1784962324
2026-07-25T06:53:04Z 1784962384
2026-07-25T06:54:04Z 1784962444
2026-07-25T06:55:04Z 1784962504
2026-07-25T06:56:04Z 1784962564
2026-07-25T06:57:04Z 1784962624
2026-07-25T06:58:04Z 1784962684
2026-07-25T06:59:04Z 1784962744
2026-07-25T07:00:04Z 1784962804
2026-07-25T07:01:04Z 1784962864
2026-07-25T07:02:04Z 1784962924
2026-07-25T07:03:04Z 1784962984
2026-07-25T07:04:04Z 1784963044
2026-07-25T07:05:04Z 1784963104
2026-07-25T07:06:04Z 1784963164
2026-07-25T07:07:04Z 1784963224
2026-07-25T07:08:04Z 1784963284
2026-07-25T07:09:04Z 1784963344
2026-07-25T07:10:04Z 1784963404
2026-07-25T07:11:04Z 1784963464
2026-07-25T07:12:04Z 1784963524
2026-07-25T07:13:04Z 1784963584
2026-07-25T07:14:04Z 1784963644
2026-07-25T07:15:04Z 1784963704
2026-07-25T07:16:04Z 1784963764
2026-07-25T07:17:04Z 1784963824
2026-07-25T07:18:04Z 1784963884
2026-07-25T07:19:04Z 1784963944
2026-07-25T07:20:04Z 1784964004
2026-07-25T07:21:04Z 1784964064
2026-07-25T07:22:04Z 1784964124
2026-07-25T07:23:04Z 1784964184
2026-07-25T07:24:04Z 1784964244
2026-07-25T07:25:04Z 1784964304
2026-07-25T07:26:04Z 1784964364
2026-07-25T07:27:04Z 1784964424
2026-07-25T07:28:04Z 1784964484
2026-07-25T07:29:04Z 1784964544
2026-07-25T07:30:04Z 1784964604
2026-07-25T07:31:04Z 1784964664
2026-07-25T07:32:04Z 1784964724
2026-07-25T07:33:04Z 1784964784
2026-07-25T07:34:04Z 1784964844
2026-07-25T07:35:04Z 1784964904
2026-07-25T07:36:04Z 1784964964
2026-07-25T07:37:04Z 1784965024
2026-07-25T07:38:04Z 1784965084
2026-07-25T07:39:04Z 1784965144
2026-07-25T07:40:04Z 1784965204
2026-07-25T07:41:04Z 1784965264
2026-07-25T07:42:04Z 1784965324
2026-07-25T07:43:04Z 1784965384
2026-07-25T07:44:04Z 1784965444
2026-07-25T07:45:04Z 1784965504
2026-07-25T07:46:04Z 1784965564
2026-07-25T07:47:04Z 1784965624
2026-07-25T07:48:04Z 1784965684
2026-07-25T07:49:04Z 1784965744
2026-07-25T07:50:04Z 1784965804
2026-07-25T07:51:04Z 1784965864
2026-07-25T07:52:04Z 1784965924
2026-07-25T07:53:04Z 1784965984
2026-07-25T07:54:04Z 1784966044
2026-07-25T07:55:04Z 1784966104
2026-07-25T07:56:04Z 1784966164
2026-07-25T07:57:04Z 1784966224
2026-07-25T07:58:04Z 1784966284
2026-07-25T07:59:00Z 1784966340
2026-07-25T08:00:04Z 1784966404
2026-07-25T08:01:04Z 1784966464
2026-07-25T08:02:04Z 1784966524
2026-07-25T08:03:04Z 1784966584
2026-07-25T08:04:00Z 1784966640
2026-07-25T08:05:04Z 1784966704
2026-07-25T08:06:04Z 1784966764
2026-07-25T08:07:04Z 1784966824
2026-07-25T08:08:04Z 1784966884
2026-07-25T08:09:00Z 1784966940
2026-07-25T08:10:04Z 1784967004
2026-07-25T08:11:04Z 1784967064
2026-07-25T08:12:04Z 1784967124
2026-07-25T08:13:04Z 1784967184
2026-07-25T08:14:00Z 1784967240
2026-07-25T08:15:04Z 1784967304
2026-07-25T08:16:04Z 1784967364
2026-07-25T08:17:04Z 1784967424
2026-07-25T08:18:04Z 1784967484
2026-07-25T08:19:00Z 1784967540
2026-07-25T08:20:04Z 1784967604
2026-07-25T08:21:04Z 1784967664
2026-07-25T08:22:04Z 1784967724
2026-07-25T08:23:04Z 1784967784
2026-07-25T08:24:00Z 1784967840
2026-07-25T08:25:04Z 1784967904
2026-07-25T08:26:04Z 1784967964
2026-07-25T08:27:04Z 1784968024
2026-07-25T08:28:04Z 1784968084
2026-07-25T08:29:01Z 1784968141
2026-07-25T08:30:04Z 1784968204
2026-07-25T08:31:04Z 1784968264
2026-07-25T08:32:04Z 1784968324
2026-07-25T08:33:04Z 1784968384
2026-07-25T08:34:01Z 1784968441
2026-07-25T08:35:04Z 1784968504
2026-07-25T08:36:04Z 1784968564
2026-07-25T08:37:04Z 1784968624
2026-07-25T08:38:04Z 1784968684
2026-07-25T08:39:01Z 1784968741
2026-07-25T08:40:04Z 1784968804
2026-07-25T08:41:04Z 1784968864
2026-07-25T08:42:04Z 1784968924
2026-07-25T08:43:04Z 1784968984
2026-07-25T08:44:01Z 1784969041
2026-07-25T08:45:04Z 1784969104
2026-07-25T08:46:04Z 1784969164
2026-07-25T08:47:04Z 1784969224
2026-07-25T08:48:04Z 1784969284
2026-07-25T08:49:01Z 1784969341
2026-07-25T08:50:04Z 1784969404
2026-07-25T08:51:04Z 1784969464
2026-07-25T08:52:04Z 1784969524
2026-07-25T08:53:04Z 1784969584
2026-07-25T08:54:01Z 1784969641
2026-07-25T08:55:04Z 1784969704
2026-07-25T08:56:04Z 1784969764
2026-07-25T08:57:04Z 1784969824
2026-07-25T08:58:04Z 1784969884
2026-07-25T08:59:02Z 1784969942
2026-07-25T09:00:04Z 1784970004
2026-07-25T09:01:04Z 1784970064
2026-07-25T09:02:04Z 1784970124
2026-07-25T09:03:04Z 1784970184
2026-07-25T09:04:02Z 1784970242
2026-07-25T09:05:04Z 1784970304
2026-07-25T09:06:04Z 1784970364
2026-07-25T09:07:04Z 1784970424
2026-07-25T09:08:04Z 1784970484
2026-07-25T09:09:02Z 1784970542
2026-07-25T09:10:04Z 1784970604
2026-07-25T09:11:04Z 1784970664
2026-07-25T09:12:04Z 1784970724
2026-07-25T09:13:04Z 1784970784
2026-07-25T09:14:02Z 1784970842
2026-07-25T09:15:04Z 1784970904
2026-07-25T09:16:04Z 1784970964
2026-07-25T09:17:04Z 1784971024
2026-07-25T09:18:04Z 1784971084
2026-07-25T09:19:02Z 1784971142
2026-07-25T09:20:04Z 1784971204
2026-07-25T09:21:04Z 1784971264
2026-07-25T09:22:04Z 1784971324
2026-07-25T09:23:04Z 1784971384
2026-07-25T09:24:03Z 1784971443
2026-07-25T09:25:04Z 1784971504
2026-07-25T09:26:04Z 1784971564
2026-07-25T09:27:04Z 1784971624
2026-07-25T09:28:04Z 1784971684
2026-07-25T09:29:03Z 1784971743
2026-07-25T09:30:04Z 1784971804
2026-07-25T09:31:04Z 1784971864
2026-07-25T09:32:04Z 1784971924
2026-07-25T09:33:04Z 1784971984
2026-07-25T09:34:03Z 1784972043
2026-07-25T09:35:04Z 1784972104
2026-07-25T09:36:04Z 1784972164
2026-07-25T09:37:04Z 1784972224
2026-07-25T09:38:04Z 1784972284
2026-07-25T09:39:03Z 1784972343
2026-07-25T09:40:04Z 1784972404
2026-07-25T09:41:04Z 1784972464
2026-07-25T09:42:04Z 1784972524
2026-07-25T09:43:04Z 1784972584
2026-07-25T09:44:03Z 1784972643
2026-07-25T09:45:04Z 1784972704
2026-07-25T09:46:04Z 1784972764
2026-07-25T09:47:04Z 1784972824
2026-07-25T09:48:04Z 1784972884
2026-07-25T09:49:03Z 1784972943
2026-07-25T09:50:04Z 1784973004
2026-07-25T09:51:04Z 1784973064
2026-07-25T09:52:04Z 1784973124
2026-07-25T09:53:04Z 1784973184
2026-07-25T09:54:03Z 1784973243
2026-07-25T09:55:04Z 1784973304
2026-07-25T09:56:04Z 1784973364
2026-07-25T09:57:04Z 1784973424
2026-07-25T09:58:04Z 1784973484
2026-07-25T09:59:04Z 1784973544
2026-07-25T10:00:04Z 1784973604
2026-07-25T10:01:04Z 1784973664
2026-07-25T10:02:04Z 1784973724
2026-07-25T10:03:04Z 1784973784
2026-07-25T10:04:04Z 1784973844
2026-07-25T10:05:04Z 1784973904
2026-07-25T10:06:04Z 1784973964
2026-07-25T10:07:04Z 1784974024
2026-07-25T10:08:04Z 1784974084
2026-07-25T10:09:04Z 1784974144
2026-07-25T10:10:04Z 1784974204
2026-07-25T10:11:04Z 1784974264
2026-07-25T10:12:04Z 1784974324
2026-07-25T10:13:04Z 1784974384
2026-07-25T10:14:04Z 1784974444
2026-07-25T10:15:04Z 1784974504
2026-07-25T10:16:04Z 1784974564
2026-07-25T10:17:04Z 1784974624
2026-07-25T10:18:04Z 1784974684
2026-07-25T10:19:04Z 1784974744
2026-07-25T10:20:04Z 1784974804
2026-07-25T10:21:04Z 1784974864
2026-07-25T10:22:04Z 1784974924
2026-07-25T10:23:04Z 1784974984
2026-07-25T10:24:04Z 1784975044
2026-07-25T10:25:04Z 1784975104
2026-07-25T10:26:04Z 1784975164
2026-07-25T10:27:04Z 1784975224
2026-07-25T10:28:04Z 1784975284
2026-07-25T10:29:04Z 1784975344
2026-07-25T10:30:04Z 1784975404
2026-07-25T10:31:04Z 1784975464
2026-07-25T10:32:04Z 1784975524
2026-07-25T10:33:04Z 1784975584
2026-07-25T10:34:04Z 1784975644
2026-07-25T10:35:04Z 1784975704
2026-07-25T10:36:04Z 1784975764
2026-07-25T10:37:04Z 1784975824
2026-07-25T10:38:04Z 1784975884
2026-07-25T10:39:04Z 1784975944
2026-07-25T10:40:04Z 1784976004
2026-07-25T10:41:04Z 1784976064
2026-07-25T10:42:04Z 1784976124
2026-07-25T10:43:04Z 1784976184
2026-07-25T10:44:04Z 1784976244
2026-07-25T10:45:04Z 1784976304
2026-07-25T10:46:04Z 1784976364
2026-07-25T10:47:04Z 1784976424
2026-07-25T10:48:04Z 1784976484
2026-07-25T10:49:04Z 1784976544
2026-07-25T10:50:04Z 1784976604
2026-07-25T10:51:04Z 1784976664
2026-07-25T10:52:04Z 1784976724
2026-07-25T10:53:04Z 1784976784
2026-07-25T10:54:04Z 1784976844
2026-07-25T10:55:04Z 1784976904
2026-07-25T10:56:04Z 1784976964
2026-07-25T10:57:04Z 1784977024
2026-07-25T10:58:04Z 1784977084
2026-07-25T10:59:04Z 1784977144
2026-07-25T11:00:04Z 1784977204
2026-07-25T11:01:04Z 1784977264
2026-07-25T11:02:04Z 1784977324
2026-07-25T11:03:04Z 1784977384
2026-07-25T11:04:04Z 1784977444
2026-07-25T11:05:04Z 1784977504
2026-07-25T11:06:04Z 1784977564
2026-07-25T11:07:04Z 1784977624
2026-07-25T11:08:04Z 1784977684
2026-07-25T11:09:04Z 1784977744
2026-07-25T11:10:04Z 1784977804
2026-07-25T11:11:04Z 1784977864
2026-07-25T11:12:04Z 1784977924
2026-07-25T11:13:04Z 1784977984
2026-07-25T11:14:04Z 1784978044
2026-07-25T11:15:04Z 1784978104
2026-07-25T11:16:04Z 1784978164
2026-07-25T11:17:04Z 1784978224
2026-07-25T11:18:04Z 1784978284
2026-07-25T11:19:04Z 1784978344
2026-07-25T11:20:04Z 1784978404
2026-07-25T11:21:04Z 1784978464
2026-07-25T11:22:04Z 1784978524
2026-07-25T11:23:04Z 1784978584
2026-07-25T11:24:04Z 1784978644
2026-07-25T11:25:04Z 1784978704
2026-07-25T11:26:04Z 1784978764
2026-07-25T11:27:04Z 1784978824
2026-07-25T11:28:04Z 1784978884
2026-07-25T11:29:04Z 1784978944
2026-07-25T11:30:04Z 1784979004
2026-07-25T11:31:04Z 1784979064
2026-07-25T11:32:04Z 1784979124
2026-07-25T11:33:04Z 1784979184
2026-07-25T11:34:04Z 1784979244
2026-07-25T11:35:04Z 1784979304
2026-07-25T11:36:04Z 1784979364
2026-07-25T11:37:04Z 1784979424
2026-07-25T11:38:04Z 1784979484
2026-07-25T11:39:04Z 1784979544
2026-07-25T11:40:04Z 1784979604
2026-07-25T11:41:04Z 1784979664
2026-07-25T11:42:04Z 1784979724
2026-07-25T11:43:04Z 1784979784
2026-07-25T11:44:04Z 1784979844
2026-07-25T11:45:04Z 1784979904
2026-07-25T11:46:04Z 1784979964
2026-07-25T11:47:04Z 1784980024
2026-07-25T11:48:04Z 1784980084
2026-07-25T11:49:04Z 1784980144
2026-07-25T11:50:04Z 1784980204
2026-07-25T11:51:04Z 1784980264
2026-07-25T11:52:04Z 1784980324
2026-07-25T11:53:04Z 1784980384
2026-07-25T11:54:04Z 1784980444
2026-07-25T11:55:04Z 1784980504
2026-07-25T11:56:04Z 1784980564
2026-07-25T11:57:04Z 1784980624
2026-07-25T11:58:04Z 1784980684
2026-07-25T11:59:04Z 1784980744
2026-07-25T12:00:04Z 1784980804
2026-07-25T12:01:04Z 1784980864
2026-07-25T12:02:04Z 1784980924
2026-07-25T12:03:04Z 1784980984
2026-07-25T12:04:04Z 1784981044
2026-07-25T12:05:04Z 1784981104
2026-07-25T12:06:04Z 1784981164
2026-07-25T12:07:04Z 1784981224
2026-07-25T12:08:04Z 1784981284
2026-07-25T12:09:04Z 1784981344
2026-07-25T12:10:04Z 1784981404
2026-07-25T12:11:04Z 1784981464
2026-07-25T12:12:04Z 1784981524
2026-07-25T12:13:04Z 1784981584
2026-07-25T12:14:04Z 1784981644
2026-07-25T12:15:04Z 1784981704
2026-07-25T12:16:04Z 1784981764
2026-07-25T12:17:04Z 1784981824
2026-07-25T12:18:04Z 1784981884
2026-07-25T12:19:04Z 1784981944
2026-07-25T12:20:04Z 1784982004
2026-07-25T12:21:04Z 1784982064
2026-07-25T12:22:04Z 1784982124
2026-07-25T12:23:04Z 1784982184
2026-07-25T12:24:04Z 1784982244
2026-07-25T12:25:04Z 1784982304
2026-07-25T12:26:04Z 1784982364
2026-07-25T12:27:04Z 1784982424
2026-07-25T12:28:04Z 1784982484
2026-07-25T12:29:04Z 1784982544
2026-07-25T12:30:04Z 1784982604
2026-07-25T12:31:04Z 1784982664
2026-07-25T12:32:04Z 1784982724
2026-07-25T12:33:04Z 1784982784
2026-07-25T12:34:04Z 1784982844
2026-07-25T12:35:04Z 1784982904
2026-07-25T12:36:04Z 1784982964
2026-07-25T12:37:04Z 1784983024
2026-07-25T12:38:04Z 1784983084
2026-07-25T12:39:04Z 1784983144
2026-07-25T12:40:04Z 1784983204
2026-07-25T12:41:04Z 1784983264
2026-07-25T12:42:04Z 1784983324
2026-07-25T12:43:04Z 1784983384
2026-07-25T12:44:04Z 1784983444
2026-07-25T12:45:04Z 1784983504
2026-07-25T12:46:04Z 1784983564
2026-07-25T12:47:04Z 1784983624
2026-07-25T12:48:04Z 1784983684
2026-07-25T12:49:04Z 1784983744
2026-07-25T12:50:04Z 1784983804
2026-07-25T12:51:04Z 1784983864
2026-07-25T12:52:04Z 1784983924
2026-07-25T12:53:04Z 1784983984
2026-07-25T12:54:04Z 1784984044
2026-07-25T12:55:04Z 1784984104
2026-07-25T12:56:04Z 1784984164
2026-07-25T12:57:04Z 1784984224
2026-07-25T12:58:04Z 1784984284
2026-07-25T12:59:04Z 1784984344
2026-07-25T13:00:04Z 1784984404
2026-07-25T13:01:04Z 1784984464
2026-07-25T13:02:04Z 1784984524
2026-07-25T13:03:04Z 1784984584
2026-07-25T13:04:04Z 1784984644
2026-07-25T13:05:04Z 1784984704
2026-07-25T13:06:04Z 1784984764
2026-07-25T13:07:04Z 1784984824
2026-07-25T13:08:04Z 1784984884
2026-07-25T13:09:04Z 1784984944
2026-07-25T13:10:04Z 1784985004
2026-07-25T13:11:04Z 1784985064
2026-07-25T13:12:04Z 1784985124
2026-07-25T13:13:04Z 1784985184
2026-07-25T13:14:04Z 1784985244
2026-07-25T13:15:04Z 1784985304
2026-07-25T13:16:04Z 1784985364
2026-07-25T13:17:04Z 1784985424
2026-07-25T13:18:04Z 1784985484
2026-07-25T13:19:04Z 1784985544
2026-07-25T13:20:04Z 1784985604
2026-07-25T13:21:04Z 1784985664
2026-07-25T13:22:04Z 1784985724
2026-07-25T13:23:04Z 1784985784
2026-07-25T13:24:04Z 1784985844
2026-07-25T13:25:04Z 1784985904
2026-07-25T13:26:04Z 1784985964
2026-07-25T13:27:04Z 1784986024
2026-07-25T13:28:04Z 1784986084
2026-07-25T13:29:04Z 1784986144
2026-07-25T13:30:04Z 1784986204
2026-07-25T13:31:04Z 1784986264
2026-07-25T13:32:04Z 1784986324
2026-07-25T13:33:04Z 1784986384
2026-07-25T13:34:04Z 1784986444
2026-07-25T13:35:04Z 1784986504
2026-07-25T13:36:04Z 1784986564
2026-07-25T13:37:04Z 1784986624
2026-07-25T13:38:04Z 1784986684
2026-07-25T13:39:04Z 1784986744
2026-07-25T13:40:04Z 1784986804
2026-07-25T13:41:04Z 1784986864
2026-07-25T13:42:04Z 1784986924
2026-07-25T13:43:04Z 1784986984
2026-07-25T13:44:04Z 1784987044
2026-07-25T13:45:04Z 1784987104
2026-07-25T13:46:04Z 1784987164
2026-07-25T13:47:04Z 1784987224
2026-07-25T13:48:04Z 1784987284
2026-07-25T13:49:04Z 1784987344
2026-07-25T13:50:04Z 1784987404
2026-07-25T13:51:04Z 1784987464
2026-07-25T13:52:04Z 1784987524
2026-07-25T13:53:04Z 1784987584
2026-07-25T13:54:04Z 1784987644
2026-07-25T13:55:04Z 1784987704
2026-07-25T13:56:04Z 1784987764
2026-07-25T13:57:04Z 1784987824
2026-07-25T13:58:04Z 1784987884
2026-07-25T13:59:04Z 1784987944
2026-07-25T14:00:04Z 1784988004
2026-07-25T14:01:04Z 1784988064
2026-07-25T14:02:04Z 1784988124
2026-07-25T14:03:04Z 1784988184
2026-07-25T14:04:04Z 1784988244
2026-07-25T14:05:04Z 1784988304
2026-07-25T14:06:04Z 1784988364
2026-07-25T14:07:04Z 1784988424
2026-07-25T14:08:04Z 1784988484
2026-07-25T14:09:04Z 1784988544
2026-07-25T14:10:04Z 1784988604
2026-07-25T14:11:04Z 1784988664
2026-07-25T14:12:04Z 1784988724
2026-07-25T14:13:04Z 1784988784
2026-07-25T14:14:04Z 1784988844
2026-07-25T14:15:04Z 1784988904
2026-07-25T14:16:04Z 1784988964
2026-07-25T14:17:04Z 1784989024
2026-07-25T14:18:04Z 1784989084
2026-07-25T14:19:04Z 1784989144
2026-07-25T14:20:04Z 1784989204
2026-07-25T14:21:04Z 1784989264
2026-07-25T14:22:04Z 1784989324
2026-07-25T14:23:04Z 1784989384
2026-07-25T14:24:04Z 1784989444
2026-07-25T14:25:04Z 1784989504
2026-07-25T14:26:04Z 1784989564
2026-07-25T14:27:04Z 1784989624
2026-07-25T14:28:04Z 1784989684
2026-07-25T14:29:04Z 1784989744
2026-07-25T14:30:04Z 1784989804
2026-07-25T14:31:04Z 1784989864
2026-07-25T14:32:04Z 1784989924
2026-07-25T14:33:04Z 1784989984
2026-07-25T14:34:04Z 1784990044
2026-07-25T14:35:04Z 1784990104
2026-07-25T14:36:04Z 1784990164
2026-07-25T14:37:04Z 1784990224
2026-07-25T14:38:04Z 1784990284
2026-07-25T14:39:04Z 1784990344
2026-07-25T14:40:04Z 1784990404
2026-07-25T14:41:04Z 1784990464
2026-07-25T14:42:04Z 1784990524
2026-07-25T14:43:04Z 1784990584
2026-07-25T14:44:04Z 1784990644
2026-07-25T14:45:04Z 1784990704
2026-07-25T14:46:04Z 1784990764
2026-07-25T14:47:04Z 1784990824
2026-07-25T14:48:04Z 1784990884
2026-07-25T14:49:04Z 1784990944
2026-07-25T14:50:04Z 1784991004
2026-07-25T14:51:04Z 1784991064
2026-07-25T14:52:04Z 1784991124
2026-07-25T14:53:04Z 1784991184
2026-07-25T14:54:04Z 1784991244
2026-07-25T14:55:04Z 1784991304
2026-07-25T14:56:04Z 1784991364
2026-07-25T14:57:04Z 1784991424
2026-07-25T14:58:04Z 1784991484
2026-07-25T14:59:04Z 1784991544
2026-07-25T15:00:04Z 1784991604
2026-07-25T15:01:04Z 1784991664
2026-07-25T15:02:04Z 1784991724
2026-07-25T15:03:04Z 1784991784
2026-07-25T15:04:04Z 1784991844
2026-07-25T15:05:04Z 1784991904
2026-07-25T15:06:04Z 1784991964
2026-07-25T15:07:04Z 1784992024
2026-07-25T15:08:04Z 1784992084
2026-07-25T15:09:04Z 1784992144
2026-07-25T15:10:04Z 1784992204
2026-07-25T15:11:04Z 1784992264
2026-07-25T15:12:04Z 1784992324
2026-07-25T15:13:04Z 1784992384
2026-07-25T15:14:04Z 1784992444
2026-07-25T15:15:04Z 1784992504
2026-07-25T15:16:04Z 1784992564
2026-07-25T15:17:04Z 1784992624
2026-07-25T15:18:04Z 1784992684
2026-07-25T15:19:04Z 1784992744
2026-07-25T15:20:04Z 1784992804
2026-07-25T15:21:04Z 1784992864
2026-07-25T15:22:04Z 1784992924
2026-07-25T15:23:04Z 1784992984
2026-07-25T15:24:04Z 1784993044
2026-07-25T15:25:04Z 1784993104
2026-07-25T15:26:04Z 1784993164
2026-07-25T15:27:04Z 1784993224
2026-07-25T15:28:04Z 1784993284
2026-07-25T15:29:04Z 1784993344
2026-07-25T15:30:04Z 1784993404
2026-07-25T15:31:04Z 1784993464
2026-07-25T15:32:04Z 1784993524
2026-07-25T15:33:04Z 1784993584
2026-07-25T15:34:04Z 1784993644
2026-07-25T15:35:04Z 1784993704
2026-07-25T15:36:04Z 1784993764
2026-07-25T15:37:04Z 1784993824
2026-07-25T15:38:04Z 1784993884
2026-07-25T15:39:04Z 1784993944
2026-07-25T15:40:04Z 1784994004
2026-07-25T15:41:04Z 1784994064
2026-07-25T15:42:04Z 1784994124
2026-07-25T15:43:04Z 1784994184
2026-07-25T15:44:04Z 1784994244
2026-07-25T15:45:04Z 1784994304
2026-07-25T15:46:04Z 1784994364
2026-07-25T15:47:04Z 1784994424
2026-07-25T15:48:04Z 1784994484
2026-07-25T15:49:04Z 1784994544
2026-07-25T15:50:04Z 1784994604
2026-07-25T15:51:04Z 1784994664
2026-07-25T15:52:04Z 1784994724
2026-07-25T15:53:04Z 1784994784
2026-07-25T15:54:04Z 1784994844
2026-07-25T15:55:04Z 1784994904
2026-07-25T15:56:04Z 1784994964
2026-07-25T15:57:04Z 1784995024
2026-07-25T15:58:04Z 1784995084
2026-07-25T15:59:04Z 1784995144
2026-07-25T16:00:04Z 1784995204
2026-07-25T16:01:04Z 1784995264
2026-07-25T16:02:04Z 1784995324
2026-07-25T16:03:04Z 1784995384
2026-07-25T16:04:04Z 1784995444
2026-07-25T16:05:04Z 1784995504
2026-07-25T16:06:04Z 1784995564
2026-07-25T16:07:04Z 1784995624
2026-07-25T16:08:04Z 1784995684
2026-07-25T16:09:04Z 1784995744
2026-07-25T16:10:04Z 1784995804
2026-07-25T16:11:04Z 1784995864
2026-07-25T16:12:04Z 1784995924
2026-07-25T16:13:04Z 1784995984
2026-07-25T16:14:04Z 1784996044
2026-07-25T16:15:04Z 1784996104
2026-07-25T16:16:04Z 1784996164
2026-07-25T16:17:04Z 1784996224
2026-07-25T16:18:04Z 1784996284
2026-07-25T16:19:04Z 1784996344
2026-07-25T16:20:04Z 1784996404
2026-07-25T16:21:04Z 1784996464
2026-07-25T16:22:04Z 1784996524
2026-07-25T16:23:04Z 1784996584
2026-07-25T16:24:04Z 1784996644
2026-07-25T16:25:04Z 1784996704
2026-07-25T16:26:04Z 1784996764
2026-07-25T16:27:04Z 1784996824
2026-07-25T16:28:04Z 1784996884
2026-07-25T16:29:04Z 1784996944
2026-07-25T16:30:04Z 1784997004
2026-07-25T16:31:04Z 1784997064
2026-07-25T16:32:04Z 1784997124
2026-07-25T16:33:04Z 1784997184
2026-07-25T16:34:04Z 1784997244
2026-07-25T16:35:04Z 1784997304
2026-07-25T16:36:04Z 1784997364
2026-07-25T16:37:04Z 1784997424
2026-07-25T16:38:04Z 1784997484
2026-07-25T16:39:04Z 1784997544
2026-07-25T16:40:04Z 1784997604
2026-07-25T16:41:04Z 1784997664
2026-07-25T16:42:04Z 1784997724
2026-07-25T16:43:04Z 1784997784
2026-07-25T16:44:04Z 1784997844
2026-07-25T16:45:04Z 1784997904
2026-07-25T16:46:04Z 1784997964
2026-07-25T16:47:04Z 1784998024
2026-07-25T16:48:04Z 1784998084
2026-07-25T16:49:04Z 1784998144
2026-07-25T16:50:04Z 1784998204
2026-07-25T16:51:04Z 1784998264
2026-07-25T16:52:04Z 1784998324
2026-07-25T16:53:04Z 1784998384
2026-07-25T16:54:04Z 1784998444
2026-07-25T16:55:04Z 1784998504
2026-07-25T16:56:04Z 1784998564
2026-07-25T16:57:04Z 1784998624
2026-07-25T16:58:04Z 1784998684
2026-07-25T16:59:04Z 1784998744
2026-07-25T17:00:04Z 1784998804
2026-07-25T17:01:04Z 1784998864
2026-07-25T17:02:04Z 1784998924
2026-07-25T17:03:04Z 1784998984
2026-07-25T17:04:04Z 1784999044
2026-07-25T17:05:04Z 1784999104
2026-07-25T17:06:04Z 1784999164
2026-07-25T17:07:04Z 1784999224
2026-07-25T17:08:04Z 1784999284
2026-07-25T17:09:04Z 1784999344
2026-07-25T17:10:04Z 1784999404
2026-07-25T17:11:04Z 1784999464
2026-07-25T17:12:04Z 1784999524
2026-07-25T17:13:04Z 1784999584
2026-07-25T17:14:04Z 1784999644
2026-07-25T17:15:04Z 1784999704
2026-07-25T17:16:04Z 1784999764
2026-07-25T17:17:04Z 1784999824
2026-07-25T17:18:04Z 1784999884
2026-07-25T17:19:04Z 1784999944
2026-07-25T17:20:04Z 1785000004
2026-07-25T17:21:04Z 1785000064
2026-07-25T17:22:04Z 1785000124
2026-07-25T17:23:04Z 1785000184
2026-07-25T17:24:04Z 1785000244
2026-07-25T17:25:04Z 1785000304
2026-07-25T17:26:04Z 1785000364
2026-07-25T17:27:04Z 1785000424
2026-07-25T17:28:04Z 1785000484
2026-07-25T17:29:04Z 1785000544
2026-07-25T17:30:04Z 1785000604
2026-07-25T17:31:04Z 1785000664
2026-07-25T17:32:04Z 1785000724
2026-07-25T17:33:04Z 1785000784
2026-07-25T17:34:04Z 1785000844
2026-07-25T17:35:04Z 1785000904
2026-07-25T17:36:04Z 1785000964
2026-07-25T17:37:04Z 1785001024
2026-07-25T17:38:04Z 1785001084
2026-07-25T17:39:04Z 1785001144
2026-07-25T17:40:04Z 1785001204
2026-07-25T17:41:04Z 1785001264
2026-07-25T17:42:04Z 1785001324
2026-07-25T17:43:04Z 1785001384
2026-07-25T17:44:04Z 1785001444
2026-07-25T17:45:04Z 1785001504
2026-07-25T17:46:04Z 1785001564
2026-07-25T17:47:04Z 1785001624
2026-07-25T17:48:04Z 1785001684
2026-07-25T17:49:04Z 1785001744
2026-07-25T17:50:04Z 1785001804
2026-07-25T17:51:04Z 1785001864
2026-07-25T17:52:04Z 1785001924
2026-07-25T17:53:04Z 1785001984
2026-07-25T17:54:04Z 1785002044
2026-07-25T17:55:04Z 1785002104
2026-07-25T17:56:04Z 1785002164
2026-07-25T17:57:04Z 1785002224
2026-07-25T17:58:04Z 1785002284
2026-07-25T17:59:04Z 1785002344
2026-07-25T18:00:04Z 1785002404
2026-07-25T18:01:04Z 1785002464
2026-07-25T18:02:04Z 1785002524
2026-07-25T18:03:04Z 1785002584
2026-07-25T18:04:04Z 1785002644
2026-07-25T18:05:04Z 1785002704
2026-07-25T18:06:04Z 1785002764
2026-07-25T18:07:04Z 1785002824
2026-07-25T18:08:04Z 1785002884
2026-07-25T18:09:04Z 1785002944
2026-07-25T18:10:04Z 1785003004
2026-07-25T18:11:04Z 1785003064
2026-07-25T18:12:04Z 1785003124
2026-07-25T18:13:04Z 1785003184
2026-07-25T18:14:04Z 1785003244
2026-07-25T18:15:04Z 1785003304
2026-07-25T18:16:04Z 1785003364
2026-07-25T18:17:04Z 1785003424
2026-07-25T18:18:04Z 1785003484
2026-07-25T18:19:04Z 1785003544
2026-07-25T18:20:04Z 1785003604
2026-07-25T18:21:04Z 1785003664
2026-07-25T18:22:04Z 1785003724
2026-07-25T18:23:04Z 1785003784
2026-07-25T18:24:04Z 1785003844
2026-07-25T18:25:04Z 1785003904
2026-07-25T18:26:04Z 1785003964
2026-07-25T18:27:04Z 1785004024
2026-07-25T18:28:04Z 1785004084
2026-07-25T18:29:04Z 1785004144
2026-07-25T18:30:04Z 1785004204
2026-07-25T18:31:04Z 1785004264
2026-07-25T18:32:04Z 1785004324
2026-07-25T18:33:04Z 1785004384
2026-07-25T18:34:04Z 1785004444
2026-07-25T18:35:04Z 1785004504
2026-07-25T18:36:04Z 1785004564
2026-07-25T18:37:04Z 1785004624
2026-07-25T18:38:04Z 1785004684
2026-07-25T18:39:04Z 1785004744
2026-07-25T18:40:04Z 1785004804
2026-07-25T18:41:04Z 1785004864
2026-07-25T18:42:04Z 1785004924
2026-07-25T18:43:04Z 1785004984
2026-07-25T18:44:04Z 1785005044
2026-07-25T18:45:04Z 1785005104
2026-07-25T18:46:04Z 1785005164
2026-07-25T18:47:04Z 1785005224
2026-07-25T18:48:04Z 1785005284
2026-07-25T18:49:04Z 1785005344
2026-07-25T18:50:04Z 1785005404
2026-07-25T18:51:04Z 1785005464
2026-07-25T18:52:04Z 1785005524
2026-07-25T18:53:04Z 1785005584
2026-07-25T18:54:04Z 1785005644
2026-07-25T18:55:04Z 1785005704
2026-07-25T18:56:04Z 1785005764
2026-07-25T18:57:04Z 1785005824
2026-07-25T18:58:04Z 1785005884
2026-07-25T18:59:04Z 1785005944
2026-07-25T19:00:04Z 1785006004
2026-07-25T19:01:04Z 1785006064
2026-07-25T19:02:04Z 1785006124
2026-07-25T19:03:04Z 1785006184
2026-07-25T19:04:04Z 1785006244
2026-07-25T19:05:04Z 1785006304
2026-07-25T19:06:04Z 1785006364
2026-07-25T19:07:04Z 1785006424
2026-07-25T19:08:04Z 1785006484
2026-07-25T19:09:04Z 1785006544
2026-07-25T19:10:04Z 1785006604
2026-07-25T19:11:04Z 1785006664
2026-07-25T19:12:04Z 1785006724
2026-07-25T19:13:04Z 1785006784
2026-07-25T19:14:04Z 1785006844
2026-07-25T19:15:04Z 1785006904
2026-07-25T19:16:04Z 1785006964
2026-07-25T19:17:04Z 1785007024
2026-07-25T19:18:04Z 1785007084
2026-07-25T19:19:04Z 1785007144
2026-07-25T19:20:04Z 1785007204
2026-07-25T19:21:04Z 1785007264
2026-07-25T19:22:04Z 1785007324
2026-07-25T19:23:04Z 1785007384
2026-07-25T19:24:04Z 1785007444
2026-07-25T19:25:04Z 1785007504
2026-07-25T19:26:04Z 1785007564
2026-07-25T19:27:04Z 1785007624
2026-07-25T19:28:04Z 1785007684
2026-07-25T19:29:04Z 1785007744
2026-07-25T19:30:04Z 1785007804
2026-07-25T19:31:04Z 1785007864
2026-07-25T19:32:04Z 1785007924
2026-07-25T19:33:04Z 1785007984
2026-07-25T19:34:04Z 1785008044
2026-07-25T19:35:04Z 1785008104
2026-07-25T19:36:04Z 1785008164
2026-07-25T19:37:04Z 1785008224
2026-07-25T19:38:04Z 1785008284
2026-07-25T19:39:04Z 1785008344
2026-07-25T19:40:04Z 1785008404
2026-07-25T19:41:04Z 1785008464
2026-07-25T19:42:04Z 1785008524
2026-07-25T19:43:04Z 1785008584
2026-07-25T19:44:04Z 1785008644
2026-07-25T19:45:04Z 1785008704
2026-07-25T19:46:04Z 1785008764
2026-07-25T19:47:04Z 1785008824
2026-07-25T19:48:04Z 1785008884
2026-07-25T19:49:04Z 1785008944
2026-07-25T19:50:04Z 1785009004
2026-07-25T19:51:04Z 1785009064
2026-07-25T19:52:04Z 1785009124
2026-07-25T19:53:04Z 1785009184
2026-07-25T19:54:04Z 1785009244
2026-07-25T19:55:04Z 1785009304
2026-07-25T19:56:04Z 1785009364
2026-07-25T19:57:04Z 1785009424
2026-07-25T19:58:04Z 1785009484
2026-07-25T19:59:04Z 1785009544
2026-07-25T20:00:04Z 1785009604
2026-07-25T20:01:04Z 1785009664
2026-07-25T20:02:04Z 1785009724
2026-07-25T20:03:04Z 1785009784
2026-07-25T20:04:04Z 1785009844
2026-07-25T20:05:04Z 1785009904
2026-07-25T20:06:04Z 1785009964
2026-07-25T20:07:04Z 1785010024
2026-07-25T20:08:04Z 1785010084
2026-07-25T20:09:04Z 1785010144
2026-07-25T20:10:04Z 1785010204
2026-07-25T20:11:04Z 1785010264
2026-07-25T20:12:04Z 1785010324
2026-07-25T20:13:04Z 1785010384
2026-07-25T20:14:04Z 1785010444
2026-07-25T20:15:04Z 1785010504
2026-07-25T20:16:04Z 1785010564
2026-07-25T20:17:04Z 1785010624
2026-07-25T20:18:04Z 1785010684
2026-07-25T20:19:04Z 1785010744
2026-07-25T20:20:04Z 1785010804
2026-07-25T20:21:04Z 1785010864
2026-07-25T20:22:04Z 1785010924
2026-07-25T20:23:04Z 1785010984
2026-07-25T20:24:04Z 1785011044
2026-07-25T20:25:04Z 1785011104
2026-07-25T20:26:04Z 1785011164
2026-07-25T20:27:04Z 1785011224
2026-07-25T20:28:04Z 1785011284
2026-07-25T20:29:04Z 1785011344
2026-07-25T20:30:04Z 1785011404
2026-07-25T20:31:04Z 1785011464
2026-07-25T20:32:04Z 1785011524
2026-07-25T20:33:04Z 1785011584
2026-07-25T20:34:04Z 1785011644
2026-07-25T20:35:04Z 1785011704
2026-07-25T20:36:04Z 1785011764
2026-07-25T20:37:04Z 1785011824
2026-07-25T20:38:04Z 1785011884
2026-07-25T20:39:04Z 1785011944
2026-07-25T20:40:04Z 1785012004
2026-07-25T20:41:04Z 1785012064
2026-07-25T20:42:04Z 1785012124
2026-07-25T20:43:04Z 1785012184
2026-07-25T20:44:04Z 1785012244
2026-07-25T20:45:04Z 1785012304
2026-07-25T20:46:04Z 1785012364
2026-07-25T20:47:04Z 1785012424
2026-07-25T20:48:04Z 1785012484
2026-07-25T20:49:04Z 1785012544
2026-07-25T20:50:04Z 1785012604
2026-07-25T20:51:04Z 1785012664
2026-07-25T20:52:04Z 1785012724
2026-07-25T20:53:04Z 1785012784
2026-07-25T20:54:04Z 1785012844
2026-07-25T20:55:04Z 1785012904
2026-07-25T20:56:04Z 1785012964
2026-07-25T20:57:04Z 1785013024
2026-07-25T20:58:04Z 1785013084
2026-07-25T20:59:04Z 1785013144
2026-07-25T21:00:04Z 1785013204
2026-07-25T21:01:04Z 1785013264
2026-07-25T21:02:04Z 1785013324
2026-07-25T21:03:04Z 1785013384
2026-07-25T21:04:04Z 1785013444
2026-07-25T21:05:04Z 1785013504
2026-07-25T21:06:04Z 1785013564
2026-07-25T21:07:04Z 1785013624
2026-07-25T21:08:04Z 1785013684
2026-07-25T21:09:04Z 1785013744
2026-07-25T21:10:04Z 1785013804
2026-07-25T21:11:04Z 1785013864
2026-07-25T21:12:04Z 1785013924
2026-07-25T21:13:04Z 1785013984
2026-07-25T21:14:04Z 1785014044
2026-07-25T21:15:04Z 1785014104
2026-07-25T21:16:04Z 1785014164
2026-07-25T21:17:04Z 1785014224
2026-07-25T21:18:04Z 1785014284
2026-07-25T21:19:04Z 1785014344
2026-07-25T21:20:04Z 1785014404
2026-07-25T21:21:04Z 1785014464
2026-07-25T21:22:04Z 1785014524
2026-07-25T21:23:04Z 1785014584
2026-07-25T21:24:04Z 1785014644
2026-07-25T21:25:04Z 1785014704
2026-07-25T21:26:04Z 1785014764
2026-07-25T21:27:04Z 1785014824
2026-07-25T21:28:04Z 1785014884
2026-07-25T21:29:04Z 1785014944
2026-07-25T21:30:04Z 1785015004
2026-07-25T21:31:04Z 1785015064
2026-07-25T21:32:04Z 1785015124
2026-07-25T21:33:04Z 1785015184
2026-07-25T21:34:04Z 1785015244
2026-07-25T21:35:04Z 1785015304
2026-07-25T21:36:04Z 1785015364
2026-07-25T21:37:04Z 1785015424
2026-07-25T21:38:04Z 1785015484
2026-07-25T21:39:04Z 1785015544
2026-07-25T21:40:04Z 1785015604
2026-07-25T21:41:04Z 1785015664
2026-07-25T21:42:04Z 1785015724
2026-07-25T21:43:04Z 1785015784
2026-07-25T21:44:04Z 1785015844
2026-07-25T21:45:04Z 1785015904
2026-07-25T21:46:04Z 1785015964
2026-07-25T21:47:04Z 1785016024
2026-07-25T21:48:04Z 1785016084
2026-07-25T21:49:04Z 1785016144
2026-07-25T21:50:04Z 1785016204
2026-07-25T21:51:04Z 1785016264
2026-07-25T21:52:04Z 1785016324
2026-07-25T21:53:04Z 1785016384
2026-07-25T21:54:04Z 1785016444
2026-07-25T21:55:04Z 1785016504
2026-07-25T21:56:04Z 1785016564
2026-07-25T21:57:04Z 1785016624
2026-07-25T21:58:04Z 1785016684
2026-07-25T21:59:04Z 1785016744
2026-07-25T22:00:04Z 1785016804
2026-07-25T22:01:04Z 1785016864
2026-07-25T22:02:04Z 1785016924
2026-07-25T22:03:04Z 1785016984
2026-07-25T22:04:04Z 1785017044
2026-07-25T22:05:04Z 1785017104
2026-07-25T22:06:04Z 1785017164
2026-07-25T22:07:04Z 1785017224
2026-07-25T22:08:04Z 1785017284
2026-07-25T22:09:04Z 1785017344
2026-07-25T22:10:04Z 1785017404
2026-07-25T22:11:04Z 1785017464
2026-07-25T22:12:04Z 1785017524
2026-07-25T22:13:04Z 1785017584
2026-07-25T22:14:04Z 1785017644
2026-07-25T22:15:04Z 1785017704
2026-07-25T22:16:04Z 1785017764
2026-07-25T22:17:04Z 1785017824
2026-07-25T22:18:04Z 1785017884
2026-07-25T22:19:04Z 1785017944
2026-07-25T22:20:04Z 1785018004
2026-07-25T22:21:04Z 1785018064
2026-07-25T22:22:04Z 1785018124
2026-07-25T22:23:04Z 1785018184
2026-07-25T22:24:04Z 1785018244
2026-07-25T22:25:04Z 1785018304
2026-07-25T22:26:04Z 1785018364
2026-07-25T22:27:04Z 1785018424
2026-07-25T22:28:04Z 1785018484
2026-07-25T22:29:04Z 1785018544
2026-07-25T22:30:04Z 1785018604
2026-07-25T22:31:04Z 1785018664
2026-07-25T22:32:04Z 1785018724
2026-07-25T22:33:04Z 1785018784
2026-07-25T22:34:04Z 1785018844
2026-07-25T22:35:04Z 1785018904
2026-07-25T22:36:04Z 1785018964
2026-07-25T22:37:04Z 1785019024
2026-07-25T22:38:04Z 1785019084
2026-07-25T22:39:04Z 1785019144
2026-07-25T22:40:04Z 1785019204
2026-07-25T22:41:04Z 1785019264
2026-07-25T22:42:04Z 1785019324
2026-07-25T22:43:04Z 1785019384
2026-07-25T22:44:04Z 1785019444
2026-07-25T22:45:04Z 1785019504
2026-07-25T22:46:04Z 1785019564
2026-07-25T22:47:04Z 1785019624
2026-07-25T22:48:04Z 1785019684
2026-07-25T22:49:04Z 1785019744
2026-07-25T22:50:04Z 1785019804
2026-07-25T22:51:04Z 1785019864
2026-07-25T22:52:04Z 1785019924
2026-07-25T22:53:04Z 1785019984
2026-07-25T22:54:04Z 1785020044
2026-07-25T22:55:04Z 1785020104
2026-07-25T22:56:04Z 1785020164
2026-07-25T22:57:04Z 1785020224
2026-07-25T22:58:04Z 1785020284
2026-07-25T22:59:04Z 1785020344
2026-07-25T23:00:04Z 1785020404
2026-07-25T23:01:04Z 1785020464
2026-07-25T23:02:04Z 1785020524
2026-07-25T23:03:04Z 1785020584
2026-07-25T23:04:04Z 1785020644
2026-07-25T23:05:04Z 1785020704
2026-07-25T23:06:04Z 1785020764
2026-07-25T23:07:04Z 1785020824
2026-07-25T23:08:04Z 1785020884
2026-07-25T23:09:04Z 1785020944
2026-07-25T23:10:04Z 1785021004
2026-07-25T23:11:04Z 1785021064
2026-07-25T23:12:04Z 1785021124
2026-07-25T23:13:04Z 1785021184
2026-07-25T23:14:04Z 1785021244
2026-07-25T23:15:04Z 1785021304
2026-07-25T23:16:04Z 1785021364
2026-07-25T23:17:04Z 1785021424
2026-07-25T23:18:04Z 1785021484
2026-07-25T23:19:04Z 1785021544
2026-07-25T23:20:04Z 1785021604
2026-07-25T23:21:04Z 1785021664
2026-07-25T23:22:04Z 1785021724
2026-07-25T23:23:04Z 1785021784
2026-07-25T23:24:04Z 1785021844
2026-07-25T23:25:04Z 1785021904
2026-07-25T23:26:04Z 1785021964
2026-07-25T23:27:04Z 1785022024
2026-07-25T23:28:04Z 1785022084
2026-07-25T23:29:04Z 1785022144
2026-07-25T23:30:04Z 1785022204
2026-07-25T23:31:04Z 1785022264
2026-07-25T23:32:04Z 1785022324
2026-07-25T23:33:04Z 1785022384
2026-07-25T23:34:04Z 1785022444
2026-07-25T23:35:04Z 1785022504
2026-07-25T23:36:04Z 1785022564
2026-07-25T23:37:04Z 1785022624
2026-07-25T23:38:04Z 1785022684
2026-07-25T23:39:04Z 1785022744
2026-07-25T23:40:04Z 1785022804
2026-07-25T23:41:04Z 1785022864
2026-07-25T23:42:04Z 1785022924
2026-07-25T23:43:04Z 1785022984
2026-07-25T23:44:04Z 1785023044
2026-07-25T23:45:04Z 1785023104
2026-07-25T23:46:04Z 1785023164
2026-07-25T23:47:04Z 1785023224
2026-07-25T23:48:04Z 1785023284
2026-07-25T23:49:04Z 1785023344
2026-07-25T23:50:04Z 1785023404
2026-07-25T23:51:04Z 1785023464
2026-07-25T23:52:04Z 1785023524
2026-07-25T23:53:04Z 1785023584
2026-07-25T23:54:04Z 1785023644
2026-07-25T23:55:04Z 1785023704
2026-07-25T23:56:04Z 1785023764
2026-07-25T23:57:04Z 1785023824
2026-07-25T23:58:04Z 1785023884
2026-07-25T23:59:04Z 1785023944
2026-07-26T00:00:04Z 1785024004
2026-07-26T00:01:04Z 1785024064
2026-07-26T00:02:04Z 1785024124
2026-07-26T00:03:04Z 1785024184
2026-07-26T00:04:04Z 1785024244
2026-07-26T00:05:04Z 1785024304
2026-07-26T00:06:04Z 1785024364
2026-07-26T00:07:04Z 1785024424
2026-07-26T00:08:04Z 1785024484
2026-07-26T00:09:04Z 1785024544
2026-07-26T00:10:04Z 1785024604
2026-07-26T00:11:04Z 1785024664
2026-07-26T00:12:04Z 1785024724
2026-07-26T00:13:04Z 1785024784
2026-07-26T00:14:04Z 1785024844
2026-07-26T00:15:04Z 1785024904
2026-07-26T00:16:04Z 1785024964
2026-07-26T00:17:04Z 1785025024
2026-07-26T00:18:04Z 1785025084
2026-07-26T00:19:04Z 1785025144
2026-07-26T00:20:04Z 1785025204
2026-07-26T00:21:04Z 1785025264
2026-07-26T00:22:04Z 1785025324
2026-07-26T00:23:04Z 1785025384
2026-07-26T00:24:04Z 1785025444
2026-07-26T00:25:04Z 1785025504
2026-07-26T00:26:04Z 1785025564
2026-07-26T00:27:04Z 1785025624
2026-07-26T00:28:04Z 1785025684
2026-07-26T00:29:04Z 1785025744
2026-07-26T00:30:04Z 1785025804
2026-07-26T00:31:04Z 1785025864
2026-07-26T00:32:04Z 1785025924
2026-07-26T00:33:04Z 1785025984
2026-07-26T00:34:04Z 1785026044
2026-07-26T00:35:04Z 1785026104
2026-07-26T00:36:04Z 1785026164
2026-07-26T00:37:04Z 1785026224
2026-07-26T00:38:04Z 1785026284
2026-07-26T00:39:04Z 1785026344
2026-07-26T00:40:04Z 1785026404
2026-07-26T00:41:04Z 1785026464
2026-07-26T00:42:04Z 1785026524
2026-07-26T00:43:04Z 1785026584
2026-07-26T00:44:04Z 1785026644
2026-07-26T00:45:04Z 1785026704
2026-07-26T00:46:04Z 1785026764
2026-07-26T00:47:04Z 1785026824
2026-07-26T00:48:04Z 1785026884
2026-07-26T00:49:04Z 1785026944
2026-07-26T00:50:04Z 1785027004
2026-07-26T00:51:04Z 1785027064
2026-07-26T00:52:04Z 1785027124
2026-07-26T00:53:04Z 1785027184
2026-07-26T00:54:04Z 1785027244
2026-07-26T00:55:04Z 1785027304
2026-07-26T00:56:04Z 1785027364
2026-07-26T00:57:04Z 1785027424
2026-07-26T00:58:04Z 1785027484
2026-07-26T00:59:04Z 1785027544
2026-07-26T01:00:04Z 1785027604
2026-07-26T01:01:04Z 1785027664
2026-07-26T01:02:04Z 1785027724
2026-07-26T01:03:04Z 1785027784
2026-07-26T01:04:04Z 1785027844
2026-07-26T01:05:04Z 1785027904
2026-07-26T01:06:04Z 1785027964
2026-07-26T01:07:04Z 1785028024
2026-07-26T01:08:04Z 1785028084
2026-07-26T01:09:04Z 1785028144
2026-07-26T01:10:04Z 1785028204
2026-07-26T01:11:04Z 1785028264
2026-07-26T01:12:04Z 1785028324
2026-07-26T01:13:04Z 1785028384
2026-07-26T01:14:04Z 1785028444
2026-07-26T01:15:04Z 1785028504
2026-07-26T01:16:04Z 1785028564
2026-07-26T01:17:04Z 1785028624
2026-07-26T01:18:04Z 1785028684
2026-07-26T01:19:04Z 1785028744
2026-07-26T01:20:04Z 1785028804
2026-07-26T01:21:04Z 1785028864
2026-07-26T01:22:04Z 1785028924
2026-07-26T01:23:04Z 1785028984
2026-07-26T01:24:04Z 1785029044
2026-07-26T01:25:04Z 1785029104
2026-07-26T01:26:04Z 1785029164
2026-07-26T01:27:04Z 1785029224
2026-07-26T01:28:04Z 1785029284
2026-07-26T01:29:04Z 1785029344
2026-07-26T01:30:04Z 1785029404
2026-07-26T01:31:04Z 1785029464
2026-07-26T01:32:04Z 1785029524
2026-07-26T01:33:04Z 1785029584
2026-07-26T01:34:04Z 1785029644
2026-07-26T01:35:04Z 1785029704
2026-07-26T01:36:04Z 1785029764
2026-07-26T01:37:04Z 1785029824
2026-07-26T01:38:04Z 1785029884
2026-07-26T01:39:04Z 1785029944
2026-07-26T01:40:04Z 1785030004
2026-07-26T01:41:04Z 1785030064
2026-07-26T01:42:04Z 1785030124
2026-07-26T01:43:04Z 1785030184
2026-07-26T01:44:04Z 1785030244
2026-07-26T01:45:04Z 1785030304
2026-07-26T01:46:04Z 1785030364
2026-07-26T01:47:04Z 1785030424
2026-07-26T01:48:04Z 1785030484
2026-07-26T01:49:04Z 1785030544
2026-07-26T01:50:04Z 1785030604
2026-07-26T01:51:04Z 1785030664
2026-07-26T01:52:04Z 1785030724
2026-07-26T01:53:04Z 1785030784
2026-07-26T01:54:04Z 1785030844
2026-07-26T01:55:04Z 1785030904
2026-07-26T01:56:04Z 1785030964
2026-07-26T01:57:04Z 1785031024
2026-07-26T01:58:04Z 1785031084
2026-07-26T01:59:04Z 1785031144
2026-07-26T02:00:04Z 1785031204
2026-07-26T02:01:04Z 1785031264
2026-07-26T02:02:04Z 1785031324
2026-07-26T02:03:04Z 1785031384
2026-07-26T02:04:04Z 1785031444
2026-07-26T02:05:04Z 1785031504
2026-07-26T02:06:04Z 1785031564
2026-07-26T02:07:04Z 1785031624
2026-07-26T02:08:04Z 1785031684
2026-07-26T02:09:04Z 1785031744
2026-07-26T02:10:04Z 1785031804
2026-07-26T02:11:04Z 1785031864
2026-07-26T02:12:04Z 1785031924
2026-07-26T02:13:04Z 1785031984
2026-07-26T02:14:04Z 1785032044
2026-07-26T02:15:04Z 1785032104
2026-07-26T02:16:04Z 1785032164
2026-07-26T02:17:04Z 1785032224
2026-07-26T02:18:04Z 1785032284
2026-07-26T02:19:04Z 1785032344
2026-07-26T02:20:04Z 1785032404
2026-07-26T02:21:04Z 1785032464
2026-07-26T02:22:04Z 1785032524
2026-07-26T02:23:04Z 1785032584
2026-07-26T02:24:04Z 1785032644
2026-07-26T02:25:04Z 1785032704
2026-07-26T02:26:04Z 1785032764
2026-07-26T02:27:04Z 1785032824
2026-07-26T02:28:04Z 1785032884
2026-07-26T02:29:04Z 1785032944
2026-07-26T02:30:04Z 1785033004
2026-07-26T02:31:04Z 1785033064
2026-07-26T02:32:04Z 1785033124
2026-07-26T02:33:04Z 1785033184
2026-07-26T02:34:04Z 1785033244
2026-07-26T02:35:04Z 1785033304
2026-07-26T02:36:04Z 1785033364
2026-07-26T02:37:04Z 1785033424
2026-07-26T02:38:04Z 1785033484
2026-07-26T02:39:04Z 1785033544
2026-07-26T02:40:04Z 1785033604
2026-07-26T02:41:04Z 1785033664
2026-07-26T02:42:04Z 1785033724
2026-07-26T02:43:04Z 1785033784
2026-07-26T02:44:04Z 1785033844
2026-07-26T02:45:04Z 1785033904
2026-07-26T02:46:04Z 1785033964
2026-07-26T02:47:04Z 1785034024
2026-07-26T02:48:04Z 1785034084
2026-07-26T02:49:04Z 1785034144
2026-07-26T02:50:04Z 1785034204
2026-07-26T02:51:04Z 1785034264
2026-07-26T02:52:04Z 1785034324
2026-07-26T02:53:04Z 1785034384
2026-07-26T02:54:04Z 1785034444
2026-07-26T02:55:04Z 1785034504
2026-07-26T02:56:04Z 1785034564
2026-07-26T02:57:04Z 1785034624
2026-07-26T02:58:04Z 1785034684
2026-07-26T02:59:04Z 1785034744
2026-07-26T03:00:04Z 1785034804
2026-07-26T03:01:04Z 1785034864
2026-07-26T03:02:04Z 1785034924
2026-07-26T03:03:04Z 1785034984
2026-07-26T03:04:04Z 1785035044
2026-07-26T03:05:04Z 1785035104
2026-07-26T03:06:04Z 1785035164
2026-07-26T03:07:04Z 1785035224
2026-07-26T03:08:04Z 1785035284
2026-07-26T03:09:04Z 1785035344
2026-07-26T03:10:04Z 1785035404
2026-07-26T03:11:04Z 1785035464
2026-07-26T03:12:04Z 1785035524
2026-07-26T03:13:04Z 1785035584
2026-07-26T03:14:04Z 1785035644
2026-07-26T03:15:04Z 1785035704
2026-07-26T03:16:04Z 1785035764
2026-07-26T03:17:04Z 1785035824
2026-07-26T03:18:04Z 1785035884
2026-07-26T03:19:04Z 1785035944
2026-07-26T03:20:04Z 1785036004
2026-07-26T03:21:04Z 1785036064
2026-07-26T03:22:04Z 1785036124
2026-07-26T03:23:04Z 1785036184
2026-07-26T03:24:04Z 1785036244
2026-07-26T03:25:04Z 1785036304
2026-07-26T03:26:04Z 1785036364
2026-07-26T03:27:04Z 1785036424
2026-07-26T03:28:04Z 1785036484
2026-07-26T03:29:04Z 1785036544
2026-07-26T03:30:04Z 1785036604
2026-07-26T03:31:04Z 1785036664
2026-07-26T03:32:04Z 1785036724
2026-07-26T03:33:04Z 1785036784
2026-07-26T03:34:04Z 1785036844
2026-07-26T03:35:04Z 1785036904
2026-07-26T03:36:04Z 1785036964
2026-07-26T03:37:04Z 1785037024
2026-07-26T03:38:04Z 1785037084
2026-07-26T03:39:04Z 1785037144
2026-07-26T03:40:04Z 1785037204
2026-07-26T03:41:04Z 1785037264
2026-07-26T03:42:04Z 1785037324
2026-07-26T03:43:04Z 1785037384
2026-07-26T03:44:04Z 1785037444
2026-07-26T03:45:04Z 1785037504
2026-07-26T03:46:04Z 1785037564
2026-07-26T03:47:04Z 1785037624
2026-07-26T03:48:04Z 1785037684
2026-07-26T03:49:04Z 1785037744
2026-07-26T03:50:04Z 1785037804
2026-07-26T03:51:04Z 1785037864
2026-07-26T03:52:04Z 1785037924
2026-07-26T03:53:04Z 1785037984
2026-07-26T03:54:04Z 1785038044
2026-07-26T03:55:04Z 1785038104
2026-07-26T03:56:04Z 1785038164
2026-07-26T03:57:04Z 1785038224
2026-07-26T03:58:04Z 1785038284
2026-07-26T03:59:04Z 1785038344
2026-07-26T04:00:04Z 1785038404
2026-07-26T04:01:04Z 1785038464
2026-07-26T04:02:04Z 1785038524
2026-07-26T04:03:04Z 1785038584
2026-07-26T04:04:04Z 1785038644
2026-07-26T04:05:04Z 1785038704
2026-07-26T04:06:04Z 1785038764
2026-07-26T04:07:04Z 1785038824
2026-07-26T04:08:04Z 1785038884
2026-07-26T04:09:04Z 1785038944
2026-07-26T04:10:04Z 1785039004
2026-07-26T04:11:04Z 1785039064
2026-07-26T04:12:04Z 1785039124
2026-07-26T04:13:04Z 1785039184
2026-07-26T04:14:04Z 1785039244
2026-07-26T04:15:04Z 1785039304
2026-07-26T04:16:04Z 1785039364
2026-07-26T04:17:04Z 1785039424
2026-07-26T04:18:04Z 1785039484
2026-07-26T04:19:04Z 1785039544
2026-07-26T04:20:04Z 1785039604
2026-07-26T04:21:04Z 1785039664
2026-07-26T04:22:04Z 1785039724
2026-07-26T04:23:04Z 1785039784
2026-07-26T04:24:04Z 1785039844
2026-07-26T04:25:04Z 1785039904
2026-07-26T04:26:04Z 1785039964
2026-07-26T04:27:04Z 1785040024
2026-07-26T04:28:04Z 1785040084
2026-07-26T04:29:04Z 1785040144
2026-07-26T04:30:04Z 1785040204
2026-07-26T04:31:04Z 1785040264
2026-07-26T04:32:04Z 1785040324
2026-07-26T04:33:04Z 1785040384
2026-07-26T04:34:04Z 1785040444
2026-07-26T04:35:04Z 1785040504
2026-07-26T04:36:04Z 1785040564
2026-07-26T04:37:04Z 1785040624
2026-07-26T04:38:04Z 1785040684
2026-07-26T04:39:04Z 1785040744
2026-07-26T04:40:04Z 1785040804
2026-07-26T04:41:04Z 1785040864
2026-07-26T04:42:04Z 1785040924
2026-07-26T04:43:04Z 1785040984
2026-07-26T04:44:04Z 1785041044
2026-07-26T04:45:04Z 1785041104
2026-07-26T04:46:04Z 1785041164
2026-07-26T04:47:04Z 1785041224
2026-07-26T04:48:04Z 1785041284
2026-07-26T04:49:04Z 1785041344
2026-07-26T04:50:04Z 1785041404
2026-07-26T04:51:04Z 1785041464
2026-07-26T04:52:04Z 1785041524
2026-07-26T04:53:04Z 1785041584
2026-07-26T04:54:04Z 1785041644
2026-07-26T04:55:04Z 1785041704
2026-07-26T04:56:04Z 1785041764
2026-07-26T04:57:04Z 1785041824
2026-07-26T04:58:04Z 1785041884
2026-07-26T04:59:04Z 1785041944
2026-07-26T05:00:04Z 1785042004
2026-07-26T05:01:04Z 1785042064
2026-07-26T05:02:04Z 1785042124
2026-07-26T05:03:04Z 1785042184
2026-07-26T05:04:04Z 1785042244
2026-07-26T05:05:04Z 1785042304
2026-07-26T05:06:04Z 1785042364
2026-07-26T05:07:04Z 1785042424
2026-07-26T05:08:04Z 1785042484
2026-07-26T05:09:04Z 1785042544
2026-07-26T05:10:04Z 1785042604
2026-07-26T05:11:04Z 1785042664
2026-07-26T05:12:04Z 1785042724
2026-07-26T05:13:04Z 1785042784
2026-07-26T05:14:04Z 1785042844
2026-07-26T05:15:04Z 1785042904
2026-07-26T05:16:04Z 1785042964
2026-07-26T05:17:04Z 1785043024
2026-07-26T05:18:04Z 1785043084
2026-07-26T05:19:04Z 1785043144
2026-07-26T05:20:04Z 1785043204
2026-07-26T05:21:04Z 1785043264
2026-07-26T05:22:04Z 1785043324
2026-07-26T05:23:04Z 1785043384
2026-07-26T05:24:04Z 1785043444
2026-07-26T05:25:04Z 1785043504
2026-07-26T05:26:04Z 1785043564
2026-07-26T05:27:04Z 1785043624
2026-07-26T05:28:04Z 1785043684
2026-07-26T05:29:04Z 1785043744
2026-07-26T05:30:04Z 1785043804
2026-07-26T05:31:04Z 1785043864
2026-07-26T05:32:04Z 1785043924
2026-07-26T05:33:04Z 1785043984
2026-07-26T05:34:04Z 1785044044
2026-07-26T05:35:04Z 1785044104
2026-07-26T05:36:04Z 1785044164
2026-07-26T05:37:04Z 1785044224
2026-07-26T05:38:04Z 1785044284
2026-07-26T05:39:04Z 1785044344
2026-07-26T05:40:04Z 1785044404
2026-07-26T05:41:04Z 1785044464
2026-07-26T05:42:04Z 1785044524
2026-07-26T05:43:04Z 1785044584
2026-07-26T05:44:04Z 1785044644
2026-07-26T05:45:04Z 1785044704
2026-07-26T05:46:04Z 1785044764
2026-07-26T05:47:04Z 1785044824
2026-07-26T05:48:04Z 1785044884
2026-07-26T05:49:04Z 1785044944
2026-07-26T05:50:04Z 1785045004
2026-07-26T05:51:04Z 1785045064
2026-07-26T05:52:04Z 1785045124
2026-07-26T05:53:04Z 1785045184
2026-07-26T05:54:04Z 1785045244
2026-07-26T05:55:04Z 1785045304
2026-07-26T05:56:04Z 1785045364
2026-07-26T05:57:04Z 1785045424
2026-07-26T05:58:04Z 1785045484
2026-07-26T05:59:04Z 1785045544
2026-07-26T06:00:04Z 1785045604
2026-07-26T06:01:04Z 1785045664
2026-07-26T06:02:04Z 1785045724
2026-07-26T06:03:04Z 1785045784
2026-07-26T06:04:04Z 1785045844
2026-07-26T06:05:04Z 1785045904
2026-07-26T06:06:04Z 1785045964
2026-07-26T06:07:04Z 1785046024
2026-07-26T06:08:04Z 1785046084
2026-07-26T06:09:04Z 1785046144
2026-07-26T06:10:04Z 1785046204
2026-07-26T06:11:04Z 1785046264
2026-07-26T06:12:04Z 1785046324
2026-07-26T06:13:04Z 1785046384
2026-07-26T06:14:04Z 1785046444
2026-07-26T06:15:04Z 1785046504
2026-07-26T06:16:04Z 1785046564
2026-07-26T06:17:04Z 1785046624
2026-07-26T06:18:04Z 1785046684
2026-07-26T06:19:04Z 1785046744
2026-07-26T06:20:04Z 1785046804
2026-07-26T06:21:04Z 1785046864
2026-07-26T06:22:04Z 1785046924
2026-07-26T06:23:04Z 1785046984
2026-07-26T06:24:04Z 1785047044
2026-07-26T06:25:04Z 1785047104
2026-07-26T06:26:04Z 1785047164
2026-07-26T06:27:04Z 1785047224
2026-07-26T06:28:04Z 1785047284
2026-07-26T06:29:04Z 1785047344
2026-07-26T06:30:04Z 1785047404
2026-07-26T06:31:04Z 1785047464
2026-07-26T06:32:04Z 1785047524
2026-07-26T06:33:04Z 1785047584
2026-07-26T06:34:04Z 1785047644
2026-07-26T06:35:04Z 1785047704
2026-07-26T06:36:04Z 1785047764
2026-07-26T06:37:04Z 1785047824
2026-07-26T06:38:04Z 1785047884
2026-07-26T06:39:04Z 1785047944
2026-07-26T06:40:04Z 1785048004
2026-07-26T06:41:04Z 1785048064
2026-07-26T06:42:04Z 1785048124
2026-07-26T06:43:04Z 1785048184
2026-07-26T06:44:04Z 1785048244
2026-07-26T06:45:04Z 1785048304
2026-07-26T06:46:04Z 1785048364
2026-07-26T06:47:04Z 1785048424
2026-07-26T06:48:04Z 1785048484
2026-07-26T06:49:04Z 1785048544
2026-07-26T06:50:04Z 1785048604
2026-07-26T06:51:04Z 1785048664
2026-07-26T06:52:04Z 1785048724
2026-07-26T06:53:04Z 1785048784
2026-07-26T06:54:04Z 1785048844
2026-07-26T06:55:04Z 1785048904
2026-07-26T06:56:04Z 1785048964
2026-07-26T06:57:04Z 1785049024
2026-07-26T06:58:04Z 1785049084
2026-07-26T06:59:04Z 1785049144
2026-07-26T07:00:04Z 1785049204
2026-07-26T07:01:04Z 1785049264
2026-07-26T07:02:04Z 1785049324
2026-07-26T07:03:04Z 1785049384
2026-07-26T07:04:04Z 1785049444
2026-07-26T07:05:04Z 1785049504
2026-07-26T07:06:04Z 1785049564
2026-07-26T07:07:04Z 1785049624
2026-07-26T07:08:04Z 1785049684
2026-07-26T07:09:04Z 1785049744
2026-07-26T07:10:04Z 1785049804
2026-07-26T07:11:04Z 1785049864
2026-07-26T07:12:04Z 1785049924
2026-07-26T07:13:04Z 1785049984
2026-07-26T07:14:04Z 1785050044
2026-07-26T07:15:04Z 1785050104
2026-07-26T07:16:04Z 1785050164
2026-07-26T07:17:04Z 1785050224
2026-07-26T07:18:04Z 1785050284
2026-07-26T07:19:04Z 1785050344
2026-07-26T07:20:04Z 1785050404
2026-07-26T07:21:04Z 1785050464
2026-07-26T07:22:04Z 1785050524
2026-07-26T07:23:04Z 1785050584
2026-07-26T07:24:04Z 1785050644
2026-07-26T07:25:04Z 1785050704
2026-07-26T07:26:04Z 1785050764
2026-07-26T07:27:04Z 1785050824
2026-07-26T07:28:04Z 1785050884
2026-07-26T07:29:04Z 1785050944
2026-07-26T07:30:04Z 1785051004
2026-07-26T07:31:04Z 1785051064
2026-07-26T07:32:04Z 1785051124
2026-07-26T07:33:04Z 1785051184
2026-07-26T07:34:04Z 1785051244
2026-07-26T07:35:04Z 1785051304
2026-07-26T07:36:04Z 1785051364
2026-07-26T07:37:04Z 1785051424
2026-07-26T07:38:04Z 1785051484
2026-07-26T07:39:04Z 1785051544
2026-07-26T07:40:04Z 1785051604
2026-07-26T07:41:04Z 1785051664
2026-07-26T07:42:04Z 1785051724
2026-07-26T07:43:04Z 1785051784
2026-07-26T07:44:04Z 1785051844
2026-07-26T07:45:04Z 1785051904
2026-07-26T07:46:04Z 1785051964
2026-07-26T07:47:04Z 1785052024
2026-07-26T07:48:04Z 1785052084
2026-07-26T07:49:04Z 1785052144
2026-07-26T07:50:04Z 1785052204
2026-07-26T07:51:04Z 1785052264
2026-07-26T07:52:04Z 1785052324
2026-07-26T07:53:04Z 1785052384
2026-07-26T07:54:04Z 1785052444
2026-07-26T07:55:04Z 1785052504
2026-07-26T07:56:04Z 1785052564
2026-07-26T07:57:04Z 1785052624
2026-07-26T07:58:04Z 1785052684
2026-07-26T07:59:04Z 1785052744
2026-07-26T08:00:04Z 1785052804
2026-07-26T08:01:04Z 1785052864
2026-07-26T08:02:04Z 1785052924
2026-07-26T08:03:04Z 1785052984
2026-07-26T08:04:04Z 1785053044
2026-07-26T08:05:04Z 1785053104
2026-07-26T08:06:04Z 1785053164
2026-07-26T08:07:04Z 1785053224
2026-07-26T08:08:04Z 1785053284
2026-07-26T08:09:04Z 1785053344
2026-07-26T08:10:04Z 1785053404
2026-07-26T08:11:04Z 1785053464
2026-07-26T08:12:04Z 1785053524
2026-07-26T08:13:04Z 1785053584
2026-07-26T08:14:04Z 1785053644
2026-07-26T08:15:04Z 1785053704
2026-07-26T08:16:04Z 1785053764
2026-07-26T08:17:04Z 1785053824
2026-07-26T08:18:04Z 1785053884
2026-07-26T08:19:04Z 1785053944
2026-07-26T08:20:04Z 1785054004
2026-07-26T08:21:04Z 1785054064
2026-07-26T08:22:04Z 1785054124
2026-07-26T08:23:04Z 1785054184
2026-07-26T08:24:04Z 1785054244
2026-07-26T08:25:04Z 1785054304
2026-07-26T08:26:04Z 1785054364
2026-07-26T08:27:04Z 1785054424
2026-07-26T08:28:04Z 1785054484
2026-07-26T08:29:04Z 1785054544
2026-07-26T08:30:04Z 1785054604
2026-07-26T08:31:04Z 1785054664
2026-07-26T08:32:04Z 1785054724
2026-07-26T08:33:04Z 1785054784
2026-07-26T08:34:04Z 1785054844
2026-07-26T08:35:04Z 1785054904
2026-07-26T08:36:04Z 1785054964
2026-07-26T08:37:04Z 1785055024
2026-07-26T08:38:04Z 1785055084
2026-07-26T08:39:04Z 1785055144
2026-07-26T08:40:04Z 1785055204
2026-07-26T08:41:04Z 1785055264
2026-07-26T08:42:04Z 1785055324
2026-07-26T08:43:04Z 1785055384
2026-07-26T08:44:04Z 1785055444
2026-07-26T08:45:04Z 1785055504
2026-07-26T08:46:04Z 1785055564
2026-07-26T08:47:04Z 1785055624
2026-07-26T08:48:04Z 1785055684
2026-07-26T08:49:04Z 1785055744
2026-07-26T08:50:04Z 1785055804
2026-07-26T08:51:04Z 1785055864
2026-07-26T08:52:04Z 1785055924
2026-07-26T08:53:04Z 1785055984
2026-07-26T08:54:04Z 1785056044
2026-07-26T08:55:04Z 1785056104
2026-07-26T08:56:04Z 1785056164
2026-07-26T08:57:04Z 1785056224
2026-07-26T08:58:04Z 1785056284
2026-07-26T08:59:04Z 1785056344
2026-07-26T09:00:04Z 1785056404
2026-07-26T09:01:04Z 1785056464
2026-07-26T09:02:04Z 1785056524
2026-07-26T09:03:04Z 1785056584
2026-07-26T09:04:04Z 1785056644
2026-07-26T09:05:04Z 1785056704
2026-07-26T09:06:04Z 1785056764
2026-07-26T09:07:04Z 1785056824
2026-07-26T09:08:04Z 1785056884
2026-07-26T09:09:04Z 1785056944
2026-07-26T09:10:04Z 1785057004
2026-07-26T09:11:04Z 1785057064
2026-07-26T09:12:04Z 1785057124
2026-07-26T09:13:04Z 1785057184
2026-07-26T09:14:04Z 1785057244
2026-07-26T09:15:04Z 1785057304
2026-07-26T09:16:04Z 1785057364
2026-07-26T09:17:04Z 1785057424
2026-07-26T09:18:04Z 1785057484
2026-07-26T09:19:04Z 1785057544
2026-07-26T09:20:04Z 1785057604
2026-07-26T09:21:04Z 1785057664
2026-07-26T09:22:04Z 1785057724
2026-07-26T09:23:04Z 1785057784
2026-07-26T09:24:04Z 1785057844
2026-07-26T09:25:04Z 1785057904
2026-07-26T09:26:04Z 1785057964
2026-07-26T09:27:04Z 1785058024
2026-07-26T09:28:04Z 1785058084
2026-07-26T09:29:04Z 1785058144
2026-07-26T09:30:04Z 1785058204
2026-07-26T09:31:04Z 1785058264
2026-07-26T09:32:04Z 1785058324
2026-07-26T09:33:04Z 1785058384
2026-07-26T09:34:04Z 1785058444
2026-07-26T09:35:04Z 1785058504
2026-07-26T09:36:04Z 1785058564
2026-07-26T09:37:04Z 1785058624
2026-07-26T09:38:04Z 1785058684
2026-07-26T09:39:04Z 1785058744
2026-07-26T09:40:04Z 1785058804
2026-07-26T09:41:04Z 1785058864
2026-07-26T09:42:04Z 1785058924
2026-07-26T09:43:04Z 1785058984
2026-07-26T09:44:04Z 1785059044
2026-07-26T09:45:04Z 1785059104
2026-07-26T09:46:04Z 1785059164
2026-07-26T09:47:04Z 1785059224
2026-07-26T09:48:04Z 1785059284
2026-07-26T09:49:04Z 1785059344
2026-07-26T09:50:04Z 1785059404
2026-07-26T09:51:04Z 1785059464
2026-07-26T09:52:04Z 1785059524
2026-07-26T09:53:04Z 1785059584
2026-07-26T09:54:04Z 1785059644
2026-07-26T09:55:04Z 1785059704
2026-07-26T09:56:04Z 1785059764
2026-07-26T09:57:04Z 1785059824
2026-07-26T09:58:04Z 1785059884
2026-07-26T09:59:04Z 1785059944
2026-07-26T10:00:04Z 1785060004
2026-07-26T10:01:04Z 1785060064
2026-07-26T10:02:04Z 1785060124
2026-07-26T10:03:04Z 1785060184
2026-07-26T10:04:04Z 1785060244
2026-07-26T10:05:04Z 1785060304
2026-07-26T10:06:04Z 1785060364
2026-07-26T10:07:04Z 1785060424
2026-07-26T10:08:04Z 1785060484
2026-07-26T10:09:04Z 1785060544
2026-07-26T10:10:04Z 1785060604
2026-07-26T10:11:04Z 1785060664
2026-07-26T10:12:04Z 1785060724
2026-07-26T10:13:04Z 1785060784
2026-07-26T10:14:04Z 1785060844
2026-07-26T10:15:04Z 1785060904
2026-07-26T10:16:04Z 1785060964
2026-07-26T10:17:04Z 1785061024
2026-07-26T10:18:04Z 1785061084
2026-07-26T10:19:04Z 1785061144
2026-07-26T10:20:04Z 1785061204
2026-07-26T10:21:04Z 1785061264
2026-07-26T10:22:04Z 1785061324
2026-07-26T10:23:04Z 1785061384
2026-07-26T10:24:04Z 1785061444
2026-07-26T10:25:04Z 1785061504
2026-07-26T10:26:04Z 1785061564
2026-07-26T10:27:04Z 1785061624
2026-07-26T10:28:04Z 1785061684
2026-07-26T10:29:04Z 1785061744
2026-07-26T10:30:04Z 1785061804
2026-07-26T10:31:04Z 1785061864
2026-07-26T10:32:04Z 1785061924
2026-07-26T10:33:04Z 1785061984
2026-07-26T10:34:04Z 1785062044
2026-07-26T10:35:04Z 1785062104
2026-07-26T10:36:04Z 1785062164
2026-07-26T10:37:04Z 1785062224
2026-07-26T10:38:04Z 1785062284
2026-07-26T10:39:04Z 1785062344
2026-07-26T10:40:04Z 1785062404
2026-07-26T10:41:04Z 1785062464
2026-07-26T10:42:04Z 1785062524
2026-07-26T10:43:04Z 1785062584
2026-07-26T10:44:04Z 1785062644
2026-07-26T10:45:04Z 1785062704
2026-07-26T10:46:04Z 1785062764
2026-07-26T10:47:04Z 1785062824
2026-07-26T10:48:04Z 1785062884
2026-07-26T10:49:04Z 1785062944
2026-07-26T10:50:04Z 1785063004
2026-07-26T10:51:04Z 1785063064
2026-07-26T10:52:04Z 1785063124
2026-07-26T10:53:04Z 1785063184
2026-07-26T10:54:04Z 1785063244
2026-07-26T10:55:04Z 1785063304
2026-07-26T10:56:04Z 1785063364
2026-07-26T10:57:04Z 1785063424
2026-07-26T10:58:04Z 1785063484
2026-07-26T10:59:04Z 1785063544
2026-07-26T11:00:04Z 1785063604
2026-07-26T11:01:04Z 1785063664
2026-07-26T11:02:04Z 1785063724
2026-07-26T11:03:04Z 1785063784
2026-07-26T11:04:04Z 1785063844
2026-07-26T11:05:04Z 1785063904
2026-07-26T11:06:04Z 1785063964
2026-07-26T11:07:04Z 1785064024
2026-07-26T11:08:04Z 1785064084
2026-07-26T11:09:04Z 1785064144
2026-07-26T11:10:04Z 1785064204
2026-07-26T11:11:04Z 1785064264
2026-07-26T11:12:04Z 1785064324
2026-07-26T11:13:04Z 1785064384
2026-07-26T11:14:04Z 1785064444
2026-07-26T11:15:04Z 1785064504
2026-07-26T11:16:04Z 1785064564
2026-07-26T11:17:04Z 1785064624
2026-07-26T11:18:04Z 1785064684
2026-07-26T11:19:04Z 1785064744
2026-07-26T11:20:04Z 1785064804
2026-07-26T11:21:04Z 1785064864
2026-07-26T11:22:04Z 1785064924
2026-07-26T11:23:04Z 1785064984
2026-07-26T11:24:04Z 1785065044
2026-07-26T11:25:04Z 1785065104
2026-07-26T11:26:04Z 1785065164
2026-07-26T11:27:04Z 1785065224
2026-07-26T11:28:04Z 1785065284
2026-07-26T11:29:04Z 1785065344
2026-07-26T11:30:04Z 1785065404
2026-07-26T11:31:04Z 1785065464
2026-07-26T11:32:04Z 1785065524
2026-07-26T11:33:04Z 1785065584
2026-07-26T11:34:04Z 1785065644
2026-07-26T11:35:04Z 1785065704
2026-07-26T11:36:04Z 1785065764
2026-07-26T11:37:04Z 1785065824
2026-07-26T11:38:04Z 1785065884
2026-07-26T11:39:04Z 1785065944
2026-07-26T11:40:04Z 1785066004
2026-07-26T11:41:04Z 1785066064
2026-07-26T11:42:04Z 1785066124
2026-07-26T11:43:04Z 1785066184
2026-07-26T11:44:04Z 1785066244
2026-07-26T11:45:04Z 1785066304
2026-07-26T11:46:04Z 1785066364
2026-07-26T11:47:04Z 1785066424
2026-07-26T11:48:04Z 1785066484
2026-07-26T11:49:04Z 1785066544
2026-07-26T11:50:04Z 1785066604
2026-07-26T11:51:04Z 1785066664
2026-07-26T11:52:04Z 1785066724
2026-07-26T11:53:04Z 1785066784
2026-07-26T11:54:04Z 1785066844
2026-07-26T11:55:04Z 1785066904
2026-07-26T11:56:04Z 1785066964
2026-07-26T11:57:04Z 1785067024
2026-07-26T11:58:04Z 1785067084
2026-07-26T11:59:04Z 1785067144
2026-07-26T12:00:04Z 1785067204
2026-07-26T12:01:04Z 1785067264
2026-07-26T12:02:04Z 1785067324
2026-07-26T12:03:04Z 1785067384
2026-07-26T12:04:04Z 1785067444
2026-07-26T12:05:04Z 1785067504
2026-07-26T12:06:04Z 1785067564
2026-07-26T12:07:04Z 1785067624
2026-07-26T12:08:04Z 1785067684
2026-07-26T12:09:04Z 1785067744
2026-07-26T12:10:04Z 1785067804
2026-07-26T12:11:04Z 1785067864
2026-07-26T12:12:04Z 1785067924
2026-07-26T12:13:04Z 1785067984
2026-07-26T12:14:04Z 1785068044
2026-07-26T12:15:04Z 1785068104
2026-07-26T12:16:04Z 1785068164
2026-07-26T12:17:04Z 1785068224
2026-07-26T12:18:04Z 1785068284
2026-07-26T12:19:04Z 1785068344
2026-07-26T12:20:04Z 1785068404
2026-07-26T12:21:04Z 1785068464
2026-07-26T12:22:04Z 1785068524
2026-07-26T12:23:04Z 1785068584
2026-07-26T12:24:04Z 1785068644
2026-07-26T12:25:04Z 1785068704
2026-07-26T12:26:04Z 1785068764
2026-07-26T12:27:04Z 1785068824
2026-07-26T12:28:04Z 1785068884
2026-07-26T12:29:04Z 1785068944
2026-07-26T12:30:04Z 1785069004
2026-07-26T12:31:04Z 1785069064
2026-07-26T12:32:04Z 1785069124
2026-07-26T12:33:04Z 1785069184
2026-07-26T12:34:04Z 1785069244
2026-07-26T12:35:04Z 1785069304
2026-07-26T12:36:04Z 1785069364
2026-07-26T12:37:04Z 1785069424
2026-07-26T12:38:04Z 1785069484
2026-07-26T12:39:04Z 1785069544
2026-07-26T12:40:04Z 1785069604
2026-07-26T12:41:04Z 1785069664
2026-07-26T12:42:04Z 1785069724
2026-07-26T12:43:04Z 1785069784
2026-07-26T12:44:04Z 1785069844
2026-07-26T12:45:04Z 1785069904
2026-07-26T12:46:04Z 1785069964
2026-07-26T12:47:04Z 1785070024
2026-07-26T12:48:04Z 1785070084
2026-07-26T12:49:04Z 1785070144
2026-07-26T12:50:04Z 1785070204
2026-07-26T12:51:04Z 1785070264
2026-07-26T12:52:04Z 1785070324
2026-07-26T12:53:04Z 1785070384
2026-07-26T12:54:04Z 1785070444
2026-07-26T12:55:04Z 1785070504
2026-07-26T12:56:04Z 1785070564
2026-07-26T12:57:04Z 1785070624
2026-07-26T12:58:04Z 1785070684
2026-07-26T12:59:04Z 1785070744
2026-07-26T13:00:04Z 1785070804
2026-07-26T13:01:04Z 1785070864
2026-07-26T13:02:04Z 1785070924
2026-07-26T13:03:04Z 1785070984
2026-07-26T13:04:04Z 1785071044
2026-07-26T13:05:04Z 1785071104
2026-07-26T13:06:04Z 1785071164
2026-07-26T13:07:04Z 1785071224
2026-07-26T13:08:04Z 1785071284
2026-07-26T13:09:04Z 1785071344
2026-07-26T13:10:04Z 1785071404
2026-07-26T13:11:04Z 1785071464
2026-07-26T13:12:04Z 1785071524
2026-07-26T13:13:04Z 1785071584
2026-07-26T13:14:04Z 1785071644
2026-07-26T13:15:04Z 1785071704
2026-07-26T13:16:04Z 1785071764
2026-07-26T13:17:04Z 1785071824
2026-07-26T13:18:04Z 1785071884
2026-07-26T13:19:04Z 1785071944
2026-07-26T13:20:04Z 1785072004
2026-07-26T13:21:04Z 1785072064
2026-07-26T13:22:04Z 1785072124
2026-07-26T13:23:04Z 1785072184
2026-07-26T13:24:04Z 1785072244
2026-07-26T13:25:04Z 1785072304
2026-07-26T13:26:04Z 1785072364
2026-07-26T13:27:04Z 1785072424
2026-07-26T13:28:04Z 1785072484
2026-07-26T13:29:04Z 1785072544
2026-07-26T13:30:04Z 1785072604
2026-07-26T13:31:04Z 1785072664
2026-07-26T13:32:04Z 1785072724
2026-07-26T13:33:04Z 1785072784
2026-07-26T13:34:04Z 1785072844
2026-07-26T13:35:04Z 1785072904
2026-07-26T13:36:04Z 1785072964
2026-07-26T13:37:04Z 1785073024
2026-07-26T13:38:04Z 1785073084
2026-07-26T13:39:04Z 1785073144
2026-07-26T13:40:04Z 1785073204
2026-07-26T13:41:04Z 1785073264
2026-07-26T13:42:04Z 1785073324
2026-07-26T13:43:04Z 1785073384
2026-07-26T13:44:04Z 1785073444
2026-07-26T13:45:04Z 1785073504
2026-07-26T13:46:04Z 1785073564
2026-07-26T13:47:04Z 1785073624
2026-07-26T13:48:04Z 1785073684
2026-07-26T13:49:04Z 1785073744
2026-07-26T13:50:04Z 1785073804
2026-07-26T13:51:04Z 1785073864
2026-07-26T13:52:04Z 1785073924
2026-07-26T13:53:04Z 1785073984
2026-07-26T13:54:04Z 1785074044
2026-07-26T13:55:04Z 1785074104
2026-07-26T13:56:04Z 1785074164
2026-07-26T13:57:04Z 1785074224
2026-07-26T13:58:04Z 1785074284
2026-07-26T13:59:04Z 1785074344
2026-07-26T14:00:04Z 1785074404
2026-07-26T14:01:04Z 1785074464
2026-07-26T14:02:04Z 1785074524
2026-07-26T14:03:04Z 1785074584
2026-07-26T14:04:04Z 1785074644
2026-07-26T14:05:04Z 1785074704
2026-07-26T14:06:04Z 1785074764
2026-07-26T14:07:04Z 1785074824
2026-07-26T14:08:04Z 1785074884
2026-07-26T14:09:04Z 1785074944
2026-07-26T14:10:04Z 1785075004
2026-07-26T14:11:04Z 1785075064
2026-07-26T14:12:04Z 1785075124
2026-07-26T14:13:04Z 1785075184
2026-07-26T14:14:04Z 1785075244
2026-07-26T14:15:04Z 1785075304
2026-07-26T14:16:04Z 1785075364
2026-07-26T14:17:04Z 1785075424
2026-07-26T14:18:04Z 1785075484
2026-07-26T14:19:04Z 1785075544
2026-07-26T14:20:04Z 1785075604
2026-07-26T14:21:04Z 1785075664
2026-07-26T14:22:04Z 1785075724
2026-07-26T14:23:04Z 1785075784
2026-07-26T14:24:04Z 1785075844
2026-07-26T14:25:04Z 1785075904
2026-07-26T14:26:04Z 1785075964
2026-07-26T14:27:04Z 1785076024
2026-07-26T14:28:04Z 1785076084
2026-07-26T14:29:04Z 1785076144
2026-07-26T14:30:04Z 1785076204
2026-07-26T14:31:04Z 1785076264
2026-07-26T14:32:04Z 1785076324
2026-07-26T14:33:04Z 1785076384
2026-07-26T14:34:04Z 1785076444
2026-07-26T14:35:04Z 1785076504
2026-07-26T14:36:04Z 1785076564
2026-07-26T14:37:04Z 1785076624
2026-07-26T14:38:04Z 1785076684
2026-07-26T14:39:04Z 1785076744
2026-07-26T14:40:04Z 1785076804
2026-07-26T14:41:04Z 1785076864
2026-07-26T14:42:04Z 1785076924
2026-07-26T14:43:04Z 1785076984
2026-07-26T14:44:04Z 1785077044
2026-07-26T14:45:04Z 1785077104
2026-07-26T14:46:04Z 1785077164
2026-07-26T14:47:04Z 1785077224
2026-07-26T14:48:04Z 1785077284
2026-07-26T14:49:04Z 1785077344
2026-07-26T14:50:04Z 1785077404
2026-07-26T14:51:04Z 1785077464
2026-07-26T14:52:04Z 1785077524
2026-07-26T14:53:04Z 1785077584
2026-07-26T14:54:04Z 1785077644
2026-07-26T14:55:04Z 1785077704
2026-07-26T14:56:04Z 1785077764
2026-07-26T14:57:04Z 1785077824
2026-07-26T14:58:04Z 1785077884
2026-07-26T14:59:04Z 1785077944
2026-07-26T15:00:04Z 1785078004
2026-07-26T15:01:04Z 1785078064
2026-07-26T15:02:04Z 1785078124
2026-07-26T15:03:04Z 1785078184
2026-07-26T15:04:04Z 1785078244
2026-07-26T15:05:04Z 1785078304
2026-07-26T15:06:04Z 1785078364
2026-07-26T15:07:04Z 1785078424
2026-07-26T15:08:04Z 1785078484
2026-07-26T15:09:04Z 1785078544
2026-07-26T15:10:04Z 1785078604
2026-07-26T15:11:04Z 1785078664
2026-07-26T15:12:04Z 1785078724
2026-07-26T15:13:04Z 1785078784
2026-07-26T15:14:04Z 1785078844
2026-07-26T15:15:04Z 1785078904
2026-07-26T15:16:04Z 1785078964
2026-07-26T15:17:04Z 1785079024
2026-07-26T15:18:04Z 1785079084
2026-07-26T15:19:04Z 1785079144
2026-07-26T15:20:04Z 1785079204
2026-07-26T15:21:04Z 1785079264
2026-07-26T15:22:04Z 1785079324
2026-07-26T15:23:04Z 1785079384
2026-07-26T15:24:04Z 1785079444
2026-07-26T15:25:04Z 1785079504
2026-07-26T15:26:04Z 1785079564
2026-07-26T15:27:04Z 1785079624
2026-07-26T15:28:04Z 1785079684
2026-07-26T15:29:04Z 1785079744
2026-07-26T15:30:04Z 1785079804
2026-07-26T15:31:04Z 1785079864
2026-07-26T15:32:04Z 1785079924
2026-07-26T15:33:04Z 1785079984
2026-07-26T15:34:04Z 1785080044
2026-07-26T15:35:04Z 1785080104
2026-07-26T15:36:04Z 1785080164
2026-07-26T15:37:04Z 1785080224
2026-07-26T15:38:04Z 1785080284
2026-07-26T15:39:04Z 1785080344
2026-07-26T15:40:04Z 1785080404
2026-07-26T15:41:04Z 1785080464
2026-07-26T15:42:04Z 1785080524
2026-07-26T15:43:04Z 1785080584
2026-07-26T15:44:04Z 1785080644
2026-07-26T15:45:04Z 1785080704
2026-07-26T15:46:04Z 1785080764
2026-07-26T15:47:04Z 1785080824
2026-07-26T15:48:04Z 1785080884
2026-07-26T15:49:04Z 1785080944
2026-07-26T15:50:04Z 1785081004
2026-07-26T15:51:04Z 1785081064
2026-07-26T15:52:04Z 1785081124
2026-07-26T15:53:04Z 1785081184
2026-07-26T15:54:04Z 1785081244
2026-07-26T15:55:04Z 1785081304
2026-07-26T15:56:04Z 1785081364
2026-07-26T15:57:04Z 1785081424
2026-07-26T15:58:04Z 1785081484
2026-07-26T15:59:04Z 1785081544
2026-07-26T16:00:04Z 1785081604
2026-07-26T16:01:04Z 1785081664
2026-07-26T16:02:04Z 1785081724
2026-07-26T16:03:04Z 1785081784
2026-07-26T16:04:04Z 1785081844
2026-07-26T16:05:04Z 1785081904
2026-07-26T16:06:04Z 1785081964
2026-07-26T16:07:04Z 1785082024
2026-07-26T16:08:04Z 1785082084
2026-07-26T16:09:04Z 1785082144
2026-07-26T16:10:04Z 1785082204
2026-07-26T16:11:04Z 1785082264
2026-07-26T16:12:04Z 1785082324
2026-07-26T16:13:04Z 1785082384
2026-07-26T16:14:04Z 1785082444
2026-07-26T16:15:04Z 1785082504
2026-07-26T16:16:04Z 1785082564
2026-07-26T16:17:04Z 1785082624
2026-07-26T16:18:04Z 1785082684
2026-07-26T16:19:04Z 1785082744
2026-07-26T16:20:04Z 1785082804
2026-07-26T16:21:04Z 1785082864
2026-07-26T16:22:04Z 1785082924
2026-07-26T16:23:04Z 1785082984
2026-07-26T16:24:04Z 1785083044
2026-07-26T16:25:04Z 1785083104
2026-07-26T16:26:04Z 1785083164
2026-07-26T16:27:04Z 1785083224
2026-07-26T16:28:04Z 1785083284
2026-07-26T16:29:04Z 1785083344
2026-07-26T16:30:04Z 1785083404
2026-07-26T16:31:04Z 1785083464
2026-07-26T16:32:04Z 1785083524
2026-07-26T16:33:04Z 1785083584
2026-07-26T16:34:04Z 1785083644
2026-07-26T16:35:04Z 1785083704
2026-07-26T16:36:04Z 1785083764
2026-07-26T16:37:04Z 1785083824
2026-07-26T16:38:04Z 1785083884
2026-07-26T16:39:04Z 1785083944
2026-07-26T16:40:04Z 1785084004
2026-07-26T16:41:04Z 1785084064
2026-07-26T16:42:04Z 1785084124
2026-07-26T16:43:04Z 1785084184
2026-07-26T16:44:04Z 1785084244
2026-07-26T16:45:04Z 1785084304
2026-07-26T16:46:04Z 1785084364
2026-07-26T16:47:04Z 1785084424
2026-07-26T16:48:04Z 1785084484
2026-07-26T16:49:04Z 1785084544
2026-07-26T16:50:04Z 1785084604
2026-07-26T16:51:04Z 1785084664
2026-07-26T16:52:04Z 1785084724
2026-07-26T16:53:04Z 1785084784
2026-07-26T16:54:04Z 1785084844
2026-07-26T16:55:04Z 1785084904
2026-07-26T16:56:04Z 1785084964
2026-07-26T16:57:04Z 1785085024
2026-07-26T16:58:04Z 1785085084
2026-07-26T16:59:04Z 1785085144
2026-07-26T17:00:04Z 1785085204
2026-07-26T17:01:04Z 1785085264
2026-07-26T17:02:04Z 1785085324
2026-07-26T17:03:04Z 1785085384
2026-07-26T17:04:04Z 1785085444
2026-07-26T17:05:04Z 1785085504
2026-07-26T17:06:04Z 1785085564
2026-07-26T17:07:04Z 1785085624
2026-07-26T17:08:04Z 1785085684
2026-07-26T17:09:04Z 1785085744
2026-07-26T17:10:04Z 1785085804
2026-07-26T17:11:04Z 1785085864
2026-07-26T17:12:04Z 1785085924
2026-07-26T17:13:04Z 1785085984
2026-07-26T17:14:04Z 1785086044
2026-07-26T17:15:04Z 1785086104
2026-07-26T17:16:04Z 1785086164
2026-07-26T17:17:04Z 1785086224
2026-07-26T17:18:04Z 1785086284
2026-07-26T17:19:04Z 1785086344
2026-07-26T17:20:04Z 1785086404
2026-07-26T17:21:04Z 1785086464
2026-07-26T17:22:04Z 1785086524
2026-07-26T17:23:04Z 1785086584
2026-07-26T17:24:04Z 1785086644
2026-07-26T17:25:04Z 1785086704
2026-07-26T17:26:04Z 1785086764
2026-07-26T17:27:04Z 1785086824
2026-07-26T17:28:04Z 1785086884
2026-07-26T17:29:04Z 1785086944
2026-07-26T17:30:04Z 1785087004
2026-07-26T17:31:04Z 1785087064
2026-07-26T17:32:04Z 1785087124
2026-07-26T17:33:04Z 1785087184
2026-07-26T17:34:04Z 1785087244
2026-07-26T17:35:04Z 1785087304
2026-07-26T17:36:04Z 1785087364
2026-07-26T17:37:04Z 1785087424
2026-07-26T17:38:04Z 1785087484
2026-07-26T17:39:04Z 1785087544
2026-07-26T17:40:04Z 1785087604
2026-07-26T17:41:04Z 1785087664
2026-07-26T17:42:04Z 1785087724
2026-07-26T17:43:04Z 1785087784
2026-07-26T17:44:04Z 1785087844
2026-07-26T17:45:04Z 1785087904
2026-07-26T17:46:04Z 1785087964
2026-07-26T17:47:04Z 1785088024
2026-07-26T17:48:04Z 1785088084
2026-07-26T17:49:04Z 1785088144
2026-07-26T17:50:04Z 1785088204
2026-07-26T17:51:04Z 1785088264
2026-07-26T17:52:04Z 1785088324
2026-07-26T17:53:04Z 1785088384
2026-07-26T17:54:04Z 1785088444
2026-07-26T17:55:04Z 1785088504
2026-07-26T17:56:04Z 1785088564
2026-07-26T17:57:04Z 1785088624
2026-07-26T17:58:04Z 1785088684
2026-07-26T17:59:04Z 1785088744
2026-07-26T18:00:04Z 1785088804
2026-07-26T18:01:04Z 1785088864
2026-07-26T18:02:04Z 1785088924
2026-07-26T18:03:04Z 1785088984
2026-07-26T18:04:04Z 1785089044
2026-07-26T18:05:04Z 1785089104
2026-07-26T18:06:04Z 1785089164
2026-07-26T18:07:04Z 1785089224
2026-07-26T18:08:04Z 1785089284
2026-07-26T18:09:04Z 1785089344
2026-07-26T18:10:04Z 1785089404
2026-07-26T18:11:04Z 1785089464
2026-07-26T18:12:04Z 1785089524
2026-07-26T18:13:04Z 1785089584
2026-07-26T18:14:04Z 1785089644
2026-07-26T18:15:04Z 1785089704
2026-07-26T18:16:04Z 1785089764
2026-07-26T18:17:04Z 1785089824
2026-07-26T18:18:04Z 1785089884
2026-07-26T18:19:04Z 1785089944
2026-07-26T18:20:04Z 1785090004
2026-07-26T18:21:04Z 1785090064
2026-07-26T18:22:04Z 1785090124
2026-07-26T18:23:04Z 1785090184
2026-07-26T18:24:04Z 1785090244
2026-07-26T18:25:04Z 1785090304
2026-07-26T18:26:04Z 1785090364
2026-07-26T18:27:04Z 1785090424
2026-07-26T18:28:04Z 1785090484
2026-07-26T18:29:04Z 1785090544
2026-07-26T18:30:04Z 1785090604
2026-07-26T18:31:04Z 1785090664
2026-07-26T18:32:04Z 1785090724
2026-07-26T18:33:04Z 1785090784
2026-07-26T18:34:04Z 1785090844
2026-07-26T18:35:04Z 1785090904
2026-07-26T18:36:04Z 1785090964
2026-07-26T18:37:04Z 1785091024
2026-07-26T18:38:04Z 1785091084
2026-07-26T18:39:04Z 1785091144
2026-07-26T18:40:04Z 1785091204
2026-07-26T18:41:04Z 1785091264
2026-07-26T18:42:04Z 1785091324
2026-07-26T18:43:04Z 1785091384
2026-07-26T18:44:04Z 1785091444
2026-07-26T18:45:04Z 1785091504
2026-07-26T18:46:04Z 1785091564
2026-07-26T18:47:04Z 1785091624
2026-07-26T18:48:04Z 1785091684
2026-07-26T18:49:04Z 1785091744
2026-07-26T18:50:04Z 1785091804
2026-07-26T18:51:04Z 1785091864
2026-07-26T18:52:04Z 1785091924
2026-07-26T18:53:04Z 1785091984
2026-07-26T18:54:04Z 1785092044
2026-07-26T18:55:04Z 1785092104
2026-07-26T18:56:04Z 1785092164
2026-07-26T18:57:04Z 1785092224
2026-07-26T18:58:04Z 1785092284
2026-07-26T18:59:04Z 1785092344
2026-07-26T19:00:04Z 1785092404
2026-07-26T19:01:04Z 1785092464
2026-07-26T19:02:04Z 1785092524
2026-07-26T19:03:04Z 1785092584
2026-07-26T19:04:04Z 1785092644
2026-07-26T19:05:04Z 1785092704
2026-07-26T19:06:04Z 1785092764
2026-07-26T19:07:04Z 1785092824
2026-07-26T19:08:04Z 1785092884
2026-07-26T19:09:04Z 1785092944
2026-07-26T19:10:04Z 1785093004
2026-07-26T19:11:04Z 1785093064
2026-07-26T19:12:04Z 1785093124
2026-07-26T19:13:04Z 1785093184
2026-07-26T19:14:04Z 1785093244
2026-07-26T19:15:04Z 1785093304
2026-07-26T19:16:04Z 1785093364
2026-07-26T19:17:04Z 1785093424
2026-07-26T19:18:04Z 1785093484
2026-07-26T19:19:04Z 1785093544
2026-07-26T19:20:04Z 1785093604
2026-07-26T19:21:04Z 1785093664
2026-07-26T19:22:04Z 1785093724
2026-07-26T19:23:04Z 1785093784
2026-07-26T19:24:04Z 1785093844
2026-07-26T19:25:04Z 1785093904
2026-07-26T19:26:04Z 1785093964
2026-07-26T19:27:04Z 1785094024
2026-07-26T19:28:04Z 1785094084
2026-07-26T19:29:04Z 1785094144
2026-07-26T19:30:04Z 1785094204
2026-07-26T19:31:04Z 1785094264
2026-07-26T19:32:04Z 1785094324
2026-07-26T19:33:04Z 1785094384
2026-07-26T19:34:04Z 1785094444
2026-07-26T19:35:04Z 1785094504
2026-07-26T19:36:04Z 1785094564
2026-07-26T19:37:04Z 1785094624
2026-07-26T19:38:04Z 1785094684
2026-07-26T19:39:04Z 1785094744
2026-07-26T19:40:04Z 1785094804
2026-07-26T19:41:04Z 1785094864
2026-07-26T19:42:04Z 1785094924
2026-07-26T19:43:04Z 1785094984
2026-07-26T19:44:04Z 1785095044
2026-07-26T19:45:04Z 1785095104
2026-07-26T19:46:04Z 1785095164
2026-07-26T19:47:04Z 1785095224
2026-07-26T19:48:04Z 1785095284
2026-07-26T19:49:04Z 1785095344
2026-07-26T19:50:04Z 1785095404
2026-07-26T19:51:04Z 1785095464
2026-07-26T19:52:04Z 1785095524
2026-07-26T19:53:04Z 1785095584
2026-07-26T19:54:04Z 1785095644
2026-07-26T19:55:04Z 1785095704
2026-07-26T19:56:04Z 1785095764
2026-07-26T19:57:04Z 1785095824
2026-07-26T19:58:04Z 1785095884
2026-07-26T19:59:04Z 1785095944
2026-07-26T20:00:04Z 1785096004
2026-07-26T20:01:04Z 1785096064
2026-07-26T20:02:04Z 1785096124
2026-07-26T20:03:04Z 1785096184
2026-07-26T20:04:04Z 1785096244
2026-07-26T20:05:04Z 1785096304
2026-07-26T20:06:04Z 1785096364
2026-07-26T20:07:04Z 1785096424
2026-07-26T20:08:04Z 1785096484
2026-07-26T20:09:04Z 1785096544
2026-07-26T20:10:04Z 1785096604
2026-07-26T20:11:04Z 1785096664
2026-07-26T20:12:04Z 1785096724
2026-07-26T20:13:04Z 1785096784
2026-07-26T20:14:04Z 1785096844
2026-07-26T20:15:04Z 1785096904
2026-07-26T20:16:04Z 1785096964
2026-07-26T20:17:04Z 1785097024
2026-07-26T20:18:04Z 1785097084
2026-07-26T20:19:04Z 1785097144
2026-07-26T20:20:04Z 1785097204
2026-07-26T20:21:04Z 1785097264
2026-07-26T20:22:04Z 1785097324
2026-07-26T20:23:04Z 1785097384
2026-07-26T20:24:04Z 1785097444
2026-07-26T20:25:04Z 1785097504
2026-07-26T20:26:04Z 1785097564
2026-07-26T20:27:04Z 1785097624
2026-07-26T20:28:04Z 1785097684
2026-07-26T20:29:04Z 1785097744
2026-07-26T20:30:04Z 1785097804
2026-07-26T20:31:04Z 1785097864
2026-07-26T20:32:04Z 1785097924
2026-07-26T20:33:04Z 1785097984
2026-07-26T20:34:04Z 1785098044
2026-07-26T20:35:04Z 1785098104
2026-07-26T20:36:04Z 1785098164
2026-07-26T20:37:04Z 1785098224
2026-07-26T20:38:04Z 1785098284
2026-07-26T20:39:04Z 1785098344
2026-07-26T20:40:04Z 1785098404
2026-07-26T20:41:04Z 1785098464
2026-07-26T20:42:04Z 1785098524
2026-07-26T20:43:04Z 1785098584
2026-07-26T20:44:04Z 1785098644
2026-07-26T20:45:04Z 1785098704
2026-07-26T20:46:04Z 1785098764
2026-07-26T20:47:04Z 1785098824
2026-07-26T20:48:04Z 1785098884
2026-07-26T20:49:04Z 1785098944
2026-07-26T20:50:04Z 1785099004
2026-07-26T20:51:04Z 1785099064
2026-07-26T20:52:04Z 1785099124
2026-07-26T20:53:04Z 1785099184
2026-07-26T20:54:04Z 1785099244
2026-07-26T20:55:04Z 1785099304
2026-07-26T20:56:04Z 1785099364
2026-07-26T20:57:04Z 1785099424
2026-07-26T20:58:04Z 1785099484
2026-07-26T20:59:04Z 1785099544
2026-07-26T21:00:04Z 1785099604
2026-07-26T21:01:04Z 1785099664
2026-07-26T21:02:04Z 1785099724
2026-07-26T21:03:04Z 1785099784
2026-07-26T21:04:04Z 1785099844
2026-07-26T21:05:04Z 1785099904
2026-07-26T21:06:04Z 1785099964
2026-07-26T21:07:04Z 1785100024
2026-07-26T21:08:04Z 1785100084
2026-07-26T21:09:04Z 1785100144
2026-07-26T21:10:04Z 1785100204
2026-07-26T21:11:04Z 1785100264
2026-07-26T21:12:04Z 1785100324
2026-07-26T21:13:04Z 1785100384
2026-07-26T21:14:04Z 1785100444
2026-07-26T21:15:04Z 1785100504
2026-07-26T21:16:04Z 1785100564
2026-07-26T21:17:04Z 1785100624
2026-07-26T21:18:04Z 1785100684
2026-07-26T21:19:04Z 1785100744
2026-07-26T21:20:04Z 1785100804
2026-07-26T21:21:04Z 1785100864
2026-07-26T21:22:04Z 1785100924
2026-07-26T21:23:04Z 1785100984
2026-07-26T21:24:04Z 1785101044
2026-07-26T21:25:04Z 1785101104
2026-07-26T21:26:04Z 1785101164
2026-07-26T21:27:04Z 1785101224
2026-07-26T21:28:04Z 1785101284
2026-07-26T21:29:04Z 1785101344
2026-07-26T21:30:04Z 1785101404
2026-07-26T21:31:04Z 1785101464
2026-07-26T21:32:04Z 1785101524
2026-07-26T21:33:04Z 1785101584
2026-07-26T21:34:04Z 1785101644
2026-07-26T21:35:04Z 1785101704
2026-07-26T21:36:04Z 1785101764
2026-07-26T21:37:04Z 1785101824
2026-07-26T21:38:04Z 1785101884
2026-07-26T21:39:04Z 1785101944
2026-07-26T21:40:04Z 1785102004
2026-07-26T21:41:04Z 1785102064
2026-07-26T21:42:04Z 1785102124
2026-07-26T21:43:04Z 1785102184
2026-07-26T21:44:04Z 1785102244
2026-07-26T21:45:04Z 1785102304
2026-07-26T21:46:04Z 1785102364
2026-07-26T21:47:04Z 1785102424
2026-07-26T21:48:04Z 1785102484
2026-07-26T21:49:04Z 1785102544
2026-07-26T21:50:04Z 1785102604
2026-07-26T21:51:04Z 1785102664
2026-07-26T21:52:04Z 1785102724
2026-07-26T21:53:04Z 1785102784
2026-07-26T21:54:04Z 1785102844
2026-07-26T21:55:04Z 1785102904
2026-07-26T21:56:04Z 1785102964
2026-07-26T21:57:04Z 1785103024
2026-07-26T21:58:04Z 1785103084
2026-07-26T21:59:04Z 1785103144
2026-07-26T22:00:04Z 1785103204
2026-07-26T22:01:04Z 1785103264
2026-07-26T22:02:04Z 1785103324
2026-07-26T22:03:04Z 1785103384
2026-07-26T22:04:04Z 1785103444
2026-07-26T22:05:04Z 1785103504
2026-07-26T22:06:04Z 1785103564
2026-07-26T22:07:04Z 1785103624
2026-07-26T22:08:04Z 1785103684
2026-07-26T22:09:04Z 1785103744
2026-07-26T22:10:04Z 1785103804
2026-07-26T22:11:04Z 1785103864
2026-07-26T22:12:04Z 1785103924
2026-07-26T22:13:04Z 1785103984
2026-07-26T22:14:04Z 1785104044
2026-07-26T22:15:04Z 1785104104
2026-07-26T22:16:04Z 1785104164
2026-07-26T22:17:04Z 1785104224
2026-07-26T22:18:04Z 1785104284
2026-07-26T22:19:04Z 1785104344
2026-07-26T22:20:04Z 1785104404
2026-07-26T22:21:04Z 1785104464
2026-07-26T22:22:04Z 1785104524
2026-07-26T22:23:04Z 1785104584
2026-07-26T22:24:04Z 1785104644
2026-07-26T22:25:04Z 1785104704
2026-07-26T22:26:04Z 1785104764
2026-07-26T22:27:04Z 1785104824
2026-07-26T22:28:04Z 1785104884
2026-07-26T22:29:04Z 1785104944
2026-07-26T22:30:04Z 1785105004
2026-07-26T22:31:04Z 1785105064
2026-07-26T22:32:04Z 1785105124
2026-07-26T22:33:04Z 1785105184
2026-07-26T22:34:04Z 1785105244
2026-07-26T22:35:04Z 1785105304
2026-07-26T22:36:04Z 1785105364
2026-07-26T22:37:04Z 1785105424
2026-07-26T22:38:04Z 1785105484
2026-07-26T22:39:04Z 1785105544
2026-07-26T22:40:04Z 1785105604
2026-07-26T22:41:04Z 1785105664
2026-07-26T22:42:04Z 1785105724
2026-07-26T22:43:04Z 1785105784
2026-07-26T22:44:04Z 1785105844
2026-07-26T22:45:04Z 1785105904
2026-07-26T22:46:04Z 1785105964
2026-07-26T22:47:04Z 1785106024
2026-07-26T22:48:04Z 1785106084
2026-07-26T22:49:04Z 1785106144
2026-07-26T22:50:04Z 1785106204
2026-07-26T22:51:04Z 1785106264
2026-07-26T22:52:04Z 1785106324
2026-07-26T22:53:04Z 1785106384
2026-07-26T22:54:04Z 1785106444
2026-07-26T22:55:04Z 1785106504
2026-07-26T22:56:04Z 1785106564
2026-07-26T22:57:04Z 1785106624
2026-07-26T22:58:04Z 1785106684
2026-07-26T22:59:04Z 1785106744
2026-07-26T23:00:04Z 1785106804
2026-07-26T23:01:04Z 1785106864
2026-07-26T23:02:04Z 1785106924
2026-07-26T23:03:04Z 1785106984
2026-07-26T23:04:04Z 1785107044
2026-07-26T23:05:04Z 1785107104
2026-07-26T23:06:04Z 1785107164
2026-07-26T23:07:04Z 1785107224
2026-07-26T23:08:04Z 1785107284
2026-07-26T23:09:04Z 1785107344
2026-07-26T23:10:04Z 1785107404
2026-07-26T23:11:04Z 1785107464
2026-07-26T23:12:04Z 1785107524
2026-07-26T23:13:04Z 1785107584
2026-07-26T23:14:04Z 1785107644
2026-07-26T23:15:04Z 1785107704
2026-07-26T23:16:04Z 1785107764
2026-07-26T23:17:04Z 1785107824
2026-07-26T23:18:04Z 1785107884
2026-07-26T23:19:04Z 1785107944
2026-07-26T23:20:04Z 1785108004
2026-07-26T23:21:04Z 1785108064
2026-07-26T23:22:04Z 1785108124
2026-07-26T23:23:04Z 1785108184
2026-07-26T23:24:04Z 1785108244
2026-07-26T23:25:04Z 1785108304
2026-07-26T23:26:04Z 1785108364
2026-07-26T23:27:04Z 1785108424
2026-07-26T23:28:04Z 1785108484
2026-07-26T23:29:04Z 1785108544
2026-07-26T23:30:04Z 1785108604
2026-07-26T23:31:04Z 1785108664
2026-07-26T23:32:04Z 1785108724
2026-07-26T23:33:04Z 1785108784
2026-07-26T23:34:04Z 1785108844
2026-07-26T23:35:04Z 1785108904
2026-07-26T23:36:04Z 1785108964
2026-07-26T23:37:04Z 1785109024
2026-07-26T23:38:04Z 1785109084
2026-07-26T23:39:04Z 1785109144
2026-07-26T23:40:04Z 1785109204
2026-07-26T23:41:04Z 1785109264
2026-07-26T23:42:04Z 1785109324
2026-07-26T23:43:04Z 1785109384
2026-07-26T23:44:04Z 1785109444
2026-07-26T23:45:04Z 1785109504
2026-07-26T23:46:04Z 1785109564
2026-07-26T23:47:04Z 1785109624
2026-07-26T23:48:04Z 1785109684
2026-07-26T23:49:04Z 1785109744
2026-07-26T23:50:04Z 1785109804
2026-07-26T23:51:04Z 1785109864
2026-07-26T23:52:04Z 1785109924
2026-07-26T23:53:04Z 1785109984
2026-07-26T23:54:04Z 1785110044
2026-07-26T23:55:04Z 1785110104
2026-07-26T23:56:04Z 1785110164
2026-07-26T23:57:04Z 1785110224
2026-07-26T23:58:04Z 1785110284
2026-07-26T23:59:04Z 1785110344
2026-07-27T00:00:04Z 1785110404
2026-07-27T00:01:04Z 1785110464
2026-07-27T00:02:04Z 1785110524
2026-07-27T00:03:04Z 1785110584
2026-07-27T00:04:04Z 1785110644
2026-07-27T00:05:04Z 1785110704
2026-07-27T00:06:04Z 1785110764
2026-07-27T00:07:04Z 1785110824
2026-07-27T00:08:04Z 1785110884
2026-07-27T00:09:04Z 1785110944
2026-07-27T00:10:04Z 1785111004
2026-07-27T00:11:04Z 1785111064
2026-07-27T00:12:04Z 1785111124
2026-07-27T00:13:04Z 1785111184
2026-07-27T00:14:04Z 1785111244
2026-07-27T00:15:04Z 1785111304
2026-07-27T00:16:04Z 1785111364
2026-07-27T00:17:04Z 1785111424
2026-07-27T00:18:04Z 1785111484
2026-07-27T00:19:04Z 1785111544
2026-07-27T00:20:04Z 1785111604
2026-07-27T00:21:04Z 1785111664
2026-07-27T00:22:04Z 1785111724
2026-07-27T00:23:04Z 1785111784
2026-07-27T00:24:04Z 1785111844
2026-07-27T00:25:04Z 1785111904
2026-07-27T00:26:04Z 1785111964
2026-07-27T00:27:04Z 1785112024
2026-07-27T00:28:04Z 1785112084
2026-07-27T00:29:04Z 1785112144
2026-07-27T00:30:04Z 1785112204
2026-07-27T00:31:04Z 1785112264
2026-07-27T00:32:04Z 1785112324
2026-07-27T00:33:04Z 1785112384
2026-07-27T00:34:04Z 1785112444
2026-07-27T00:35:04Z 1785112504
2026-07-27T00:36:04Z 1785112564
2026-07-27T00:37:04Z 1785112624
2026-07-27T00:38:04Z 1785112684
2026-07-27T00:39:04Z 1785112744
2026-07-27T00:40:04Z 1785112804
2026-07-27T00:41:04Z 1785112864
2026-07-27T00:42:04Z 1785112924
2026-07-27T00:43:04Z 1785112984
2026-07-27T00:44:04Z 1785113044
2026-07-27T00:45:04Z 1785113104
2026-07-27T00:46:04Z 1785113164
2026-07-27T00:47:04Z 1785113224
2026-07-27T00:48:04Z 1785113284
2026-07-27T00:49:04Z 1785113344
2026-07-27T00:50:04Z 1785113404
2026-07-27T00:51:04Z 1785113464
2026-07-27T00:52:04Z 1785113524
2026-07-27T00:53:04Z 1785113584
2026-07-27T00:54:04Z 1785113644
2026-07-27T00:55:04Z 1785113704
2026-07-27T00:56:04Z 1785113764
2026-07-27T00:57:04Z 1785113824
2026-07-27T00:58:04Z 1785113884
2026-07-27T00:59:04Z 1785113944
2026-07-27T01:00:04Z 1785114004
2026-07-27T01:01:04Z 1785114064
2026-07-27T01:02:04Z 1785114124
2026-07-27T01:03:04Z 1785114184
2026-07-27T01:04:04Z 1785114244
2026-07-27T01:05:04Z 1785114304
2026-07-27T01:06:04Z 1785114364
2026-07-27T01:07:04Z 1785114424
2026-07-27T01:08:04Z 1785114484
2026-07-27T01:09:04Z 1785114544
2026-07-27T01:10:04Z 1785114604
2026-07-27T01:11:04Z 1785114664
2026-07-27T01:12:04Z 1785114724
2026-07-27T01:13:04Z 1785114784
2026-07-27T01:14:04Z 1785114844
2026-07-27T01:15:04Z 1785114904
2026-07-27T01:16:04Z 1785114964
2026-07-27T01:17:04Z 1785115024
2026-07-27T01:18:04Z 1785115084
2026-07-27T01:19:04Z 1785115144
2026-07-27T01:20:04Z 1785115204
2026-07-27T01:21:04Z 1785115264
2026-07-27T01:22:04Z 1785115324
2026-07-27T01:23:04Z 1785115384
2026-07-27T01:24:04Z 1785115444
2026-07-27T01:25:04Z 1785115504
2026-07-27T01:26:04Z 1785115564
2026-07-27T01:27:04Z 1785115624
2026-07-27T01:28:04Z 1785115684
2026-07-27T01:29:04Z 1785115744
2026-07-27T01:30:04Z 1785115804
2026-07-27T01:31:04Z 1785115864
2026-07-27T01:32:04Z 1785115924
2026-07-27T01:33:04Z 1785115984
2026-07-27T01:34:04Z 1785116044
2026-07-27T01:35:04Z 1785116104
2026-07-27T01:36:04Z 1785116164
2026-07-27T01:37:04Z 1785116224
2026-07-27T01:38:04Z 1785116284
2026-07-27T01:39:04Z 1785116344
2026-07-27T01:40:04Z 1785116404
2026-07-27T01:41:04Z 1785116464
2026-07-27T01:42:04Z 1785116524
2026-07-27T01:43:04Z 1785116584
2026-07-27T01:44:04Z 1785116644
2026-07-27T01:45:04Z 1785116704
2026-07-27T01:46:04Z 1785116764
2026-07-27T01:47:04Z 1785116824
2026-07-27T01:48:04Z 1785116884
2026-07-27T01:49:04Z 1785116944
2026-07-27T01:50:04Z 1785117004
2026-07-27T01:51:04Z 1785117064
2026-07-27T01:52:04Z 1785117124
2026-07-27T01:53:04Z 1785117184
2026-07-27T01:54:04Z 1785117244
2026-07-27T01:55:04Z 1785117304
2026-07-27T01:56:04Z 1785117364
2026-07-27T01:57:04Z 1785117424
2026-07-27T01:58:04Z 1785117484
2026-07-27T01:59:04Z 1785117544
2026-07-27T02:00:00Z 1785117600
2026-07-27T02:01:04Z 1785117664
2026-07-27T02:02:04Z 1785117724
2026-07-27T02:03:04Z 1785117784
2026-07-27T02:04:04Z 1785117844
2026-07-27T02:05:00Z 1785117900
2026-07-27T02:06:04Z 1785117964
2026-07-27T02:07:04Z 1785118024
2026-07-27T02:08:04Z 1785118084
2026-07-27T02:09:04Z 1785118144
2026-07-27T02:10:00Z 1785118200
2026-07-27T02:11:04Z 1785118264
2026-07-27T02:12:04Z 1785118324
2026-07-27T02:13:04Z 1785118384
2026-07-27T02:14:04Z 1785118444
2026-07-27T02:15:00Z 1785118500
2026-07-27T02:16:04Z 1785118564
2026-07-27T02:17:04Z 1785118624
2026-07-27T02:18:04Z 1785118684
2026-07-27T02:19:04Z 1785118744
2026-07-27T02:20:00Z 1785118800
2026-07-27T02:21:04Z 1785118864
2026-07-27T02:22:04Z 1785118924
2026-07-27T02:23:04Z 1785118984
2026-07-27T02:24:04Z 1785119044
2026-07-27T02:25:00Z 1785119100
2026-07-27T02:26:04Z 1785119164
2026-07-27T02:27:04Z 1785119224
2026-07-27T02:28:04Z 1785119284
2026-07-27T02:29:04Z 1785119344
2026-07-27T02:30:01Z 1785119401
2026-07-27T02:31:04Z 1785119464
2026-07-27T02:32:04Z 1785119524
2026-07-27T02:33:04Z 1785119584
2026-07-27T02:34:04Z 1785119644
2026-07-27T02:35:01Z 1785119701
2026-07-27T02:36:04Z 1785119764
2026-07-27T02:37:04Z 1785119824
2026-07-27T02:38:04Z 1785119884
2026-07-27T02:39:04Z 1785119944
2026-07-27T02:40:01Z 1785120001
2026-07-27T02:41:04Z 1785120064
2026-07-27T02:42:04Z 1785120124
2026-07-27T02:43:04Z 1785120184
2026-07-27T02:44:04Z 1785120244
2026-07-27T02:45:01Z 1785120301
2026-07-27T02:46:04Z 1785120364
2026-07-27T02:47:04Z 1785120424
2026-07-27T02:48:04Z 1785120484
2026-07-27T02:49:04Z 1785120544
2026-07-27T02:50:01Z 1785120601
2026-07-27T02:51:04Z 1785120664
2026-07-27T02:52:04Z 1785120724
2026-07-27T02:53:04Z 1785120784
2026-07-27T02:54:04Z 1785120844
2026-07-27T02:55:02Z 1785120902
2026-07-27T02:56:04Z 1785120964
2026-07-27T02:57:04Z 1785121024
2026-07-27T02:58:04Z 1785121084
2026-07-27T02:59:04Z 1785121144
2026-07-27T03:00:02Z 1785121202
2026-07-27T03:01:04Z 1785121264
2026-07-27T03:02:04Z 1785121324
2026-07-27T03:03:04Z 1785121384
2026-07-27T03:04:04Z 1785121444
2026-07-27T03:05:02Z 1785121502
2026-07-27T03:06:04Z 1785121564
2026-07-27T03:07:04Z 1785121624
2026-07-27T03:08:04Z 1785121684
2026-07-27T03:09:04Z 1785121744
2026-07-27T03:10:02Z 1785121802
2026-07-27T03:11:04Z 1785121864
2026-07-27T03:12:04Z 1785121924
2026-07-27T03:13:04Z 1785121984
2026-07-27T03:14:04Z 1785122044
2026-07-27T03:15:02Z 1785122102
2026-07-27T03:16:04Z 1785122164
2026-07-27T03:17:04Z 1785122224
2026-07-27T03:18:04Z 1785122284
2026-07-27T03:19:04Z 1785122344
2026-07-27T03:20:02Z 1785122402
2026-07-27T03:21:04Z 1785122464
2026-07-27T03:22:04Z 1785122524
2026-07-27T03:23:04Z 1785122584
2026-07-27T03:24:04Z 1785122644
2026-07-27T03:25:03Z 1785122703
2026-07-27T03:26:04Z 1785122764
2026-07-27T03:27:04Z 1785122824
2026-07-27T03:28:04Z 1785122884
2026-07-27T03:29:04Z 1785122944
2026-07-27T03:30:03Z 1785123003
2026-07-27T03:31:04Z 1785123064
2026-07-27T03:32:04Z 1785123124
2026-07-27T03:33:04Z 1785123184
2026-07-27T03:34:04Z 1785123244
2026-07-27T03:35:03Z 1785123303
2026-07-27T03:36:04Z 1785123364
2026-07-27T03:37:04Z 1785123424
2026-07-27T03:38:04Z 1785123484
2026-07-27T03:39:04Z 1785123544
2026-07-27T03:40:03Z 1785123603
2026-07-27T03:41:04Z 1785123664
2026-07-27T03:42:04Z 1785123724
2026-07-27T03:43:04Z 1785123784
2026-07-27T03:44:04Z 1785123844
2026-07-27T03:45:03Z 1785123903
2026-07-27T03:46:04Z 1785123964
2026-07-27T03:47:04Z 1785124024
2026-07-27T03:48:04Z 1785124084
2026-07-27T03:49:04Z 1785124144
2026-07-27T03:50:03Z 1785124204
2026-07-27T03:51:04Z 1785124264
2026-07-27T03:52:04Z 1785124324
2026-07-27T03:53:04Z 1785124384
2026-07-27T03:54:04Z 1785124444
2026-07-27T03:55:04Z 1785124504
2026-07-27T03:56:04Z 1785124564
2026-07-27T03:57:04Z 1785124624
2026-07-27T03:58:04Z 1785124684
2026-07-27T03:59:04Z 1785124744
2026-07-27T04:00:04Z 1785124804
2026-07-27T04:01:04Z 1785124864
2026-07-27T04:02:04Z 1785124924
2026-07-27T04:03:04Z 1785124984
2026-07-27T04:04:04Z 1785125044
2026-07-27T04:05:04Z 1785125104
2026-07-27T04:06:04Z 1785125164
2026-07-27T04:07:04Z 1785125224
2026-07-27T04:08:04Z 1785125284
2026-07-27T04:09:04Z 1785125344
2026-07-27T04:10:04Z 1785125404
2026-07-27T04:11:04Z 1785125464
2026-07-27T04:12:04Z 1785125524
2026-07-27T04:13:04Z 1785125584
2026-07-27T04:14:04Z 1785125644
2026-07-27T04:15:04Z 1785125704
2026-07-27T04:16:04Z 1785125764
2026-07-27T04:17:04Z 1785125824
2026-07-27T04:18:04Z 1785125884
2026-07-27T04:19:04Z 1785125944
2026-07-27T04:20:04Z 1785126004
2026-07-27T04:21:04Z 1785126064
2026-07-27T04:22:04Z 1785126124
2026-07-27T04:23:04Z 1785126184
2026-07-27T04:24:04Z 1785126244
2026-07-27T04:25:04Z 1785126304
2026-07-27T04:26:04Z 1785126364
2026-07-27T04:27:04Z 1785126424
2026-07-27T04:28:04Z 1785126484
2026-07-27T04:29:04Z 1785126544
2026-07-27T04:30:04Z 1785126604
2026-07-27T04:31:04Z 1785126664
2026-07-27T04:32:04Z 1785126724
2026-07-27T04:33:04Z 1785126784
2026-07-27T04:34:04Z 1785126844
2026-07-27T04:35:04Z 1785126904
2026-07-27T04:36:04Z 1785126964
2026-07-27T04:37:04Z 1785127024
2026-07-27T04:38:04Z 1785127084
2026-07-27T04:39:04Z 1785127144
2026-07-27T04:40:04Z 1785127204
2026-07-27T04:41:04Z 1785127264
2026-07-27T04:42:04Z 1785127324
2026-07-27T04:43:04Z 1785127384
2026-07-27T04:44:04Z 1785127444
2026-07-27T04:45:04Z 1785127504
2026-07-27T04:46:04Z 1785127564
2026-07-27T04:47:04Z 1785127624
2026-07-27T04:48:04Z 1785127684
2026-07-27T04:49:04Z 1785127744
2026-07-27T04:50:04Z 1785127804
2026-07-27T04:51:04Z 1785127864
2026-07-27T04:52:04Z 1785127924
2026-07-27T04:53:04Z 1785127984
2026-07-27T04:54:04Z 1785128044
2026-07-27T04:55:04Z 1785128104
2026-07-27T04:56:04Z 1785128164
2026-07-27T04:57:04Z 1785128224
2026-07-27T04:58:04Z 1785128284
2026-07-27T04:59:04Z 1785128344
2026-07-27T05:00:04Z 1785128404
2026-07-27T05:01:04Z 1785128464
2026-07-27T05:02:04Z 1785128524
2026-07-27T05:03:04Z 1785128584
2026-07-27T05:04:04Z 1785128644
2026-07-27T05:05:04Z 1785128704
2026-07-27T05:06:04Z 1785128764
2026-07-27T05:07:04Z 1785128824
2026-07-27T05:08:04Z 1785128884
2026-07-27T05:09:04Z 1785128944
2026-07-27T05:10:04Z 1785129004
2026-07-27T05:11:04Z 1785129064
2026-07-27T05:12:04Z 1785129124
2026-07-27T05:13:04Z 1785129184
2026-07-27T05:14:04Z 1785129244
2026-07-27T05:15:04Z 1785129304
2026-07-27T05:16:04Z 1785129364
2026-07-27T05:17:04Z 1785129424
2026-07-27T05:18:04Z 1785129484
2026-07-27T05:19:04Z 1785129544
2026-07-27T05:20:04Z 1785129604
2026-07-27T05:21:04Z 1785129664
2026-07-27T05:22:04Z 1785129724
2026-07-27T05:23:04Z 1785129784
2026-07-27T05:24:04Z 1785129844
2026-07-27T05:25:04Z 1785129904
2026-07-27T05:26:04Z 1785129964
2026-07-27T05:27:04Z 1785130024
2026-07-27T05:28:04Z 1785130084
2026-07-27T05:29:04Z 1785130144
2026-07-27T05:30:04Z 1785130204
2026-07-27T05:31:04Z 1785130264
2026-07-27T05:32:04Z 1785130324
2026-07-27T05:33:04Z 1785130384
2026-07-27T05:34:04Z 1785130444
2026-07-27T05:35:04Z 1785130504
2026-07-27T05:36:04Z 1785130564
2026-07-27T05:37:04Z 1785130624
2026-07-27T05:38:04Z 1785130684
2026-07-27T05:39:04Z 1785130744
2026-07-27T05:40:04Z 1785130804
2026-07-27T05:41:04Z 1785130864
2026-07-27T05:42:04Z 1785130924
2026-07-27T05:43:04Z 1785130984
2026-07-27T05:44:04Z 1785131044
2026-07-27T05:45:04Z 1785131104
2026-07-27T05:46:04Z 1785131164
2026-07-27T05:47:04Z 1785131224
2026-07-27T05:48:04Z 1785131284
2026-07-27T05:49:04Z 1785131344
2026-07-27T05:50:04Z 1785131404
2026-07-27T05:51:04Z 1785131464
2026-07-27T05:52:04Z 1785131524
2026-07-27T05:53:04Z 1785131584
2026-07-27T05:54:04Z 1785131644
2026-07-27T05:55:04Z 1785131704
2026-07-27T05:56:04Z 1785131764
2026-07-27T05:57:04Z 1785131824
2026-07-27T05:58:04Z 1785131884
2026-07-27T05:59:04Z 1785131944
2026-07-27T06:00:04Z 1785132004
2026-07-27T06:01:04Z 1785132064
2026-07-27T06:02:04Z 1785132124
2026-07-27T06:03:04Z 1785132184
2026-07-27T06:04:04Z 1785132244
2026-07-27T06:05:04Z 1785132304
2026-07-27T06:06:04Z 1785132364
2026-07-27T06:07:04Z 1785132424
2026-07-27T06:08:04Z 1785132484
2026-07-27T06:09:04Z 1785132544
2026-07-27T06:10:04Z 1785132604
2026-07-27T06:11:04Z 1785132664
2026-07-27T06:12:04Z 1785132724
2026-07-27T06:13:04Z 1785132784
2026-07-27T06:14:04Z 1785132844
2026-07-27T06:15:04Z 1785132904
2026-07-27T06:16:04Z 1785132964
2026-07-27T06:17:04Z 1785133024
2026-07-27T06:18:04Z 1785133084
2026-07-27T06:19:04Z 1785133144
2026-07-27T06:20:04Z 1785133204
2026-07-27T06:21:04Z 1785133264
2026-07-27T06:22:04Z 1785133324
2026-07-27T06:23:04Z 1785133384
2026-07-27T06:24:04Z 1785133444
2026-07-27T06:25:04Z 1785133504
2026-07-27T06:26:04Z 1785133564
2026-07-27T06:27:04Z 1785133624
2026-07-27T06:28:04Z 1785133684
2026-07-27T06:29:04Z 1785133744
2026-07-27T06:30:04Z 1785133804
2026-07-27T06:31:04Z 1785133864
2026-07-27T06:32:04Z 1785133924
2026-07-27T06:33:04Z 1785133984
2026-07-27T06:34:04Z 1785134044
2026-07-27T06:35:04Z 1785134104
2026-07-27T06:36:04Z 1785134164
2026-07-27T06:37:04Z 1785134224
2026-07-27T06:38:04Z 1785134284
2026-07-27T06:39:04Z 1785134344
2026-07-27T06:40:04Z 1785134404
2026-07-27T06:41:04Z 1785134464
2026-07-27T06:42:04Z 1785134524
2026-07-27T06:43:04Z 1785134584
2026-07-27T06:44:04Z 1785134644
2026-07-27T06:45:04Z 1785134704
2026-07-27T06:46:04Z 1785134764
2026-07-27T06:47:04Z 1785134824
2026-07-27T06:48:04Z 1785134884
2026-07-27T06:49:04Z 1785134944
2026-07-27T06:50:04Z 1785135004
2026-07-27T06:51:04Z 1785135064
2026-07-27T06:52:04Z 1785135124
2026-07-27T06:53:04Z 1785135184
2026-07-27T06:54:04Z 1785135244
2026-07-27T06:55:04Z 1785135304
2026-07-27T06:56:04Z 1785135364
2026-07-27T06:57:04Z 1785135424
2026-07-27T06:58:04Z 1785135484
2026-07-27T06:59:04Z 1785135544
2026-07-27T07:00:04Z 1785135604
2026-07-27T07:01:04Z 1785135664
2026-07-27T07:02:04Z 1785135724
2026-07-27T07:03:04Z 1785135784
2026-07-27T07:04:04Z 1785135844
2026-07-27T07:05:04Z 1785135904
2026-07-27T07:06:04Z 1785135964
2026-07-27T07:07:04Z 1785136024
2026-07-27T07:08:04Z 1785136084
2026-07-27T07:09:04Z 1785136144
2026-07-27T07:10:04Z 1785136204
2026-07-27T07:11:04Z 1785136264
2026-07-27T07:12:04Z 1785136324
2026-07-27T07:13:04Z 1785136384
2026-07-27T07:14:04Z 1785136444
2026-07-27T07:15:04Z 1785136504
2026-07-27T07:16:04Z 1785136564
2026-07-27T07:17:04Z 1785136624
2026-07-27T07:18:04Z 1785136684
2026-07-27T07:19:04Z 1785136744
2026-07-27T07:20:04Z 1785136804
2026-07-27T07:21:04Z 1785136864
2026-07-27T07:22:04Z 1785136924
2026-07-27T07:23:04Z 1785136984
2026-07-27T07:24:04Z 1785137044
2026-07-27T07:25:04Z 1785137104
2026-07-27T07:26:04Z 1785137164
2026-07-27T07:27:04Z 1785137224
2026-07-27T07:28:04Z 1785137284
2026-07-27T07:29:04Z 1785137344
2026-07-27T07:30:04Z 1785137404
2026-07-27T07:31:04Z 1785137464
2026-07-27T07:32:04Z 1785137524
2026-07-27T07:33:04Z 1785137584
2026-07-27T07:34:04Z 1785137644
2026-07-27T07:35:04Z 1785137704
2026-07-27T07:36:04Z 1785137764
2026-07-27T07:37:04Z 1785137824
2026-07-27T07:38:04Z 1785137884
2026-07-27T07:39:04Z 1785137944
2026-07-27T07:40:04Z 1785138004
2026-07-27T07:41:04Z 1785138064
2026-07-27T07:42:04Z 1785138124
2026-07-27T07:43:04Z 1785138184
2026-07-27T07:44:04Z 1785138244
2026-07-27T07:45:04Z 1785138304
2026-07-27T07:46:04Z 1785138364
2026-07-27T07:47:04Z 1785138424
2026-07-27T07:48:04Z 1785138484
2026-07-27T07:49:04Z 1785138544
2026-07-27T07:50:04Z 1785138604
2026-07-27T07:51:04Z 1785138664
2026-07-27T07:52:04Z 1785138724
2026-07-27T07:53:04Z 1785138784
2026-07-27T07:54:04Z 1785138844
2026-07-27T07:55:04Z 1785138904
2026-07-27T07:56:04Z 1785138964
2026-07-27T07:57:04Z 1785139024
2026-07-27T07:58:04Z 1785139084
2026-07-27T07:59:04Z 1785139144
2026-07-27T08:00:04Z 1785139204
2026-07-27T08:01:04Z 1785139264
2026-07-27T08:02:04Z 1785139324
2026-07-27T08:03:04Z 1785139384
2026-07-27T08:04:04Z 1785139444
2026-07-27T08:05:04Z 1785139504
2026-07-27T08:06:04Z 1785139564
2026-07-27T08:07:04Z 1785139624
2026-07-27T08:08:04Z 1785139684
2026-07-27T08:09:04Z 1785139744
2026-07-27T08:10:04Z 1785139804
2026-07-27T08:11:04Z 1785139864
2026-07-27T08:12:04Z 1785139924
2026-07-27T08:13:04Z 1785139984
2026-07-27T08:14:04Z 1785140044
2026-07-27T08:15:04Z 1785140104
2026-07-27T08:16:04Z 1785140164
2026-07-27T08:17:04Z 1785140224
2026-07-27T08:18:04Z 1785140284
2026-07-27T08:19:04Z 1785140344
2026-07-27T08:20:04Z 1785140404
2026-07-27T08:21:04Z 1785140464
2026-07-27T08:22:04Z 1785140524
2026-07-27T08:23:04Z 1785140584
2026-07-27T08:24:04Z 1785140644
2026-07-27T08:25:04Z 1785140704
2026-07-27T08:26:04Z 1785140764
2026-07-27T08:27:04Z 1785140824
2026-07-27T08:28:04Z 1785140884
2026-07-27T08:29:04Z 1785140944
2026-07-27T08:30:04Z 1785141004
2026-07-27T08:31:04Z 1785141064
2026-07-27T08:32:04Z 1785141124
2026-07-27T08:33:04Z 1785141184
2026-07-27T08:34:04Z 1785141244
2026-07-27T08:35:04Z 1785141304
2026-07-27T08:36:04Z 1785141364
2026-07-27T08:37:04Z 1785141424
2026-07-27T08:38:04Z 1785141484
2026-07-27T08:39:04Z 1785141544
2026-07-27T08:40:04Z 1785141604
2026-07-27T08:41:04Z 1785141664
2026-07-27T08:42:04Z 1785141724
2026-07-27T08:43:04Z 1785141784
2026-07-27T08:44:04Z 1785141844
2026-07-27T08:45:04Z 1785141904
2026-07-27T08:46:04Z 1785141964
2026-07-27T08:47:04Z 1785142024
2026-07-27T08:48:04Z 1785142084
2026-07-27T08:49:04Z 1785142144
2026-07-27T08:50:04Z 1785142204
2026-07-27T08:51:04Z 1785142264
2026-07-27T08:52:04Z 1785142324
2026-07-27T08:53:04Z 1785142384
2026-07-27T08:54:04Z 1785142444
2026-07-27T08:55:04Z 1785142504
2026-07-27T08:56:04Z 1785142564
2026-07-27T08:57:04Z 1785142624
2026-07-27T08:58:04Z 1785142684
2026-07-27T08:59:04Z 1785142744
2026-07-27T09:00:04Z 1785142804
2026-07-27T09:01:04Z 1785142864
2026-07-27T09:02:04Z 1785142924
2026-07-27T09:03:04Z 1785142984
2026-07-27T09:04:04Z 1785143044
2026-07-27T09:05:04Z 1785143104
2026-07-27T09:06:04Z 1785143164
2026-07-27T09:07:04Z 1785143224
2026-07-27T09:08:04Z 1785143284
2026-07-27T09:09:04Z 1785143344
2026-07-27T09:10:04Z 1785143404
2026-07-27T09:11:04Z 1785143464
2026-07-27T09:12:04Z 1785143524
2026-07-27T09:13:04Z 1785143584
2026-07-27T09:14:04Z 1785143644
2026-07-27T09:15:04Z 1785143704
2026-07-27T09:16:04Z 1785143764
2026-07-27T09:17:04Z 1785143824
2026-07-27T09:18:04Z 1785143884
2026-07-27T09:19:04Z 1785143944
2026-07-27T09:20:04Z 1785144004
2026-07-27T09:21:04Z 1785144064
2026-07-27T09:22:04Z 1785144124
2026-07-27T09:23:04Z 1785144184
2026-07-27T09:24:04Z 1785144244
2026-07-27T09:25:04Z 1785144304
2026-07-27T09:26:04Z 1785144364
2026-07-27T09:27:04Z 1785144424
2026-07-27T09:28:04Z 1785144484
2026-07-27T09:29:04Z 1785144544
2026-07-27T09:30:04Z 1785144604
2026-07-27T09:31:04Z 1785144664
2026-07-27T09:32:04Z 1785144724
2026-07-27T09:33:04Z 1785144784
2026-07-27T09:34:04Z 1785144844
2026-07-27T09:35:04Z 1785144904
2026-07-27T09:36:04Z 1785144964
2026-07-27T09:37:04Z 1785145024
2026-07-27T09:38:04Z 1785145084
2026-07-27T09:39:04Z 1785145144
2026-07-27T09:40:04Z 1785145204
2026-07-27T09:41:04Z 1785145264
2026-07-27T09:42:04Z 1785145324
2026-07-27T09:43:04Z 1785145384
2026-07-27T09:44:04Z 1785145444
2026-07-27T09:45:04Z 1785145504
2026-07-27T09:46:04Z 1785145564
2026-07-27T09:47:04Z 1785145624
2026-07-27T09:48:04Z 1785145684
2026-07-27T09:49:04Z 1785145744
2026-07-27T09:50:04Z 1785145804
2026-07-27T09:51:04Z 1785145864
2026-07-27T09:52:04Z 1785145924
2026-07-27T09:53:04Z 1785145984
2026-07-27T09:54:04Z 1785146044
2026-07-27T09:55:04Z 1785146104
2026-07-27T09:56:04Z 1785146164
2026-07-27T09:57:04Z 1785146224
2026-07-27T09:58:04Z 1785146284
2026-07-27T09:59:04Z 1785146344
2026-07-27T10:00:04Z 1785146404
2026-07-27T10:01:04Z 1785146464
2026-07-27T10:02:04Z 1785146524
2026-07-27T10:03:04Z 1785146584
2026-07-27T10:04:04Z 1785146644
2026-07-27T10:05:04Z 1785146704
2026-07-27T10:06:04Z 1785146764
2026-07-27T10:07:04Z 1785146824
2026-07-27T10:08:04Z 1785146884
2026-07-27T10:09:04Z 1785146944
2026-07-27T10:10:04Z 1785147004
2026-07-27T10:11:04Z 1785147064
2026-07-27T10:12:04Z 1785147124
2026-07-27T10:13:04Z 1785147184
2026-07-27T10:14:04Z 1785147244
2026-07-27T10:15:04Z 1785147304
2026-07-27T10:16:04Z 1785147364
2026-07-27T10:17:04Z 1785147424
2026-07-27T10:18:04Z 1785147484
2026-07-27T10:19:04Z 1785147544
2026-07-27T10:20:04Z 1785147604
2026-07-27T10:21:04Z 1785147664
2026-07-27T10:22:04Z 1785147724
2026-07-27T10:23:04Z 1785147784
2026-07-27T10:24:04Z 1785147844
2026-07-27T10:25:04Z 1785147904
2026-07-27T10:26:04Z 1785147964
2026-07-27T10:27:04Z 1785148024
2026-07-27T10:28:04Z 1785148084
2026-07-27T10:29:04Z 1785148144
2026-07-27T10:30:04Z 1785148204
2026-07-27T10:31:04Z 1785148264
2026-07-27T10:32:04Z 1785148324
2026-07-27T10:33:04Z 1785148384
2026-07-27T10:34:04Z 1785148444
2026-07-27T10:35:04Z 1785148504
2026-07-27T10:36:04Z 1785148564
2026-07-27T10:37:04Z 1785148624
2026-07-27T10:38:04Z 1785148684
2026-07-27T10:39:04Z 1785148744
2026-07-27T10:40:04Z 1785148804
2026-07-27T10:41:04Z 1785148864
2026-07-27T10:42:04Z 1785148924
2026-07-27T10:43:04Z 1785148984
2026-07-27T10:44:04Z 1785149044
2026-07-27T10:45:04Z 1785149104
2026-07-27T10:46:04Z 1785149164
2026-07-27T10:47:04Z 1785149224
2026-07-27T10:48:04Z 1785149284
2026-07-27T10:49:04Z 1785149344
2026-07-27T10:50:04Z 1785149404
2026-07-27T10:51:04Z 1785149464
2026-07-27T10:52:04Z 1785149524
2026-07-27T10:53:04Z 1785149584
2026-07-27T10:54:04Z 1785149644
2026-07-27T10:55:04Z 1785149704
2026-07-27T10:56:04Z 1785149764
2026-07-27T10:57:04Z 1785149824
2026-07-27T10:58:04Z 1785149884
2026-07-27T10:59:04Z 1785149944
2026-07-27T11:00:04Z 1785150004
2026-07-27T11:01:04Z 1785150064
2026-07-27T11:02:04Z 1785150124
2026-07-27T11:03:04Z 1785150184
2026-07-27T11:04:05Z 1785150245
2026-07-27T11:05:04Z 1785150304
2026-07-27T11:06:04Z 1785150364
2026-07-27T11:07:04Z 1785150424
2026-07-27T11:08:04Z 1785150484
2026-07-27T11:09:04Z 1785150544
2026-07-27T11:10:04Z 1785150604
2026-07-27T11:11:04Z 1785150664
2026-07-27T11:12:04Z 1785150724
2026-07-27T11:13:04Z 1785150784
2026-07-27T11:14:04Z 1785150844
2026-07-27T11:15:04Z 1785150904
2026-07-27T11:16:04Z 1785150964
2026-07-27T11:17:04Z 1785151024
2026-07-27T11:18:04Z 1785151084
2026-07-27T11:19:04Z 1785151144
2026-07-27T11:20:04Z 1785151204
2026-07-27T11:21:04Z 1785151264
2026-07-27T11:22:04Z 1785151324
2026-07-27T11:23:04Z 1785151384
2026-07-27T11:24:04Z 1785151444
2026-07-27T11:25:04Z 1785151504
2026-07-27T11:26:04Z 1785151564
2026-07-27T11:27:04Z 1785151624
2026-07-27T11:28:04Z 1785151684
2026-07-27T11:29:04Z 1785151744
2026-07-27T11:30:04Z 1785151804
2026-07-27T11:31:04Z 1785151864
2026-07-27T11:32:04Z 1785151924
2026-07-27T11:33:04Z 1785151984
2026-07-27T11:34:04Z 1785152044
2026-07-27T11:35:04Z 1785152104
2026-07-27T11:36:04Z 1785152164
2026-07-27T11:37:04Z 1785152224
2026-07-27T11:38:04Z 1785152284
2026-07-27T11:39:04Z 1785152344
2026-07-27T11:40:04Z 1785152404
2026-07-27T11:41:04Z 1785152464
2026-07-27T11:42:04Z 1785152524
2026-07-27T11:43:04Z 1785152584
2026-07-27T11:44:04Z 1785152644
2026-07-27T11:45:04Z 1785152704
2026-07-27T11:46:04Z 1785152764
2026-07-27T11:47:04Z 1785152824
2026-07-27T11:48:04Z 1785152884
2026-07-27T11:49:04Z 1785152944
2026-07-27T11:50:04Z 1785153004
2026-07-27T11:51:04Z 1785153064
2026-07-27T11:52:04Z 1785153124
2026-07-27T11:53:04Z 1785153184
2026-07-27T11:54:04Z 1785153244
2026-07-27T11:55:04Z 1785153304
2026-07-27T11:56:04Z 1785153364
2026-07-27T11:57:04Z 1785153424
2026-07-27T11:58:04Z 1785153484
2026-07-27T11:59:04Z 1785153544
2026-07-27T12:00:04Z 1785153604
2026-07-27T12:01:04Z 1785153664
2026-07-27T12:02:04Z 1785153724
2026-07-27T12:03:04Z 1785153784
2026-07-27T12:04:04Z 1785153844
2026-07-27T12:05:04Z 1785153904
2026-07-27T12:06:04Z 1785153964
2026-07-27T12:07:04Z 1785154024
2026-07-27T12:08:04Z 1785154084
2026-07-27T12:09:04Z 1785154144
2026-07-27T12:10:04Z 1785154204
2026-07-27T12:11:04Z 1785154264
2026-07-27T12:12:04Z 1785154324
2026-07-27T12:13:04Z 1785154384
2026-07-27T12:14:04Z 1785154444
2026-07-27T12:15:04Z 1785154504
2026-07-27T12:16:04Z 1785154564
2026-07-27T12:17:04Z 1785154624
2026-07-27T12:18:04Z 1785154684
2026-07-27T12:19:04Z 1785154744
2026-07-27T12:20:04Z 1785154804
2026-07-27T12:21:04Z 1785154864
2026-07-27T12:22:04Z 1785154924
2026-07-27T12:23:04Z 1785154984
2026-07-27T12:24:04Z 1785155044
2026-07-27T12:25:04Z 1785155104
2026-07-27T12:26:04Z 1785155164
2026-07-27T12:27:04Z 1785155224
2026-07-27T12:28:04Z 1785155284
2026-07-27T12:29:04Z 1785155344
2026-07-27T12:30:04Z 1785155404
2026-07-27T12:31:04Z 1785155464
2026-07-27T12:32:04Z 1785155524
2026-07-27T12:33:04Z 1785155584
2026-07-27T12:34:04Z 1785155644
2026-07-27T12:35:04Z 1785155704
2026-07-27T12:36:04Z 1785155764
2026-07-27T12:37:04Z 1785155824
2026-07-27T12:38:04Z 1785155884
2026-07-27T12:39:04Z 1785155944
2026-07-27T12:40:04Z 1785156004
2026-07-27T12:41:04Z 1785156064
2026-07-27T12:42:04Z 1785156124
2026-07-27T12:43:04Z 1785156184
2026-07-27T12:44:04Z 1785156244
2026-07-27T12:45:04Z 1785156304
2026-07-27T12:46:04Z 1785156364
2026-07-27T12:47:04Z 1785156424
2026-07-27T12:48:04Z 1785156484
2026-07-27T12:49:04Z 1785156544
2026-07-27T12:50:04Z 1785156604
2026-07-27T12:51:04Z 1785156664
2026-07-27T12:52:04Z 1785156724
2026-07-27T12:53:04Z 1785156784
2026-07-27T12:54:04Z 1785156844
2026-07-27T12:55:04Z 1785156904
2026-07-27T12:56:04Z 1785156964
2026-07-27T12:57:04Z 1785157024
2026-07-27T12:58:04Z 1785157084
2026-07-27T12:59:04Z 1785157144
2026-07-27T13:00:04Z 1785157204
2026-07-27T13:01:04Z 1785157264
2026-07-27T13:02:04Z 1785157324
2026-07-27T13:03:04Z 1785157384
2026-07-27T13:04:04Z 1785157444
2026-07-27T13:05:04Z 1785157504
2026-07-27T13:06:04Z 1785157564
2026-07-27T13:07:04Z 1785157624
2026-07-27T13:08:04Z 1785157684
2026-07-27T13:09:04Z 1785157744
2026-07-27T13:10:04Z 1785157804
2026-07-27T13:11:04Z 1785157864
2026-07-27T13:12:04Z 1785157924
2026-07-27T13:13:04Z 1785157984
2026-07-27T13:14:04Z 1785158044
2026-07-27T13:15:04Z 1785158104
2026-07-27T13:16:04Z 1785158164
2026-07-27T13:17:04Z 1785158224
2026-07-27T13:18:04Z 1785158284
2026-07-27T13:19:04Z 1785158344
2026-07-27T13:20:04Z 1785158404
2026-07-27T13:21:04Z 1785158464
2026-07-27T13:22:04Z 1785158524
2026-07-27T13:23:04Z 1785158584
2026-07-27T13:24:04Z 1785158644
2026-07-27T13:25:04Z 1785158704
2026-07-27T13:26:04Z 1785158764
2026-07-27T13:27:04Z 1785158824
2026-07-27T13:28:04Z 1785158884
2026-07-27T13:29:04Z 1785158944
2026-07-27T13:30:04Z 1785159004
2026-07-27T13:31:04Z 1785159064
2026-07-27T13:32:04Z 1785159124
2026-07-27T13:33:04Z 1785159184
2026-07-27T13:34:04Z 1785159244
2026-07-27T13:35:04Z 1785159304
2026-07-27T13:36:04Z 1785159364
2026-07-27T13:37:04Z 1785159424
2026-07-27T13:38:04Z 1785159484
2026-07-27T13:39:04Z 1785159544
2026-07-27T13:40:04Z 1785159604
2026-07-27T13:41:04Z 1785159664
2026-07-27T13:42:04Z 1785159724
2026-07-27T13:43:04Z 1785159784
2026-07-27T13:44:04Z 1785159844
2026-07-27T13:45:04Z 1785159904
2026-07-27T13:46:04Z 1785159964
2026-07-27T13:47:04Z 1785160024
2026-07-27T13:48:04Z 1785160084
2026-07-27T13:49:04Z 1785160144
2026-07-27T13:50:04Z 1785160204
2026-07-27T13:51:04Z 1785160264
2026-07-27T13:52:04Z 1785160324
2026-07-27T13:53:04Z 1785160384
2026-07-27T13:54:04Z 1785160444
2026-07-27T13:55:04Z 1785160504
2026-07-27T13:56:04Z 1785160564
2026-07-27T13:57:04Z 1785160624
2026-07-27T13:58:04Z 1785160684
2026-07-27T13:59:04Z 1785160744
2026-07-27T14:00:04Z 1785160804
2026-07-27T14:01:04Z 1785160864
2026-07-27T14:02:04Z 1785160924
2026-07-27T14:03:04Z 1785160984
2026-07-27T14:04:04Z 1785161044
2026-07-27T14:05:04Z 1785161104
2026-07-27T14:06:04Z 1785161164
2026-07-27T14:07:04Z 1785161224
2026-07-27T14:08:04Z 1785161284
2026-07-27T14:09:04Z 1785161344
2026-07-27T14:10:04Z 1785161404
2026-07-27T14:11:04Z 1785161464
2026-07-27T14:12:04Z 1785161524
2026-07-27T14:13:04Z 1785161584
2026-07-27T14:14:04Z 1785161644
2026-07-27T14:15:04Z 1785161704
2026-07-27T14:16:04Z 1785161764
2026-07-27T14:17:04Z 1785161824
2026-07-27T14:18:04Z 1785161884
2026-07-27T14:19:04Z 1785161944
2026-07-27T14:20:04Z 1785162004
2026-07-27T14:21:04Z 1785162064
2026-07-27T14:22:04Z 1785162124
2026-07-27T14:23:04Z 1785162184
2026-07-27T14:24:04Z 1785162244
2026-07-27T14:25:04Z 1785162304
2026-07-27T14:26:04Z 1785162364
2026-07-27T14:27:04Z 1785162424
2026-07-27T14:28:04Z 1785162484
2026-07-27T14:29:04Z 1785162544
2026-07-27T14:30:04Z 1785162604
2026-07-27T14:31:04Z 1785162664
2026-07-27T14:32:04Z 1785162724
2026-07-27T14:33:04Z 1785162784
2026-07-27T14:34:04Z 1785162844
2026-07-27T14:35:04Z 1785162904
2026-07-27T14:36:04Z 1785162964
2026-07-27T14:37:04Z 1785163024
2026-07-27T14:38:04Z 1785163084
2026-07-27T14:39:04Z 1785163144
2026-07-27T14:40:04Z 1785163204
2026-07-27T14:41:04Z 1785163264
2026-07-27T14:42:04Z 1785163324
2026-07-27T14:43:04Z 1785163384
2026-07-27T14:44:04Z 1785163444
2026-07-27T14:45:04Z 1785163504
2026-07-27T14:46:04Z 1785163564
2026-07-27T14:47:04Z 1785163624
2026-07-27T14:48:04Z 1785163684
2026-07-27T14:49:04Z 1785163744
2026-07-27T14:50:04Z 1785163804
2026-07-27T14:51:04Z 1785163864
2026-07-27T14:52:04Z 1785163924
2026-07-27T14:53:04Z 1785163984
2026-07-27T14:54:04Z 1785164044
2026-07-27T14:55:04Z 1785164104
2026-07-27T14:56:04Z 1785164164
2026-07-27T14:57:04Z 1785164224
2026-07-27T14:58:04Z 1785164284
2026-07-27T14:59:04Z 1785164344
2026-07-27T15:00:04Z 1785164404
2026-07-27T15:01:04Z 1785164464
2026-07-27T15:02:04Z 1785164524
2026-07-27T15:03:04Z 1785164584
2026-07-27T15:04:04Z 1785164644
2026-07-27T15:05:05Z 1785164705
2026-07-27T15:06:04Z 1785164764
2026-07-27T15:07:04Z 1785164824
2026-07-27T15:08:04Z 1785164884
2026-07-27T15:09:04Z 1785164944
2026-07-27T15:10:04Z 1785165004
2026-07-27T15:11:04Z 1785165064
2026-07-27T15:12:04Z 1785165124
2026-07-27T15:13:04Z 1785165184
2026-07-27T15:14:04Z 1785165244
2026-07-27T15:15:04Z 1785165304
2026-07-27T15:16:04Z 1785165364
2026-07-27T15:17:04Z 1785165424
2026-07-27T15:18:04Z 1785165484
2026-07-27T15:19:04Z 1785165544
2026-07-27T15:20:04Z 1785165604
2026-07-27T15:21:04Z 1785165664
2026-07-27T15:22:04Z 1785165724
2026-07-27T15:23:04Z 1785165784
2026-07-27T15:24:04Z 1785165844
2026-07-27T15:25:04Z 1785165904
2026-07-27T15:26:04Z 1785165964
2026-07-27T15:27:04Z 1785166024
2026-07-27T15:28:04Z 1785166084
2026-07-27T15:29:04Z 1785166144
2026-07-27T15:30:04Z 1785166204
2026-07-27T15:31:04Z 1785166264
2026-07-27T15:32:04Z 1785166324
2026-07-27T15:33:04Z 1785166384
2026-07-27T15:34:04Z 1785166444
2026-07-27T15:35:04Z 1785166504
2026-07-27T15:36:04Z 1785166564
2026-07-27T15:37:04Z 1785166624
2026-07-27T15:38:04Z 1785166684
2026-07-27T15:39:04Z 1785166744
2026-07-27T15:40:04Z 1785166804
2026-07-27T15:41:04Z 1785166864
2026-07-27T15:42:04Z 1785166924
2026-07-27T15:43:04Z 1785166984
2026-07-27T15:44:04Z 1785167044
2026-07-27T15:45:04Z 1785167104
2026-07-27T15:46:04Z 1785167164
2026-07-27T15:47:04Z 1785167224
2026-07-27T15:48:04Z 1785167284
2026-07-27T15:49:04Z 1785167344
2026-07-27T15:50:04Z 1785167404
2026-07-27T15:51:04Z 1785167464
2026-07-27T15:52:04Z 1785167524
2026-07-27T15:53:04Z 1785167584
2026-07-27T15:54:04Z 1785167644
2026-07-27T15:55:04Z 1785167704
2026-07-27T15:56:04Z 1785167764
2026-07-27T15:57:04Z 1785167824
2026-07-27T15:58:04Z 1785167884
2026-07-27T15:59:04Z 1785167944
2026-07-27T16:00:04Z 1785168004
2026-07-27T16:01:04Z 1785168064
2026-07-27T16:02:04Z 1785168124
2026-07-27T16:03:04Z 1785168184
2026-07-27T16:04:04Z 1785168244
2026-07-27T16:05:04Z 1785168304
2026-07-27T16:06:04Z 1785168364
2026-07-27T16:07:04Z 1785168424
2026-07-27T16:08:04Z 1785168484
2026-07-27T16:09:04Z 1785168544
2026-07-27T16:10:04Z 1785168604
2026-07-27T16:11:04Z 1785168664
2026-07-27T16:12:04Z 1785168724
2026-07-27T16:13:04Z 1785168784
2026-07-27T16:14:04Z 1785168844
2026-07-27T16:15:04Z 1785168904
2026-07-27T16:16:04Z 1785168964
2026-07-27T16:17:04Z 1785169024
2026-07-27T16:18:04Z 1785169084
2026-07-27T16:19:04Z 1785169144
2026-07-27T16:20:04Z 1785169204
2026-07-27T16:21:04Z 1785169264
2026-07-27T16:22:04Z 1785169324
2026-07-27T16:23:04Z 1785169384
2026-07-27T16:24:04Z 1785169444
2026-07-27T16:25:04Z 1785169504
2026-07-27T16:26:04Z 1785169564
2026-07-27T16:27:04Z 1785169624
2026-07-27T16:28:04Z 1785169684
2026-07-27T16:29:04Z 1785169744
2026-07-27T16:30:04Z 1785169804
2026-07-27T16:31:04Z 1785169864
2026-07-27T16:32:04Z 1785169924
2026-07-27T16:33:04Z 1785169984
2026-07-27T16:34:04Z 1785170044
2026-07-27T16:35:04Z 1785170104
2026-07-27T16:36:04Z 1785170164
2026-07-27T16:37:04Z 1785170224
2026-07-27T16:38:04Z 1785170284
2026-07-27T16:39:04Z 1785170344
2026-07-27T16:40:04Z 1785170404
2026-07-27T16:41:04Z 1785170464
2026-07-27T16:42:04Z 1785170524
2026-07-27T16:43:04Z 1785170584
2026-07-27T16:44:04Z 1785170644
2026-07-27T16:45:04Z 1785170704
2026-07-27T16:46:04Z 1785170764
2026-07-27T16:47:04Z 1785170824
2026-07-27T16:48:04Z 1785170884
2026-07-27T16:49:04Z 1785170944
2026-07-27T16:50:04Z 1785171004
2026-07-27T16:51:04Z 1785171064
2026-07-27T16:52:04Z 1785171124
2026-07-27T16:53:04Z 1785171184
2026-07-27T16:54:04Z 1785171244
2026-07-27T16:55:04Z 1785171304
2026-07-27T16:56:04Z 1785171364
2026-07-27T16:57:04Z 1785171424
2026-07-27T16:58:04Z 1785171484
2026-07-27T16:59:04Z 1785171544
2026-07-27T17:00:04Z 1785171604
2026-07-27T17:01:04Z 1785171664
2026-07-27T17:02:04Z 1785171724
2026-07-27T17:03:04Z 1785171784
2026-07-27T17:04:04Z 1785171844
2026-07-27T17:05:04Z 1785171904
2026-07-27T17:06:04Z 1785171964
2026-07-27T17:07:04Z 1785172024
2026-07-27T17:08:04Z 1785172084
2026-07-27T17:09:04Z 1785172144
2026-07-27T17:10:04Z 1785172204
2026-07-27T17:11:04Z 1785172264
2026-07-27T17:12:04Z 1785172324
2026-07-27T17:13:04Z 1785172384
2026-07-27T17:14:04Z 1785172444
2026-07-27T17:15:04Z 1785172504
2026-07-27T17:16:04Z 1785172564
2026-07-27T17:17:04Z 1785172624
2026-07-27T17:18:04Z 1785172684
2026-07-27T17:19:04Z 1785172744
2026-07-27T17:20:04Z 1785172804
2026-07-27T17:21:04Z 1785172864
2026-07-27T17:22:04Z 1785172924
2026-07-27T17:23:04Z 1785172984
2026-07-27T17:24:04Z 1785173044
2026-07-27T17:25:04Z 1785173104
2026-07-27T17:26:04Z 1785173164
2026-07-27T17:27:04Z 1785173224
2026-07-27T17:28:04Z 1785173284
2026-07-27T17:29:04Z 1785173344
2026-07-27T17:30:04Z 1785173404
2026-07-27T17:31:04Z 1785173464
2026-07-27T17:32:04Z 1785173524
2026-07-27T17:33:04Z 1785173584
2026-07-27T17:34:04Z 1785173644
2026-07-27T17:35:04Z 1785173704
2026-07-27T17:36:04Z 1785173764
2026-07-27T17:37:04Z 1785173824
2026-07-27T17:38:04Z 1785173884
2026-07-27T17:39:04Z 1785173944
2026-07-27T17:40:04Z 1785174004
2026-07-27T17:41:04Z 1785174064
2026-07-27T17:42:04Z 1785174124
2026-07-27T17:43:04Z 1785174184
2026-07-27T17:44:04Z 1785174244
2026-07-27T17:45:04Z 1785174304
2026-07-27T17:46:04Z 1785174364
2026-07-27T17:47:04Z 1785174424
2026-07-27T17:48:04Z 1785174484
2026-07-27T17:49:04Z 1785174544
2026-07-27T17:50:04Z 1785174604
2026-07-27T17:51:04Z 1785174664
2026-07-27T17:52:04Z 1785174724
2026-07-27T17:53:04Z 1785174784
2026-07-27T17:54:04Z 1785174844
2026-07-27T17:55:04Z 1785174904
2026-07-27T17:56:04Z 1785174964
2026-07-27T17:57:04Z 1785175024
2026-07-27T17:58:04Z 1785175084
2026-07-27T17:59:04Z 1785175144
2026-07-27T18:00:04Z 1785175204
2026-07-27T18:01:04Z 1785175264
2026-07-27T18:02:04Z 1785175324
2026-07-27T18:03:04Z 1785175384
2026-07-27T18:04:04Z 1785175444
2026-07-27T18:05:04Z 1785175504
2026-07-27T18:06:04Z 1785175564
2026-07-27T18:07:04Z 1785175624
2026-07-27T18:08:04Z 1785175684
2026-07-27T18:09:04Z 1785175744
2026-07-27T18:10:04Z 1785175804
2026-07-27T18:11:04Z 1785175864
2026-07-27T18:12:04Z 1785175924
2026-07-27T18:13:04Z 1785175984
2026-07-27T18:14:04Z 1785176044
2026-07-27T18:15:04Z 1785176104
2026-07-27T18:16:04Z 1785176164
2026-07-27T18:17:04Z 1785176224
2026-07-27T18:18:04Z 1785176284
2026-07-27T18:19:04Z 1785176344
2026-07-27T18:20:04Z 1785176404
2026-07-27T18:21:04Z 1785176464
2026-07-27T18:22:04Z 1785176524
2026-07-27T18:23:04Z 1785176584
2026-07-27T18:24:04Z 1785176644
2026-07-27T18:25:04Z 1785176704
2026-07-27T18:26:04Z 1785176764
2026-07-27T18:27:04Z 1785176824
2026-07-27T18:28:04Z 1785176884
2026-07-27T18:29:04Z 1785176944
2026-07-27T18:30:04Z 1785177004
2026-07-27T18:31:04Z 1785177064
2026-07-27T18:32:04Z 1785177124
2026-07-27T18:33:04Z 1785177184
2026-07-27T18:34:04Z 1785177244
2026-07-27T18:35:04Z 1785177304
2026-07-27T18:36:04Z 1785177364
2026-07-27T18:37:04Z 1785177424
2026-07-27T18:38:04Z 1785177484
2026-07-27T18:39:04Z 1785177544
2026-07-27T18:40:04Z 1785177604
2026-07-27T18:41:04Z 1785177664
2026-07-27T18:42:04Z 1785177724
2026-07-27T18:43:04Z 1785177784
2026-07-27T18:44:04Z 1785177844
2026-07-27T18:45:04Z 1785177904
2026-07-27T18:46:04Z 1785177964
2026-07-27T18:47:04Z 1785178024
2026-07-27T18:48:04Z 1785178084
2026-07-27T18:49:04Z 1785178144
2026-07-27T18:50:04Z 1785178204
2026-07-27T18:51:04Z 1785178264
2026-07-27T18:52:04Z 1785178324
2026-07-27T18:53:04Z 1785178384
2026-07-27T18:54:04Z 1785178444
2026-07-27T18:55:04Z 1785178504
2026-07-27T18:56:04Z 1785178564
2026-07-27T18:57:04Z 1785178624
2026-07-27T18:58:04Z 1785178684
2026-07-27T18:59:04Z 1785178744
2026-07-27T19:00:04Z 1785178804
2026-07-27T19:01:04Z 1785178864
2026-07-27T19:02:04Z 1785178924
2026-07-27T19:03:04Z 1785178984
2026-07-27T19:04:04Z 1785179044
2026-07-27T19:05:04Z 1785179104
2026-07-27T19:06:04Z 1785179164
2026-07-27T19:07:04Z 1785179224
2026-07-27T19:08:04Z 1785179284
2026-07-27T19:09:04Z 1785179344
2026-07-27T19:10:04Z 1785179404
2026-07-27T19:11:04Z 1785179464
2026-07-27T19:12:04Z 1785179524
2026-07-27T19:13:04Z 1785179584
2026-07-27T19:14:04Z 1785179644
2026-07-27T19:15:04Z 1785179704
2026-07-27T19:16:04Z 1785179764
2026-07-27T19:17:04Z 1785179824
2026-07-27T19:18:04Z 1785179884
2026-07-27T19:19:04Z 1785179944
2026-07-27T19:20:04Z 1785180004
2026-07-27T19:21:04Z 1785180064
2026-07-27T19:22:04Z 1785180124
2026-07-27T19:23:04Z 1785180184
2026-07-27T19:24:04Z 1785180244
2026-07-27T19:25:04Z 1785180304
2026-07-27T19:26:04Z 1785180364
2026-07-27T19:27:04Z 1785180424
2026-07-27T19:28:04Z 1785180484
2026-07-27T19:29:04Z 1785180544
2026-07-27T19:30:04Z 1785180604
2026-07-27T19:31:04Z 1785180664
2026-07-27T19:32:04Z 1785180724
2026-07-27T19:33:04Z 1785180784
2026-07-27T19:34:04Z 1785180844
2026-07-27T19:35:04Z 1785180904
2026-07-27T19:36:04Z 1785180964
2026-07-27T19:37:04Z 1785181024
2026-07-27T19:38:04Z 1785181084
2026-07-27T19:39:04Z 1785181144
2026-07-27T19:40:04Z 1785181204
2026-07-27T19:41:04Z 1785181264
2026-07-27T19:42:04Z 1785181324
2026-07-27T19:43:04Z 1785181384
2026-07-27T19:44:04Z 1785181444
2026-07-27T19:45:04Z 1785181504
2026-07-27T19:46:04Z 1785181564
2026-07-27T19:47:04Z 1785181624
2026-07-27T19:48:04Z 1785181684
2026-07-27T19:49:04Z 1785181744
2026-07-27T19:50:04Z 1785181804
2026-07-27T19:51:04Z 1785181864
2026-07-27T19:52:04Z 1785181924
2026-07-27T19:53:04Z 1785181984
2026-07-27T19:54:04Z 1785182044
2026-07-27T19:55:04Z 1785182104
2026-07-27T19:56:04Z 1785182164
2026-07-27T19:57:04Z 1785182224
2026-07-27T19:58:04Z 1785182284
2026-07-27T19:59:04Z 1785182344
2026-07-27T20:00:04Z 1785182404
2026-07-27T20:01:04Z 1785182464
2026-07-27T20:02:04Z 1785182524
2026-07-27T20:03:04Z 1785182584
2026-07-27T20:04:04Z 1785182644
2026-07-27T20:05:04Z 1785182704
2026-07-27T20:06:04Z 1785182764
2026-07-27T20:07:04Z 1785182824
2026-07-27T20:08:04Z 1785182884
2026-07-27T20:09:04Z 1785182944
2026-07-27T20:10:04Z 1785183004
2026-07-27T20:11:04Z 1785183064
2026-07-27T20:12:04Z 1785183124
2026-07-27T20:13:04Z 1785183184
2026-07-27T20:14:04Z 1785183244
2026-07-27T20:15:04Z 1785183304
2026-07-27T20:16:04Z 1785183364
2026-07-27T20:17:04Z 1785183424
2026-07-27T20:18:04Z 1785183484
2026-07-27T20:19:04Z 1785183544
2026-07-27T20:20:04Z 1785183604
2026-07-27T20:21:04Z 1785183664
2026-07-27T20:22:04Z 1785183724
2026-07-27T20:23:04Z 1785183784
2026-07-27T20:24:04Z 1785183844
2026-07-27T20:25:04Z 1785183904
2026-07-27T20:26:04Z 1785183964
2026-07-27T20:27:04Z 1785184024
2026-07-27T20:28:04Z 1785184084
2026-07-27T20:29:04Z 1785184144
2026-07-27T20:30:04Z 1785184204
2026-07-27T20:31:04Z 1785184264
2026-07-27T20:32:04Z 1785184324
2026-07-27T20:33:04Z 1785184384
2026-07-27T20:34:04Z 1785184444
2026-07-27T20:35:04Z 1785184504
2026-07-27T20:36:04Z 1785184564
2026-07-27T20:37:04Z 1785184624
2026-07-27T20:38:04Z 1785184684
2026-07-27T20:39:04Z 1785184744
2026-07-27T20:40:04Z 1785184804
2026-07-27T20:41:04Z 1785184864
2026-07-27T20:42:04Z 1785184924
2026-07-27T20:43:04Z 1785184984
2026-07-27T20:44:04Z 1785185044
2026-07-27T20:45:04Z 1785185104
2026-07-27T20:46:04Z 1785185164
2026-07-27T20:47:04Z 1785185224
2026-07-27T20:48:04Z 1785185284
2026-07-27T20:49:04Z 1785185344
2026-07-27T20:50:04Z 1785185404
2026-07-27T20:51:04Z 1785185464
2026-07-27T20:52:04Z 1785185524
2026-07-27T20:53:04Z 1785185584
2026-07-27T20:54:04Z 1785185644
2026-07-27T20:55:04Z 1785185704
2026-07-27T20:56:04Z 1785185764
2026-07-27T20:57:04Z 1785185824
2026-07-27T20:58:04Z 1785185884
2026-07-27T20:59:04Z 1785185944
2026-07-27T21:00:04Z 1785186004
2026-07-27T21:01:04Z 1785186064
2026-07-27T21:02:04Z 1785186124
2026-07-27T21:03:04Z 1785186184
2026-07-27T21:04:04Z 1785186244
2026-07-27T21:05:04Z 1785186304
2026-07-27T21:06:04Z 1785186364
2026-07-27T21:07:04Z 1785186424
2026-07-27T21:08:04Z 1785186484
2026-07-27T21:09:04Z 1785186544
2026-07-27T21:10:04Z 1785186604
2026-07-27T21:11:04Z 1785186664
2026-07-27T21:12:04Z 1785186724
2026-07-27T21:13:04Z 1785186784
2026-07-27T21:14:04Z 1785186844
2026-07-27T21:15:04Z 1785186904
2026-07-27T21:16:04Z 1785186964
2026-07-27T21:17:04Z 1785187024
2026-07-27T21:18:04Z 1785187084
2026-07-27T21:19:04Z 1785187144
2026-07-27T21:20:04Z 1785187204
2026-07-27T21:21:04Z 1785187264
2026-07-27T21:22:04Z 1785187324
2026-07-27T21:23:04Z 1785187384
2026-07-27T21:24:04Z 1785187444
2026-07-27T21:25:04Z 1785187504
2026-07-27T21:26:04Z 1785187564
2026-07-27T21:27:04Z 1785187624
2026-07-27T21:28:04Z 1785187684
2026-07-27T21:29:04Z 1785187744
2026-07-27T21:30:04Z 1785187804
2026-07-27T21:31:04Z 1785187864
2026-07-27T21:32:04Z 1785187924
2026-07-27T21:33:04Z 1785187984
2026-07-27T21:34:04Z 1785188044
2026-07-27T21:35:04Z 1785188104
2026-07-27T21:36:04Z 1785188164
2026-07-27T21:37:04Z 1785188224
2026-07-27T21:38:04Z 1785188284
2026-07-27T21:39:04Z 1785188344
2026-07-27T21:40:04Z 1785188404
2026-07-27T21:41:04Z 1785188464
2026-07-27T21:42:04Z 1785188524
2026-07-27T21:43:04Z 1785188584
2026-07-27T21:44:04Z 1785188644
2026-07-27T21:45:04Z 1785188704
2026-07-27T21:46:04Z 1785188764
2026-07-27T21:47:04Z 1785188824
2026-07-27T21:48:04Z 1785188884
2026-07-27T21:49:04Z 1785188944
2026-07-27T21:50:04Z 1785189004
2026-07-27T21:51:04Z 1785189064
2026-07-27T21:52:04Z 1785189124
2026-07-27T21:53:04Z 1785189184
2026-07-27T21:54:04Z 1785189244
2026-07-27T21:55:04Z 1785189304
2026-07-27T21:56:04Z 1785189364
2026-07-27T21:57:04Z 1785189424
2026-07-27T21:58:04Z 1785189484
2026-07-27T21:59:04Z 1785189544
2026-07-27T22:00:04Z 1785189604
2026-07-27T22:01:04Z 1785189664
2026-07-27T22:02:04Z 1785189724
2026-07-27T22:03:04Z 1785189784
2026-07-27T22:04:04Z 1785189844
2026-07-27T22:05:04Z 1785189904
2026-07-27T22:06:04Z 1785189964
2026-07-27T22:07:04Z 1785190024
2026-07-27T22:08:04Z 1785190084
2026-07-27T22:09:04Z 1785190144
2026-07-27T22:10:04Z 1785190204
2026-07-27T22:11:04Z 1785190264
2026-07-27T22:12:04Z 1785190324
2026-07-27T22:13:04Z 1785190384
2026-07-27T22:14:04Z 1785190444
2026-07-27T22:15:04Z 1785190504
2026-07-27T22:16:04Z 1785190564
2026-07-27T22:17:04Z 1785190624
2026-07-27T22:18:04Z 1785190684
2026-07-27T22:19:04Z 1785190744
2026-07-27T22:20:04Z 1785190804
2026-07-27T22:21:04Z 1785190864
2026-07-27T22:22:04Z 1785190924
2026-07-27T22:23:04Z 1785190984
2026-07-27T22:24:04Z 1785191044
2026-07-27T22:25:04Z 1785191104
2026-07-27T22:26:04Z 1785191164
2026-07-27T22:27:04Z 1785191224
2026-07-27T22:28:04Z 1785191284
2026-07-27T22:29:04Z 1785191344
2026-07-27T22:30:04Z 1785191404
2026-07-27T22:31:04Z 1785191464
2026-07-27T22:32:04Z 1785191524
2026-07-27T22:33:04Z 1785191584
2026-07-27T22:34:04Z 1785191644
2026-07-27T22:35:04Z 1785191704
2026-07-27T22:36:04Z 1785191764
2026-07-27T22:37:04Z 1785191824
2026-07-27T22:38:04Z 1785191884
2026-07-27T22:39:04Z 1785191944
2026-07-27T22:40:04Z 1785192004
2026-07-27T22:41:04Z 1785192064
2026-07-27T22:42:04Z 1785192124
2026-07-27T22:43:04Z 1785192184
2026-07-27T22:44:04Z 1785192244
2026-07-27T22:45:04Z 1785192304
2026-07-27T22:46:04Z 1785192364
2026-07-27T22:47:04Z 1785192424
2026-07-27T22:48:04Z 1785192484
2026-07-27T22:49:04Z 1785192544
2026-07-27T22:50:04Z 1785192604
2026-07-27T22:51:04Z 1785192664
2026-07-27T22:52:04Z 1785192724
2026-07-27T22:53:04Z 1785192784
2026-07-27T22:54:04Z 1785192844
2026-07-27T22:55:04Z 1785192904
2026-07-27T22:56:04Z 1785192964
2026-07-27T22:57:04Z 1785193024
2026-07-27T22:58:04Z 1785193084
2026-07-27T22:59:04Z 1785193144
2026-07-27T23:00:04Z 1785193204
2026-07-27T23:01:04Z 1785193264
2026-07-27T23:02:04Z 1785193324
2026-07-27T23:03:04Z 1785193384
2026-07-27T23:04:04Z 1785193444
2026-07-27T23:05:05Z 1785193505
2026-07-27T23:06:04Z 1785193564
2026-07-27T23:07:04Z 1785193624
2026-07-27T23:08:04Z 1785193684
2026-07-27T23:09:04Z 1785193744
2026-07-27T23:10:04Z 1785193804
2026-07-27T23:11:04Z 1785193864
2026-07-27T23:12:04Z 1785193924
2026-07-27T23:13:04Z 1785193984
2026-07-27T23:14:04Z 1785194044
2026-07-27T23:15:04Z 1785194104
2026-07-27T23:16:04Z 1785194164
2026-07-27T23:17:04Z 1785194224
2026-07-27T23:18:04Z 1785194284
2026-07-27T23:19:04Z 1785194344
2026-07-27T23:20:04Z 1785194404
2026-07-27T23:21:04Z 1785194464
2026-07-27T23:22:04Z 1785194524
2026-07-27T23:23:04Z 1785194584
2026-07-27T23:24:04Z 1785194644
2026-07-27T23:25:04Z 1785194704
2026-07-27T23:26:04Z 1785194764
2026-07-27T23:27:04Z 1785194824
2026-07-27T23:28:04Z 1785194884
2026-07-27T23:29:04Z 1785194944
2026-07-27T23:30:04Z 1785195004
2026-07-27T23:31:04Z 1785195064
2026-07-27T23:32:04Z 1785195124
2026-07-27T23:33:04Z 1785195184
2026-07-27T23:34:04Z 1785195244
2026-07-27T23:35:04Z 1785195304
2026-07-27T23:36:04Z 1785195364
2026-07-27T23:37:04Z 1785195424
2026-07-27T23:38:04Z 1785195484
2026-07-27T23:39:04Z 1785195544
2026-07-27T23:40:04Z 1785195604
2026-07-27T23:41:04Z 1785195664
2026-07-27T23:42:04Z 1785195724
2026-07-27T23:43:04Z 1785195784
2026-07-27T23:44:04Z 1785195844
2026-07-27T23:45:04Z 1785195904
2026-07-27T23:46:04Z 1785195964
2026-07-27T23:47:04Z 1785196024
2026-07-27T23:48:04Z 1785196084
2026-07-27T23:49:04Z 1785196144
2026-07-27T23:50:04Z 1785196204
2026-07-27T23:51:04Z 1785196264
2026-07-27T23:52:04Z 1785196324
2026-07-27T23:53:04Z 1785196384
2026-07-27T23:54:04Z 1785196444
2026-07-27T23:55:04Z 1785196504
2026-07-27T23:56:04Z 1785196564
2026-07-27T23:57:04Z 1785196624
2026-07-27T23:58:04Z 1785196684
2026-07-27T23:59:04Z 1785196744
2026-07-28T00:00:04Z 1785196804
2026-07-28T00:01:04Z 1785196864
2026-07-28T00:02:04Z 1785196924
2026-07-28T00:03:04Z 1785196984
2026-07-28T00:04:04Z 1785197044
2026-07-28T00:05:04Z 1785197104
2026-07-28T00:06:04Z 1785197164
2026-07-28T00:07:04Z 1785197224
2026-07-28T00:08:04Z 1785197284
2026-07-28T00:09:04Z 1785197344
2026-07-28T00:10:04Z 1785197404
2026-07-28T00:11:04Z 1785197464
2026-07-28T00:12:04Z 1785197524
2026-07-28T00:13:04Z 1785197584
2026-07-28T00:14:04Z 1785197644
2026-07-28T00:15:04Z 1785197704
2026-07-28T00:16:04Z 1785197764
2026-07-28T00:17:04Z 1785197824
2026-07-28T00:18:04Z 1785197884
2026-07-28T00:19:04Z 1785197944
2026-07-28T00:20:04Z 1785198004
2026-07-28T00:21:04Z 1785198064
2026-07-28T00:22:04Z 1785198124
2026-07-28T00:23:04Z 1785198184
2026-07-28T00:24:04Z 1785198244
2026-07-28T00:25:04Z 1785198304
2026-07-28T00:26:04Z 1785198364
2026-07-28T00:27:04Z 1785198424
2026-07-28T00:28:04Z 1785198484
2026-07-28T00:29:04Z 1785198544
2026-07-28T00:30:04Z 1785198604
2026-07-28T00:31:04Z 1785198664
2026-07-28T00:32:04Z 1785198724
2026-07-28T00:33:04Z 1785198784
2026-07-28T00:34:04Z 1785198844
2026-07-28T00:35:04Z 1785198904
2026-07-28T00:36:04Z 1785198964
2026-07-28T00:37:04Z 1785199024
2026-07-28T00:38:04Z 1785199084
2026-07-28T00:39:04Z 1785199144
2026-07-28T00:40:04Z 1785199204
2026-07-28T00:41:04Z 1785199264
2026-07-28T00:42:04Z 1785199324
2026-07-28T00:43:04Z 1785199384
2026-07-28T00:44:04Z 1785199444
2026-07-28T00:45:04Z 1785199504
2026-07-28T00:46:04Z 1785199564
2026-07-28T00:47:04Z 1785199624
2026-07-28T00:48:04Z 1785199684
2026-07-28T00:49:04Z 1785199744
2026-07-28T00:50:04Z 1785199804
2026-07-28T00:51:04Z 1785199864
2026-07-28T00:52:04Z 1785199924
2026-07-28T00:53:04Z 1785199984
2026-07-28T00:54:04Z 1785200044
2026-07-28T00:55:04Z 1785200104
2026-07-28T00:56:04Z 1785200164
2026-07-28T00:57:04Z 1785200224
2026-07-28T00:58:04Z 1785200284
2026-07-28T00:59:04Z 1785200344
2026-07-28T01:00:04Z 1785200404
2026-07-28T01:01:04Z 1785200464
2026-07-28T01:02:04Z 1785200524
2026-07-28T01:03:04Z 1785200584
2026-07-28T01:04:04Z 1785200644
2026-07-28T01:05:04Z 1785200704
2026-07-28T01:06:04Z 1785200764
2026-07-28T01:07:04Z 1785200824
2026-07-28T01:08:04Z 1785200884
2026-07-28T01:09:04Z 1785200944
2026-07-28T01:10:04Z 1785201004
2026-07-28T01:11:04Z 1785201064
2026-07-28T01:12:04Z 1785201124
2026-07-28T01:13:04Z 1785201184
2026-07-28T01:14:04Z 1785201244
2026-07-28T01:15:04Z 1785201304
2026-07-28T01:16:04Z 1785201364
2026-07-28T01:17:04Z 1785201424
2026-07-28T01:18:04Z 1785201484
2026-07-28T01:19:04Z 1785201544
2026-07-28T01:20:04Z 1785201604
2026-07-28T01:21:04Z 1785201664
2026-07-28T01:22:04Z 1785201724
2026-07-28T01:23:04Z 1785201784
2026-07-28T01:24:04Z 1785201844
2026-07-28T01:25:04Z 1785201904
2026-07-28T01:26:04Z 1785201964
2026-07-28T01:27:04Z 1785202024
2026-07-28T01:28:04Z 1785202084
2026-07-28T01:29:04Z 1785202144
2026-07-28T01:30:04Z 1785202204
2026-07-28T01:31:04Z 1785202264
2026-07-28T01:32:04Z 1785202324
2026-07-28T01:33:04Z 1785202384
2026-07-28T01:34:04Z 1785202444
2026-07-28T01:35:04Z 1785202504
2026-07-28T01:36:04Z 1785202564
2026-07-28T01:37:04Z 1785202624
2026-07-28T01:38:04Z 1785202684
2026-07-28T01:39:04Z 1785202744
2026-07-28T01:40:04Z 1785202804
2026-07-28T01:41:04Z 1785202864
2026-07-28T01:42:04Z 1785202924
2026-07-28T01:43:04Z 1785202984
2026-07-28T01:44:04Z 1785203044
2026-07-28T01:45:04Z 1785203104
2026-07-28T01:46:04Z 1785203164
2026-07-28T01:47:04Z 1785203224
2026-07-28T01:48:04Z 1785203284
2026-07-28T01:49:04Z 1785203344
2026-07-28T01:50:04Z 1785203404
2026-07-28T01:51:04Z 1785203464
2026-07-28T01:52:04Z 1785203524
2026-07-28T01:53:04Z 1785203584
2026-07-28T01:54:04Z 1785203644
2026-07-28T01:55:04Z 1785203704
2026-07-28T01:56:04Z 1785203764
2026-07-28T01:57:04Z 1785203824
2026-07-28T01:58:04Z 1785203884
2026-07-28T01:59:04Z 1785203944
2026-07-28T02:00:04Z 1785204004
2026-07-28T02:01:04Z 1785204064
2026-07-28T02:02:04Z 1785204124
2026-07-28T02:03:04Z 1785204184
2026-07-28T02:04:04Z 1785204244
2026-07-28T02:05:04Z 1785204304
2026-07-28T02:06:04Z 1785204364
2026-07-28T02:07:04Z 1785204424
2026-07-28T02:08:04Z 1785204484
2026-07-28T02:09:04Z 1785204544
2026-07-28T02:10:04Z 1785204604
2026-07-28T02:11:04Z 1785204664
2026-07-28T02:12:04Z 1785204724
2026-07-28T02:13:04Z 1785204784
2026-07-28T02:14:04Z 1785204844
2026-07-28T02:15:04Z 1785204904
2026-07-28T02:16:04Z 1785204964
2026-07-28T02:17:04Z 1785205024
2026-07-28T02:18:04Z 1785205084
2026-07-28T02:19:04Z 1785205144
2026-07-28T02:20:04Z 1785205204
2026-07-28T02:21:04Z 1785205264
2026-07-28T02:22:04Z 1785205324
2026-07-28T02:23:04Z 1785205384
2026-07-28T02:24:04Z 1785205444
2026-07-28T02:25:04Z 1785205504
2026-07-28T02:26:04Z 1785205564
2026-07-28T02:27:04Z 1785205624
2026-07-28T02:28:04Z 1785205684
2026-07-28T02:29:04Z 1785205744
2026-07-28T02:30:04Z 1785205804
2026-07-28T02:31:04Z 1785205864
2026-07-28T02:32:04Z 1785205924
2026-07-28T02:33:04Z 1785205984
2026-07-28T02:34:04Z 1785206044
2026-07-28T02:35:04Z 1785206104
2026-07-28T02:36:04Z 1785206164
2026-07-28T02:37:04Z 1785206224
2026-07-28T02:38:04Z 1785206284
2026-07-28T02:39:04Z 1785206344
2026-07-28T02:40:04Z 1785206404
2026-07-28T02:41:04Z 1785206464
2026-07-28T02:42:04Z 1785206524
2026-07-28T02:43:04Z 1785206584
2026-07-28T02:44:04Z 1785206644
2026-07-28T02:45:04Z 1785206704
2026-07-28T02:46:04Z 1785206764
2026-07-28T02:47:04Z 1785206824
2026-07-28T02:48:04Z 1785206884
2026-07-28T02:49:04Z 1785206944
2026-07-28T02:50:04Z 1785207004
2026-07-28T02:51:04Z 1785207064
2026-07-28T02:52:04Z 1785207124
2026-07-28T02:53:04Z 1785207184
2026-07-28T02:54:04Z 1785207244
2026-07-28T02:55:04Z 1785207304
2026-07-28T02:56:04Z 1785207364
2026-07-28T02:57:04Z 1785207424
2026-07-28T02:58:04Z 1785207484
2026-07-28T02:59:04Z 1785207544
2026-07-28T03:00:04Z 1785207604
2026-07-28T03:01:04Z 1785207664
2026-07-28T03:02:04Z 1785207724
2026-07-28T03:03:04Z 1785207784
2026-07-28T03:04:04Z 1785207844
2026-07-28T03:05:04Z 1785207904
2026-07-28T03:06:04Z 1785207964
2026-07-28T03:07:04Z 1785208024
2026-07-28T03:08:04Z 1785208084
2026-07-28T03:09:04Z 1785208144
2026-07-28T03:10:04Z 1785208204
2026-07-28T03:11:04Z 1785208264
2026-07-28T03:12:04Z 1785208324
2026-07-28T03:13:04Z 1785208384
2026-07-28T03:14:04Z 1785208444
2026-07-28T03:15:04Z 1785208504
2026-07-28T03:16:04Z 1785208564
2026-07-28T03:17:04Z 1785208624
2026-07-28T03:18:04Z 1785208684
2026-07-28T03:19:04Z 1785208744
2026-07-28T03:20:04Z 1785208804
2026-07-28T03:21:04Z 1785208864
2026-07-28T03:22:04Z 1785208924
2026-07-28T03:23:04Z 1785208984
2026-07-28T03:24:04Z 1785209044
2026-07-28T03:25:04Z 1785209104
2026-07-28T03:26:04Z 1785209164
2026-07-28T03:27:04Z 1785209224
2026-07-28T03:28:04Z 1785209284
2026-07-28T03:29:04Z 1785209344
2026-07-28T03:30:04Z 1785209404
2026-07-28T03:31:04Z 1785209464
2026-07-28T03:32:04Z 1785209524
2026-07-28T03:33:04Z 1785209584
2026-07-28T03:34:04Z 1785209644
2026-07-28T03:35:04Z 1785209704
2026-07-28T03:36:04Z 1785209764
2026-07-28T03:37:04Z 1785209824
2026-07-28T03:38:04Z 1785209884
2026-07-28T03:39:04Z 1785209944
2026-07-28T03:40:04Z 1785210004
2026-07-28T03:41:04Z 1785210064
2026-07-28T03:42:04Z 1785210124
2026-07-28T03:43:04Z 1785210184
2026-07-28T03:44:04Z 1785210244
2026-07-28T03:45:04Z 1785210304
2026-07-28T03:46:04Z 1785210364
2026-07-28T03:47:04Z 1785210424
2026-07-28T03:48:04Z 1785210484
2026-07-28T03:49:04Z 1785210544
2026-07-28T03:50:04Z 1785210604
2026-07-28T03:51:04Z 1785210664
2026-07-28T03:52:04Z 1785210724
2026-07-28T03:53:04Z 1785210784
2026-07-28T03:54:04Z 1785210844
2026-07-28T03:55:04Z 1785210904
2026-07-28T03:56:04Z 1785210964
2026-07-28T03:57:04Z 1785211024
2026-07-28T03:58:04Z 1785211084
2026-07-28T03:59:04Z 1785211144
2026-07-28T04:00:04Z 1785211204
2026-07-28T04:01:04Z 1785211264
2026-07-28T04:02:04Z 1785211324
2026-07-28T04:03:04Z 1785211384
2026-07-28T04:04:04Z 1785211444
2026-07-28T04:05:04Z 1785211504
2026-07-28T04:06:04Z 1785211564
2026-07-28T04:07:04Z 1785211624
2026-07-28T04:08:04Z 1785211684
2026-07-28T04:09:04Z 1785211744
2026-07-28T04:10:04Z 1785211804
2026-07-28T04:11:04Z 1785211864
2026-07-28T04:12:04Z 1785211924
2026-07-28T04:13:04Z 1785211984
2026-07-28T04:14:04Z 1785212044
2026-07-28T04:15:04Z 1785212104
2026-07-28T04:16:04Z 1785212164
2026-07-28T04:17:04Z 1785212224
2026-07-28T04:18:04Z 1785212284
2026-07-28T04:19:04Z 1785212344
2026-07-28T04:20:04Z 1785212404
2026-07-28T04:21:04Z 1785212464
2026-07-28T04:22:04Z 1785212524
2026-07-28T04:23:04Z 1785212584
2026-07-28T04:24:04Z 1785212644
2026-07-28T04:25:04Z 1785212704
2026-07-28T04:26:04Z 1785212764
2026-07-28T04:27:04Z 1785212824
2026-07-28T04:28:04Z 1785212884
2026-07-28T04:29:04Z 1785212944
2026-07-28T04:30:04Z 1785213004
2026-07-28T04:31:04Z 1785213064
2026-07-28T04:32:04Z 1785213124
2026-07-28T04:33:04Z 1785213184
2026-07-28T04:34:04Z 1785213244
2026-07-28T04:35:04Z 1785213304
2026-07-28T04:36:04Z 1785213364
2026-07-28T04:37:04Z 1785213424
2026-07-28T04:38:04Z 1785213484
2026-07-28T04:39:04Z 1785213544
2026-07-28T04:40:04Z 1785213604
2026-07-28T04:41:04Z 1785213664
2026-07-28T04:42:04Z 1785213724
2026-07-28T04:43:04Z 1785213784
2026-07-28T04:44:04Z 1785213844
2026-07-28T04:45:04Z 1785213904
2026-07-28T04:46:04Z 1785213964
2026-07-28T04:47:04Z 1785214024
2026-07-28T04:48:04Z 1785214084
2026-07-28T04:49:04Z 1785214144
2026-07-28T04:50:04Z 1785214204
2026-07-28T04:51:04Z 1785214264
2026-07-28T04:52:04Z 1785214324
2026-07-28T04:53:04Z 1785214384
2026-07-28T04:54:04Z 1785214444
2026-07-28T04:55:04Z 1785214504
2026-07-28T04:56:04Z 1785214564
2026-07-28T04:57:04Z 1785214624
2026-07-28T04:58:04Z 1785214684
2026-07-28T04:59:04Z 1785214744
2026-07-28T05:00:04Z 1785214804
2026-07-28T05:01:04Z 1785214864
2026-07-28T05:02:04Z 1785214924
2026-07-28T05:03:04Z 1785214984
2026-07-28T05:04:04Z 1785215044
2026-07-28T05:05:04Z 1785215104
2026-07-28T05:06:04Z 1785215164
2026-07-28T05:07:04Z 1785215224
2026-07-28T05:08:04Z 1785215284
2026-07-28T05:09:04Z 1785215344
2026-07-28T05:10:04Z 1785215404
2026-07-28T05:11:04Z 1785215464
2026-07-28T05:12:04Z 1785215524
2026-07-28T05:13:04Z 1785215584
2026-07-28T05:14:04Z 1785215644
2026-07-28T05:15:04Z 1785215704
2026-07-28T05:16:04Z 1785215764
2026-07-28T05:17:04Z 1785215824
2026-07-28T05:18:04Z 1785215884
2026-07-28T05:19:04Z 1785215944
2026-07-28T05:20:04Z 1785216004
2026-07-28T05:21:04Z 1785216064
2026-07-28T05:22:04Z 1785216124
2026-07-28T05:23:04Z 1785216184
2026-07-28T05:24:04Z 1785216244
2026-07-28T05:25:04Z 1785216304
2026-07-28T05:26:04Z 1785216364
2026-07-28T05:27:04Z 1785216424
2026-07-28T05:28:04Z 1785216484
2026-07-28T05:29:04Z 1785216544
2026-07-28T05:30:04Z 1785216604
2026-07-28T05:31:04Z 1785216664
2026-07-28T05:32:04Z 1785216724
2026-07-28T05:33:04Z 1785216784
2026-07-28T05:34:04Z 1785216844
2026-07-28T05:35:04Z 1785216904
2026-07-28T05:36:04Z 1785216964
2026-07-28T05:37:04Z 1785217024
2026-07-28T05:38:04Z 1785217084
2026-07-28T05:39:04Z 1785217144
2026-07-28T05:40:04Z 1785217204
2026-07-28T05:41:04Z 1785217264
2026-07-28T05:42:04Z 1785217324
2026-07-28T05:43:04Z 1785217384
2026-07-28T05:44:04Z 1785217444
2026-07-28T05:45:04Z 1785217504
2026-07-28T05:46:04Z 1785217564
2026-07-28T05:47:04Z 1785217624
2026-07-28T05:48:04Z 1785217684
2026-07-28T05:49:04Z 1785217744
2026-07-28T05:50:04Z 1785217804
2026-07-28T05:51:04Z 1785217864
2026-07-28T05:52:04Z 1785217924
2026-07-28T05:53:04Z 1785217984
2026-07-28T05:54:04Z 1785218044
2026-07-28T05:55:04Z 1785218104
2026-07-28T05:56:04Z 1785218164
2026-07-28T05:57:04Z 1785218224
2026-07-28T05:58:04Z 1785218284
2026-07-28T05:59:04Z 1785218344
2026-07-28T06:00:04Z 1785218404
2026-07-28T06:01:04Z 1785218464
2026-07-28T06:02:04Z 1785218524
2026-07-28T06:03:04Z 1785218584
2026-07-28T06:04:04Z 1785218644
2026-07-28T06:05:04Z 1785218704
2026-07-28T06:06:04Z 1785218764
2026-07-28T06:07:04Z 1785218824
2026-07-28T06:08:04Z 1785218884
2026-07-28T06:09:04Z 1785218944
2026-07-28T06:10:04Z 1785219004
2026-07-28T06:11:04Z 1785219064
2026-07-28T06:12:04Z 1785219124
2026-07-28T06:13:04Z 1785219184
2026-07-28T06:14:04Z 1785219244
2026-07-28T06:15:04Z 1785219304
2026-07-28T06:16:04Z 1785219364
2026-07-28T06:17:04Z 1785219424
2026-07-28T06:18:04Z 1785219484
2026-07-28T06:19:04Z 1785219544
2026-07-28T06:20:04Z 1785219604
2026-07-28T06:21:04Z 1785219664
2026-07-28T06:22:04Z 1785219724
2026-07-28T06:23:04Z 1785219784
2026-07-28T06:24:04Z 1785219844
2026-07-28T06:25:04Z 1785219904
2026-07-28T06:26:04Z 1785219964
2026-07-28T06:27:04Z 1785220024
2026-07-28T06:28:04Z 1785220084
2026-07-28T06:29:04Z 1785220144
2026-07-28T06:30:04Z 1785220204
2026-07-28T06:31:04Z 1785220264
2026-07-28T06:32:04Z 1785220324
2026-07-28T06:33:04Z 1785220384
2026-07-28T06:34:04Z 1785220444
2026-07-28T06:35:04Z 1785220504
2026-07-28T06:36:04Z 1785220564
2026-07-28T06:37:04Z 1785220624
2026-07-28T06:38:04Z 1785220684
2026-07-28T06:39:04Z 1785220744
2026-07-28T06:40:04Z 1785220804
2026-07-28T06:41:04Z 1785220864
2026-07-28T06:42:04Z 1785220924
2026-07-28T06:43:04Z 1785220984
2026-07-28T06:44:04Z 1785221044
2026-07-28T06:45:04Z 1785221104
2026-07-28T06:46:04Z 1785221164
2026-07-28T06:47:04Z 1785221224
2026-07-28T06:48:04Z 1785221284
2026-07-28T06:49:04Z 1785221344
2026-07-28T06:50:04Z 1785221404
2026-07-28T06:51:04Z 1785221464
2026-07-28T06:52:04Z 1785221524
2026-07-28T06:53:04Z 1785221584
2026-07-28T06:54:04Z 1785221644
2026-07-28T06:55:04Z 1785221704
2026-07-28T06:56:04Z 1785221764
2026-07-28T06:57:04Z 1785221824
2026-07-28T06:58:04Z 1785221884
2026-07-28T06:59:04Z 1785221944
2026-07-28T07:00:04Z 1785222004
2026-07-28T07:01:04Z 1785222064
2026-07-28T07:02:04Z 1785222124
2026-07-28T07:03:04Z 1785222184
2026-07-28T07:04:04Z 1785222244
2026-07-28T07:05:04Z 1785222304
2026-07-28T07:06:04Z 1785222364
2026-07-28T07:07:04Z 1785222424
2026-07-28T07:08:04Z 1785222484
2026-07-28T07:09:04Z 1785222544
2026-07-28T07:10:04Z 1785222604
2026-07-28T07:11:04Z 1785222664
2026-07-28T07:12:04Z 1785222724
2026-07-28T07:13:04Z 1785222784
2026-07-28T07:14:04Z 1785222844
2026-07-28T07:15:04Z 1785222904
2026-07-28T07:16:04Z 1785222964
2026-07-28T07:17:04Z 1785223024
2026-07-28T07:18:04Z 1785223084
2026-07-28T07:19:04Z 1785223144
2026-07-28T07:20:04Z 1785223204
2026-07-28T07:21:04Z 1785223264
2026-07-28T07:22:04Z 1785223324
2026-07-28T07:23:04Z 1785223384
2026-07-28T07:24:04Z 1785223444
2026-07-28T07:25:04Z 1785223504
2026-07-28T07:26:04Z 1785223564
2026-07-28T07:27:04Z 1785223624
2026-07-28T07:28:04Z 1785223684
2026-07-28T07:29:04Z 1785223744
2026-07-28T07:30:04Z 1785223804
2026-07-28T07:31:04Z 1785223864
2026-07-28T07:32:04Z 1785223924
2026-07-28T07:33:04Z 1785223984
2026-07-28T07:34:04Z 1785224044
2026-07-28T07:35:04Z 1785224104
2026-07-28T07:36:04Z 1785224164
2026-07-28T07:37:04Z 1785224224
2026-07-28T07:38:04Z 1785224284
2026-07-28T07:39:04Z 1785224344
2026-07-28T07:40:04Z 1785224404
2026-07-28T07:41:04Z 1785224464
2026-07-28T07:42:04Z 1785224524
2026-07-28T07:43:04Z 1785224584
2026-07-28T07:44:04Z 1785224644
2026-07-28T07:45:04Z 1785224704
2026-07-28T07:46:04Z 1785224764
2026-07-28T07:47:04Z 1785224824
2026-07-28T07:48:04Z 1785224884
2026-07-28T07:49:04Z 1785224944
2026-07-28T07:50:04Z 1785225004
2026-07-28T07:51:04Z 1785225064
2026-07-28T07:52:04Z 1785225124
2026-07-28T07:53:04Z 1785225184
2026-07-28T07:54:04Z 1785225244
2026-07-28T07:55:04Z 1785225304
2026-07-28T07:56:04Z 1785225364
2026-07-28T07:57:04Z 1785225424
2026-07-28T07:58:04Z 1785225484
2026-07-28T07:59:04Z 1785225544
2026-07-28T08:00:04Z 1785225604
2026-07-28T08:01:04Z 1785225664
2026-07-28T08:02:04Z 1785225724
2026-07-28T08:03:04Z 1785225784
2026-07-28T08:04:04Z 1785225844
2026-07-28T08:05:04Z 1785225904
2026-07-28T08:06:04Z 1785225964
2026-07-28T08:07:04Z 1785226024
2026-07-28T08:08:04Z 1785226084
2026-07-28T08:09:04Z 1785226144
2026-07-28T08:10:04Z 1785226204
2026-07-28T08:11:04Z 1785226264
2026-07-28T08:12:04Z 1785226324
2026-07-28T08:13:04Z 1785226384
2026-07-28T08:14:04Z 1785226444
2026-07-28T08:15:04Z 1785226504
2026-07-28T08:16:04Z 1785226564
2026-07-28T08:17:04Z 1785226624
2026-07-28T08:18:04Z 1785226684
2026-07-28T08:19:04Z 1785226744
2026-07-28T08:20:04Z 1785226804
2026-07-28T08:21:04Z 1785226864
2026-07-28T08:22:04Z 1785226924
2026-07-28T08:23:04Z 1785226984
2026-07-28T08:24:04Z 1785227044
2026-07-28T08:25:04Z 1785227104
2026-07-28T08:26:04Z 1785227164
2026-07-28T08:27:04Z 1785227224
2026-07-28T08:28:04Z 1785227284
2026-07-28T08:29:04Z 1785227344
2026-07-28T08:30:04Z 1785227404
2026-07-28T08:31:04Z 1785227464
2026-07-28T08:32:04Z 1785227524
2026-07-28T08:33:04Z 1785227584
2026-07-28T08:34:04Z 1785227644
2026-07-28T08:35:04Z 1785227704
2026-07-28T08:36:04Z 1785227764
2026-07-28T08:37:04Z 1785227824
2026-07-28T08:38:04Z 1785227884
2026-07-28T08:39:04Z 1785227944
2026-07-28T08:40:04Z 1785228004
2026-07-28T08:41:04Z 1785228064
2026-07-28T08:42:04Z 1785228124
2026-07-28T08:43:04Z 1785228184
2026-07-28T08:44:04Z 1785228244
2026-07-28T08:45:04Z 1785228304
2026-07-28T08:46:04Z 1785228364
2026-07-28T08:47:04Z 1785228424
2026-07-28T08:48:04Z 1785228484
2026-07-28T08:49:04Z 1785228544
2026-07-28T08:50:04Z 1785228604
2026-07-28T08:51:04Z 1785228664
2026-07-28T08:52:04Z 1785228724
2026-07-28T08:53:04Z 1785228784
2026-07-28T08:54:04Z 1785228844
2026-07-28T08:55:04Z 1785228904
2026-07-28T08:56:04Z 1785228964
2026-07-28T08:57:04Z 1785229024
2026-07-28T08:58:04Z 1785229084
2026-07-28T08:59:04Z 1785229144
2026-07-28T09:00:04Z 1785229204
2026-07-28T09:01:04Z 1785229264
2026-07-28T09:02:04Z 1785229324
2026-07-28T09:03:04Z 1785229384
2026-07-28T09:04:04Z 1785229444
2026-07-28T09:05:04Z 1785229504
2026-07-28T09:06:04Z 1785229564
2026-07-28T09:07:04Z 1785229624
2026-07-28T09:08:04Z 1785229684
2026-07-28T09:09:04Z 1785229744
2026-07-28T09:10:04Z 1785229804
2026-07-28T09:11:04Z 1785229864
2026-07-28T09:12:04Z 1785229924
2026-07-28T09:13:04Z 1785229984
2026-07-28T09:14:04Z 1785230044
2026-07-28T09:15:04Z 1785230104
2026-07-28T09:16:04Z 1785230164
2026-07-28T09:17:04Z 1785230224
2026-07-28T09:18:04Z 1785230284
2026-07-28T09:19:04Z 1785230344
2026-07-28T09:20:04Z 1785230404
2026-07-28T09:21:04Z 1785230464
2026-07-28T09:22:04Z 1785230524
2026-07-28T09:23:04Z 1785230584
2026-07-28T09:24:04Z 1785230644
2026-07-28T09:25:04Z 1785230704
2026-07-28T09:26:04Z 1785230764
2026-07-28T09:27:04Z 1785230824
2026-07-28T09:28:04Z 1785230884
2026-07-28T09:29:04Z 1785230944
2026-07-28T09:30:04Z 1785231004
2026-07-28T09:31:04Z 1785231064
2026-07-28T09:32:04Z 1785231124
2026-07-28T09:33:04Z 1785231184
2026-07-28T09:34:04Z 1785231244
2026-07-28T09:35:04Z 1785231304
2026-07-28T09:36:04Z 1785231364
2026-07-28T09:37:04Z 1785231424
2026-07-28T09:38:04Z 1785231484
2026-07-28T09:39:04Z 1785231544
2026-07-28T09:40:04Z 1785231604
2026-07-28T09:41:04Z 1785231664
2026-07-28T09:42:04Z 1785231724
2026-07-28T09:43:04Z 1785231784
2026-07-28T09:44:04Z 1785231844
2026-07-28T09:45:04Z 1785231904
2026-07-28T09:46:04Z 1785231964
2026-07-28T09:47:04Z 1785232024
2026-07-28T09:48:04Z 1785232084
2026-07-28T09:49:04Z 1785232144
2026-07-28T09:50:04Z 1785232204
2026-07-28T09:51:04Z 1785232264
2026-07-28T09:52:04Z 1785232324
2026-07-28T09:53:04Z 1785232384
2026-07-28T09:54:04Z 1785232444
2026-07-28T09:55:04Z 1785232504
2026-07-28T09:56:04Z 1785232564
2026-07-28T09:57:04Z 1785232624
2026-07-28T09:58:04Z 1785232684
2026-07-28T09:59:04Z 1785232744
2026-07-28T10:00:04Z 1785232804
2026-07-28T10:01:04Z 1785232864
2026-07-28T10:02:04Z 1785232924
2026-07-28T10:03:04Z 1785232984
2026-07-28T10:04:04Z 1785233044
2026-07-28T10:05:04Z 1785233104
2026-07-28T10:06:04Z 1785233164
2026-07-28T10:07:04Z 1785233224
2026-07-28T10:08:04Z 1785233284
2026-07-28T10:09:04Z 1785233344
2026-07-28T10:10:04Z 1785233404
2026-07-28T10:11:04Z 1785233464
2026-07-28T10:12:04Z 1785233524
2026-07-28T10:13:04Z 1785233584
2026-07-28T10:14:04Z 1785233644
2026-07-28T10:15:04Z 1785233704
2026-07-28T10:16:04Z 1785233764
2026-07-28T10:17:04Z 1785233824
2026-07-28T10:18:04Z 1785233884
2026-07-28T10:19:04Z 1785233944
2026-07-28T10:20:04Z 1785234004
2026-07-28T10:21:04Z 1785234064
2026-07-28T10:22:04Z 1785234124
2026-07-28T10:23:04Z 1785234184
2026-07-28T10:24:04Z 1785234244
2026-07-28T10:25:04Z 1785234304
2026-07-28T10:26:04Z 1785234364
2026-07-28T10:27:04Z 1785234424
2026-07-28T10:28:04Z 1785234484
2026-07-28T10:29:04Z 1785234544
2026-07-28T10:30:04Z 1785234604
2026-07-28T10:31:04Z 1785234664
2026-07-28T10:32:04Z 1785234724
2026-07-28T10:33:04Z 1785234784
2026-07-28T10:34:04Z 1785234844
2026-07-28T10:35:04Z 1785234904
2026-07-28T10:36:04Z 1785234964
2026-07-28T10:37:04Z 1785235024
2026-07-28T10:38:04Z 1785235084
2026-07-28T10:39:04Z 1785235144
2026-07-28T10:40:04Z 1785235204
2026-07-28T10:41:04Z 1785235264
2026-07-28T10:42:04Z 1785235324
2026-07-28T10:43:04Z 1785235384
2026-07-28T10:44:04Z 1785235444
2026-07-28T10:45:04Z 1785235504
2026-07-28T10:46:04Z 1785235564
2026-07-28T10:47:04Z 1785235624
2026-07-28T10:48:04Z 1785235684
2026-07-28T10:49:04Z 1785235744
2026-07-28T10:50:04Z 1785235804
2026-07-28T10:51:04Z 1785235864
2026-07-28T10:52:04Z 1785235924
2026-07-28T10:53:04Z 1785235984
2026-07-28T10:54:04Z 1785236044
2026-07-28T10:55:04Z 1785236104
2026-07-28T10:56:04Z 1785236164
2026-07-28T10:57:04Z 1785236224
2026-07-28T10:58:04Z 1785236284
2026-07-28T10:59:04Z 1785236344
2026-07-28T11:00:04Z 1785236404
2026-07-28T11:01:04Z 1785236464
2026-07-28T11:02:04Z 1785236524
2026-07-28T11:03:04Z 1785236584
2026-07-28T11:04:04Z 1785236644
2026-07-28T11:05:04Z 1785236704
2026-07-28T11:06:04Z 1785236764
2026-07-28T11:07:04Z 1785236824
2026-07-28T11:08:04Z 1785236884
2026-07-28T11:09:04Z 1785236944
2026-07-28T11:10:04Z 1785237004
2026-07-28T11:11:04Z 1785237064
2026-07-28T11:12:04Z 1785237124
2026-07-28T11:13:04Z 1785237184
2026-07-28T11:14:04Z 1785237244
2026-07-28T11:15:04Z 1785237304
2026-07-28T11:16:04Z 1785237364
2026-07-28T11:17:04Z 1785237424
2026-07-28T11:18:04Z 1785237484
2026-07-28T11:19:04Z 1785237544
2026-07-28T11:20:04Z 1785237604
2026-07-28T11:21:04Z 1785237664
2026-07-28T11:22:04Z 1785237724
2026-07-28T11:23:04Z 1785237784
2026-07-28T11:24:04Z 1785237844
2026-07-28T11:25:04Z 1785237904
2026-07-28T11:26:04Z 1785237964
2026-07-28T11:27:04Z 1785238024
2026-07-28T11:28:04Z 1785238084
2026-07-28T11:29:04Z 1785238144
2026-07-28T11:30:04Z 1785238204
2026-07-28T11:31:04Z 1785238264
2026-07-28T11:32:04Z 1785238324
2026-07-28T11:33:04Z 1785238384
2026-07-28T11:34:04Z 1785238444
2026-07-28T11:35:04Z 1785238504
2026-07-28T11:36:04Z 1785238564
2026-07-28T11:37:04Z 1785238624
2026-07-28T11:38:04Z 1785238684
2026-07-28T11:39:04Z 1785238744
2026-07-28T11:40:04Z 1785238804
2026-07-28T11:41:04Z 1785238864
2026-07-28T11:42:04Z 1785238924
2026-07-28T11:43:04Z 1785238984
2026-07-28T11:44:04Z 1785239044
2026-07-28T11:45:04Z 1785239104
2026-07-28T11:46:04Z 1785239164
2026-07-28T11:47:04Z 1785239224
2026-07-28T11:48:04Z 1785239284
2026-07-28T11:49:04Z 1785239344
2026-07-28T11:50:04Z 1785239404
2026-07-28T11:51:04Z 1785239464
2026-07-28T11:52:04Z 1785239524
2026-07-28T11:53:04Z 1785239584
2026-07-28T11:54:04Z 1785239644
2026-07-28T11:55:04Z 1785239704
2026-07-28T11:56:04Z 1785239764
2026-07-28T11:57:04Z 1785239824
2026-07-28T11:58:04Z 1785239884
2026-07-28T11:59:04Z 1785239944
2026-07-28T12:00:04Z 1785240004
2026-07-28T12:01:04Z 1785240064
2026-07-28T12:02:04Z 1785240124
2026-07-28T12:03:04Z 1785240184
2026-07-28T12:04:04Z 1785240244
2026-07-28T12:05:04Z 1785240304
2026-07-28T12:06:04Z 1785240364
2026-07-28T12:07:04Z 1785240424
2026-07-28T12:08:04Z 1785240484
2026-07-28T12:09:04Z 1785240544
2026-07-28T12:10:04Z 1785240604
2026-07-28T12:11:04Z 1785240664
2026-07-28T12:12:04Z 1785240724
2026-07-28T12:13:04Z 1785240784
2026-07-28T12:14:04Z 1785240844
2026-07-28T12:15:04Z 1785240904
2026-07-28T12:16:04Z 1785240964
2026-07-28T12:17:04Z 1785241024
2026-07-28T12:18:04Z 1785241084
2026-07-28T12:19:04Z 1785241144
2026-07-28T12:20:04Z 1785241204
2026-07-28T12:21:04Z 1785241264
2026-07-28T12:22:04Z 1785241324
2026-07-28T12:23:04Z 1785241384
2026-07-28T12:24:04Z 1785241444
2026-07-28T12:25:04Z 1785241504
2026-07-28T12:26:04Z 1785241564
2026-07-28T12:27:04Z 1785241624
2026-07-28T12:28:04Z 1785241684
2026-07-28T12:29:04Z 1785241744
2026-07-28T12:30:04Z 1785241804
2026-07-28T12:31:04Z 1785241864
2026-07-28T12:32:04Z 1785241924
2026-07-28T12:33:04Z 1785241984
2026-07-28T12:34:04Z 1785242044
2026-07-28T12:35:04Z 1785242104
2026-07-28T12:36:04Z 1785242164
2026-07-28T12:37:04Z 1785242224
2026-07-28T12:38:04Z 1785242284
2026-07-28T12:39:04Z 1785242344
2026-07-28T12:40:04Z 1785242404
2026-07-28T12:41:04Z 1785242464
2026-07-28T12:42:04Z 1785242524
2026-07-28T12:43:04Z 1785242584
2026-07-28T12:44:04Z 1785242644
2026-07-28T12:45:04Z 1785242704
2026-07-28T12:46:04Z 1785242764
2026-07-28T12:47:04Z 1785242824
2026-07-28T12:48:04Z 1785242884
2026-07-28T12:49:04Z 1785242944
2026-07-28T12:50:04Z 1785243004
2026-07-28T12:51:04Z 1785243064
2026-07-28T12:52:04Z 1785243124
2026-07-28T12:53:04Z 1785243184
2026-07-28T12:54:04Z 1785243244
2026-07-28T12:55:04Z 1785243304
2026-07-28T12:56:04Z 1785243364
2026-07-28T12:57:04Z 1785243424
2026-07-28T12:58:04Z 1785243484
2026-07-28T12:59:04Z 1785243544
2026-07-28T13:00:04Z 1785243604
2026-07-28T13:01:04Z 1785243664
2026-07-28T13:02:04Z 1785243724
2026-07-28T13:03:04Z 1785243784
2026-07-28T13:04:04Z 1785243844
2026-07-28T13:05:04Z 1785243904
2026-07-28T13:06:04Z 1785243964
2026-07-28T13:07:04Z 1785244024
2026-07-28T13:08:04Z 1785244084
2026-07-28T13:09:04Z 1785244144
2026-07-28T13:10:04Z 1785244204
2026-07-28T13:11:04Z 1785244264
2026-07-28T13:12:04Z 1785244324
2026-07-28T13:13:04Z 1785244384
2026-07-28T13:14:04Z 1785244444
2026-07-28T13:15:04Z 1785244504
2026-07-28T13:16:04Z 1785244564
2026-07-28T13:17:04Z 1785244624
2026-07-28T13:18:04Z 1785244684
2026-07-28T13:19:04Z 1785244744
2026-07-28T13:20:04Z 1785244804
2026-07-28T13:21:04Z 1785244864
2026-07-28T13:22:04Z 1785244924
2026-07-28T13:23:04Z 1785244984
2026-07-28T13:24:04Z 1785245044
2026-07-28T13:25:04Z 1785245104
2026-07-28T13:26:04Z 1785245164
2026-07-28T13:27:04Z 1785245224
2026-07-28T13:28:04Z 1785245284
2026-07-28T13:29:04Z 1785245344
2026-07-28T13:30:04Z 1785245404
2026-07-28T13:31:04Z 1785245464
2026-07-28T13:32:04Z 1785245524
2026-07-28T13:33:04Z 1785245584
2026-07-28T13:34:04Z 1785245644
2026-07-28T13:35:04Z 1785245704
2026-07-28T13:36:04Z 1785245764
2026-07-28T13:37:04Z 1785245824
2026-07-28T13:38:04Z 1785245884
2026-07-28T13:39:04Z 1785245944
2026-07-28T13:40:04Z 1785246004
2026-07-28T13:41:04Z 1785246064
2026-07-28T13:42:04Z 1785246124
2026-07-28T13:43:04Z 1785246184
2026-07-28T13:44:04Z 1785246244
2026-07-28T13:45:04Z 1785246304
2026-07-28T13:46:04Z 1785246364
2026-07-28T13:47:04Z 1785246424
2026-07-28T13:48:04Z 1785246484
2026-07-28T13:49:04Z 1785246544
2026-07-28T13:50:04Z 1785246604
2026-07-28T13:51:04Z 1785246664
2026-07-28T13:52:04Z 1785246724
2026-07-28T13:53:04Z 1785246784
2026-07-28T13:54:04Z 1785246844
2026-07-28T13:55:04Z 1785246904
2026-07-28T13:56:04Z 1785246964
2026-07-28T13:57:04Z 1785247024
2026-07-28T13:58:04Z 1785247084
2026-07-28T13:59:04Z 1785247144
2026-07-28T14:00:04Z 1785247204
2026-07-28T14:01:04Z 1785247264
2026-07-28T14:02:04Z 1785247324
2026-07-28T14:03:04Z 1785247384
2026-07-28T14:04:04Z 1785247444
2026-07-28T14:05:04Z 1785247504
2026-07-28T14:06:04Z 1785247564
2026-07-28T14:07:04Z 1785247624
2026-07-28T14:08:04Z 1785247684
2026-07-28T14:09:04Z 1785247744
2026-07-28T14:10:04Z 1785247804
2026-07-28T14:11:04Z 1785247864
2026-07-28T14:12:04Z 1785247924
2026-07-28T14:13:04Z 1785247984
2026-07-28T14:14:04Z 1785248044
2026-07-28T14:15:04Z 1785248104
2026-07-28T14:16:04Z 1785248164
2026-07-28T14:17:04Z 1785248224
2026-07-28T14:18:04Z 1785248284
2026-07-28T14:19:04Z 1785248344
2026-07-28T14:20:04Z 1785248404
2026-07-28T14:21:04Z 1785248464
2026-07-28T14:22:04Z 1785248524
2026-07-28T14:23:04Z 1785248584
2026-07-28T14:24:04Z 1785248644
2026-07-28T14:25:04Z 1785248704
2026-07-28T14:26:04Z 1785248764
2026-07-28T14:27:04Z 1785248824
2026-07-28T14:28:04Z 1785248884
2026-07-28T14:29:04Z 1785248944
2026-07-28T14:30:04Z 1785249004
2026-07-28T14:31:04Z 1785249064
2026-07-28T14:32:04Z 1785249124
2026-07-28T14:33:04Z 1785249184
2026-07-28T14:34:04Z 1785249244
2026-07-28T14:35:04Z 1785249304
2026-07-28T14:36:04Z 1785249364
2026-07-28T14:37:04Z 1785249424
2026-07-28T14:38:04Z 1785249484
2026-07-28T14:39:04Z 1785249544
2026-07-28T14:40:04Z 1785249604
2026-07-28T14:41:04Z 1785249664
2026-07-28T14:42:04Z 1785249724
2026-07-28T14:43:04Z 1785249784
2026-07-28T14:44:04Z 1785249844
2026-07-28T14:45:04Z 1785249904
2026-07-28T14:46:04Z 1785249964
2026-07-28T14:47:04Z 1785250024
2026-07-28T14:48:04Z 1785250084
2026-07-28T14:49:04Z 1785250144
2026-07-28T14:50:04Z 1785250204
2026-07-28T14:51:04Z 1785250264
2026-07-28T14:52:04Z 1785250324
2026-07-28T14:53:04Z 1785250384
2026-07-28T14:54:04Z 1785250444
2026-07-28T14:55:04Z 1785250504
2026-07-28T14:56:04Z 1785250564
2026-07-28T14:57:04Z 1785250624
2026-07-28T14:58:04Z 1785250684
2026-07-28T14:59:04Z 1785250744
2026-07-28T15:00:04Z 1785250804
2026-07-28T15:01:04Z 1785250864
2026-07-28T15:02:04Z 1785250924
2026-07-28T15:03:04Z 1785250984
2026-07-28T15:04:04Z 1785251044
2026-07-28T15:05:04Z 1785251104
2026-07-28T15:06:04Z 1785251164
2026-07-28T15:07:04Z 1785251224
2026-07-28T15:08:04Z 1785251284
2026-07-28T15:09:04Z 1785251344
2026-07-28T15:10:04Z 1785251404
2026-07-28T15:11:04Z 1785251464
2026-07-28T15:12:04Z 1785251524
2026-07-28T15:13:04Z 1785251584
2026-07-28T15:14:04Z 1785251644
2026-07-28T15:15:04Z 1785251704
2026-07-28T15:16:04Z 1785251764
2026-07-28T15:17:04Z 1785251824
2026-07-28T15:18:04Z 1785251884
2026-07-28T15:19:04Z 1785251944
2026-07-28T15:20:04Z 1785252004
2026-07-28T15:21:04Z 1785252064
2026-07-28T15:22:04Z 1785252124
2026-07-28T15:23:04Z 1785252184
2026-07-28T15:24:04Z 1785252244
2026-07-28T15:25:04Z 1785252304
2026-07-28T15:26:04Z 1785252364
2026-07-28T15:27:04Z 1785252424
2026-07-28T15:28:04Z 1785252484
2026-07-28T15:29:04Z 1785252544
2026-07-28T15:30:04Z 1785252604
2026-07-28T15:31:04Z 1785252664
2026-07-28T15:32:04Z 1785252724
2026-07-28T15:33:04Z 1785252784
2026-07-28T15:34:04Z 1785252844
2026-07-28T15:35:04Z 1785252904
2026-07-28T15:36:04Z 1785252964
2026-07-28T15:37:04Z 1785253024
2026-07-28T15:38:04Z 1785253084
2026-07-28T15:39:04Z 1785253144
2026-07-28T15:40:04Z 1785253204
2026-07-28T15:41:04Z 1785253264
2026-07-28T15:42:04Z 1785253324
2026-07-28T15:43:04Z 1785253384
2026-07-28T15:44:04Z 1785253444
2026-07-28T15:45:04Z 1785253504
2026-07-28T15:46:04Z 1785253564
2026-07-28T15:47:04Z 1785253624
2026-07-28T15:48:04Z 1785253684
2026-07-28T15:49:04Z 1785253744
2026-07-28T15:50:04Z 1785253804
2026-07-28T15:51:04Z 1785253864
2026-07-28T15:52:04Z 1785253924
2026-07-28T15:53:04Z 1785253984
2026-07-28T15:54:04Z 1785254044
2026-07-28T15:55:04Z 1785254104
2026-07-28T15:56:04Z 1785254164
2026-07-28T15:57:04Z 1785254224
2026-07-28T15:58:04Z 1785254284
2026-07-28T15:59:04Z 1785254344
2026-07-28T16:00:04Z 1785254404
2026-07-28T16:01:04Z 1785254464
2026-07-28T16:02:04Z 1785254524
2026-07-28T16:03:04Z 1785254584
2026-07-28T16:04:04Z 1785254644
2026-07-28T16:05:04Z 1785254704
2026-07-28T16:06:04Z 1785254764
2026-07-28T16:07:04Z 1785254824
2026-07-28T16:08:04Z 1785254884
2026-07-28T16:09:04Z 1785254944
2026-07-28T16:10:04Z 1785255004
2026-07-28T16:11:04Z 1785255064
2026-07-28T16:12:04Z 1785255124
2026-07-28T16:13:04Z 1785255184
2026-07-28T16:14:04Z 1785255244
2026-07-28T16:15:04Z 1785255304
2026-07-28T16:16:04Z 1785255364
2026-07-28T16:17:04Z 1785255424
2026-07-28T16:18:04Z 1785255484
2026-07-28T16:19:04Z 1785255544
2026-07-28T16:20:04Z 1785255604
2026-07-28T16:21:04Z 1785255664
2026-07-28T16:22:04Z 1785255724
2026-07-28T16:23:04Z 1785255784
2026-07-28T16:24:04Z 1785255844
2026-07-28T16:25:04Z 1785255904
2026-07-28T16:26:04Z 1785255964
2026-07-28T16:27:04Z 1785256024
2026-07-28T16:28:04Z 1785256084
2026-07-28T16:29:04Z 1785256144
2026-07-28T16:30:04Z 1785256204
2026-07-28T16:31:04Z 1785256264
2026-07-28T16:32:04Z 1785256324
2026-07-28T16:33:04Z 1785256384
2026-07-28T16:34:04Z 1785256444
2026-07-28T16:35:04Z 1785256504
2026-07-28T16:36:04Z 1785256564
2026-07-28T16:37:04Z 1785256624
2026-07-28T16:38:04Z 1785256684
2026-07-28T16:39:04Z 1785256744
2026-07-28T16:40:04Z 1785256804
2026-07-28T16:41:04Z 1785256864
2026-07-28T16:42:04Z 1785256924
2026-07-28T16:43:04Z 1785256984
2026-07-28T16:44:04Z 1785257044
2026-07-28T16:45:04Z 1785257104
2026-07-28T16:46:04Z 1785257164
2026-07-28T16:47:04Z 1785257224
2026-07-28T16:48:04Z 1785257284
2026-07-28T16:49:04Z 1785257344
2026-07-28T16:50:04Z 1785257404
2026-07-28T16:51:04Z 1785257464
2026-07-28T16:52:04Z 1785257524
2026-07-28T16:53:04Z 1785257584
2026-07-28T16:54:04Z 1785257644
2026-07-28T16:55:04Z 1785257704
2026-07-28T16:56:04Z 1785257764
2026-07-28T16:57:04Z 1785257824
2026-07-28T16:58:04Z 1785257884
2026-07-28T16:59:04Z 1785257944
2026-07-28T17:00:04Z 1785258004
2026-07-28T17:01:04Z 1785258064
2026-07-28T17:02:04Z 1785258124
2026-07-28T17:03:04Z 1785258184
2026-07-28T17:04:04Z 1785258244
2026-07-28T17:05:04Z 1785258304
2026-07-28T17:06:04Z 1785258364
2026-07-28T17:07:04Z 1785258424
2026-07-28T17:08:04Z 1785258484
2026-07-28T17:09:04Z 1785258544
2026-07-28T17:10:04Z 1785258604
2026-07-28T17:11:04Z 1785258664
2026-07-28T17:12:04Z 1785258724
2026-07-28T17:13:04Z 1785258784
2026-07-28T17:14:04Z 1785258844
2026-07-28T17:15:04Z 1785258904
2026-07-28T17:16:04Z 1785258964
2026-07-28T17:17:04Z 1785259024
2026-07-28T17:18:04Z 1785259084
2026-07-28T17:19:04Z 1785259144
2026-07-28T17:20:04Z 1785259204
2026-07-28T17:21:04Z 1785259264
2026-07-28T17:22:04Z 1785259324
2026-07-28T17:23:04Z 1785259384
2026-07-28T17:24:04Z 1785259444
2026-07-28T17:25:04Z 1785259504
2026-07-28T17:26:04Z 1785259564
2026-07-28T17:27:04Z 1785259624
2026-07-28T17:28:04Z 1785259684
2026-07-28T17:29:04Z 1785259744
2026-07-28T17:30:04Z 1785259804
2026-07-28T17:31:04Z 1785259864
2026-07-28T17:32:04Z 1785259924
2026-07-28T17:33:04Z 1785259984
2026-07-28T17:34:04Z 1785260044
2026-07-28T17:35:04Z 1785260104
2026-07-28T17:36:04Z 1785260164
2026-07-28T17:37:04Z 1785260224
2026-07-28T17:38:04Z 1785260284
2026-07-28T17:39:04Z 1785260344
2026-07-28T17:40:04Z 1785260404
2026-07-28T17:41:04Z 1785260464
2026-07-28T17:42:04Z 1785260524
2026-07-28T17:43:04Z 1785260584
2026-07-28T17:44:04Z 1785260644
2026-07-28T17:45:04Z 1785260704
2026-07-28T17:46:04Z 1785260764
2026-07-28T17:47:04Z 1785260824
2026-07-28T17:48:04Z 1785260884
2026-07-28T17:49:04Z 1785260944
2026-07-28T17:50:04Z 1785261004
2026-07-28T17:51:04Z 1785261064
2026-07-28T17:52:04Z 1785261124
2026-07-28T17:53:04Z 1785261184
2026-07-28T17:54:04Z 1785261244
2026-07-28T17:55:04Z 1785261304
2026-07-28T17:56:04Z 1785261364
2026-07-28T17:57:04Z 1785261424
2026-07-28T17:58:04Z 1785261484
2026-07-28T17:59:04Z 1785261544
2026-07-28T18:00:04Z 1785261604
2026-07-28T18:01:04Z 1785261664
2026-07-28T18:02:04Z 1785261724
2026-07-28T18:03:04Z 1785261784
2026-07-28T18:04:04Z 1785261844
2026-07-28T18:05:04Z 1785261904
2026-07-28T18:06:04Z 1785261964
2026-07-28T18:07:04Z 1785262024
2026-07-28T18:08:04Z 1785262084
2026-07-28T18:09:04Z 1785262144
2026-07-28T18:10:04Z 1785262204
2026-07-28T18:11:04Z 1785262264
2026-07-28T18:12:04Z 1785262324
2026-07-28T18:13:04Z 1785262384
2026-07-28T18:14:04Z 1785262444
2026-07-28T18:15:04Z 1785262504
2026-07-28T18:16:04Z 1785262564
2026-07-28T18:17:04Z 1785262624
2026-07-28T18:18:04Z 1785262684
2026-07-28T18:19:04Z 1785262744
2026-07-28T18:20:04Z 1785262804
2026-07-28T18:21:04Z 1785262864
2026-07-28T18:22:04Z 1785262924
2026-07-28T18:23:04Z 1785262984
2026-07-28T18:24:04Z 1785263044
2026-07-28T18:25:04Z 1785263104
2026-07-28T18:26:04Z 1785263164
2026-07-28T18:27:04Z 1785263224
2026-07-28T18:28:04Z 1785263284
2026-07-28T18:29:04Z 1785263344
2026-07-28T18:30:04Z 1785263404
2026-07-28T18:31:04Z 1785263464
2026-07-28T18:32:04Z 1785263524
2026-07-28T18:33:04Z 1785263584
2026-07-28T18:34:04Z 1785263644
2026-07-28T18:35:04Z 1785263704
2026-07-28T18:36:04Z 1785263764
2026-07-28T18:37:04Z 1785263824
2026-07-28T18:38:04Z 1785263884
2026-07-28T18:39:04Z 1785263944
2026-07-28T18:40:04Z 1785264004
2026-07-28T18:41:04Z 1785264064
2026-07-28T18:42:04Z 1785264124
2026-07-28T18:43:04Z 1785264184
2026-07-28T18:44:04Z 1785264244
2026-07-28T18:45:04Z 1785264304
2026-07-28T18:46:04Z 1785264364
2026-07-28T18:47:04Z 1785264424
2026-07-28T18:48:04Z 1785264484
2026-07-28T18:49:04Z 1785264544
2026-07-28T18:50:04Z 1785264604
2026-07-28T18:51:04Z 1785264664
2026-07-28T18:52:04Z 1785264724
2026-07-28T18:53:04Z 1785264784
2026-07-28T18:54:04Z 1785264844
2026-07-28T18:55:04Z 1785264904
2026-07-28T18:56:04Z 1785264964
2026-07-28T18:57:04Z 1785265024
2026-07-28T18:58:04Z 1785265084
2026-07-28T18:59:04Z 1785265144
2026-07-28T19:00:04Z 1785265204
2026-07-28T19:01:04Z 1785265264
2026-07-28T19:02:04Z 1785265324
2026-07-28T19:03:04Z 1785265384
2026-07-28T19:04:04Z 1785265444
2026-07-28T19:05:04Z 1785265504
2026-07-28T19:06:04Z 1785265564
2026-07-28T19:07:04Z 1785265624
2026-07-28T19:08:04Z 1785265684
2026-07-28T19:09:04Z 1785265744
2026-07-28T19:10:04Z 1785265804
2026-07-28T19:11:04Z 1785265864
2026-07-28T19:12:04Z 1785265924
2026-07-28T19:13:04Z 1785265984
2026-07-28T19:14:04Z 1785266044
2026-07-28T19:15:04Z 1785266104
2026-07-28T19:16:04Z 1785266164
2026-07-28T19:17:04Z 1785266224
2026-07-28T19:18:04Z 1785266284
2026-07-28T19:19:04Z 1785266344
2026-07-28T19:20:04Z 1785266404
2026-07-28T19:21:04Z 1785266464
2026-07-28T19:22:04Z 1785266524
2026-07-28T19:23:04Z 1785266584
2026-07-28T19:24:04Z 1785266644
2026-07-28T19:25:04Z 1785266704
2026-07-28T19:26:04Z 1785266764
2026-07-28T19:27:04Z 1785266824
2026-07-28T19:28:04Z 1785266884
2026-07-28T19:29:04Z 1785266944
2026-07-28T19:30:04Z 1785267004
2026-07-28T19:31:04Z 1785267064
2026-07-28T19:32:04Z 1785267124
2026-07-28T19:33:04Z 1785267184
2026-07-28T19:34:04Z 1785267244
2026-07-28T19:35:04Z 1785267304
2026-07-28T19:36:04Z 1785267364
2026-07-28T19:37:04Z 1785267424
2026-07-28T19:38:04Z 1785267484
2026-07-28T19:39:04Z 1785267544
2026-07-28T19:40:04Z 1785267604
2026-07-28T19:41:04Z 1785267664
2026-07-28T19:42:04Z 1785267724
2026-07-28T19:43:04Z 1785267784
2026-07-28T19:44:04Z 1785267844
2026-07-28T19:45:04Z 1785267904
2026-07-28T19:46:04Z 1785267964
2026-07-28T19:47:04Z 1785268024
2026-07-28T19:48:04Z 1785268084
2026-07-28T19:49:04Z 1785268144
2026-07-28T19:50:04Z 1785268204
2026-07-28T19:51:04Z 1785268264
2026-07-28T19:52:04Z 1785268324
2026-07-28T19:53:04Z 1785268384
2026-07-28T19:54:04Z 1785268444
2026-07-28T19:55:04Z 1785268504
2026-07-28T19:56:04Z 1785268564
2026-07-28T19:57:04Z 1785268624
2026-07-28T19:58:04Z 1785268684
2026-07-28T19:59:04Z 1785268744
2026-07-28T20:00:04Z 1785268804
2026-07-28T20:01:04Z 1785268864
2026-07-28T20:02:04Z 1785268924
2026-07-28T20:03:04Z 1785268984
2026-07-28T20:04:04Z 1785269044
2026-07-28T20:05:04Z 1785269104
2026-07-28T20:06:04Z 1785269164
2026-07-28T20:07:04Z 1785269224
2026-07-28T20:08:04Z 1785269284
2026-07-28T20:09:04Z 1785269344
2026-07-28T20:10:04Z 1785269404
2026-07-28T20:11:04Z 1785269464
2026-07-28T20:12:04Z 1785269524
2026-07-28T20:13:04Z 1785269584
2026-07-28T20:14:04Z 1785269644
2026-07-28T20:15:04Z 1785269704
2026-07-28T20:16:04Z 1785269764
2026-07-28T20:17:04Z 1785269824
2026-07-28T20:18:04Z 1785269884
2026-07-28T20:19:04Z 1785269944
2026-07-28T20:20:04Z 1785270004
2026-07-28T20:21:04Z 1785270064
2026-07-28T20:22:04Z 1785270124
2026-07-28T20:23:04Z 1785270184
2026-07-28T20:24:04Z 1785270244
2026-07-28T20:25:04Z 1785270304
2026-07-28T20:26:04Z 1785270364
2026-07-28T20:27:04Z 1785270424
2026-07-28T20:28:04Z 1785270484
2026-07-28T20:29:04Z 1785270544
2026-07-28T20:30:04Z 1785270604
2026-07-28T20:31:04Z 1785270664
2026-07-28T20:32:04Z 1785270724
2026-07-28T20:33:04Z 1785270784
2026-07-28T20:34:04Z 1785270844
2026-07-28T20:35:04Z 1785270904
2026-07-28T20:36:04Z 1785270964
2026-07-28T20:37:04Z 1785271024
2026-07-28T20:38:04Z 1785271084
2026-07-28T20:39:04Z 1785271144
2026-07-28T20:40:04Z 1785271204
2026-07-28T20:41:04Z 1785271264
2026-07-28T20:42:04Z 1785271324
2026-07-28T20:43:04Z 1785271384
2026-07-28T20:44:04Z 1785271444
2026-07-28T20:45:04Z 1785271504
2026-07-28T20:46:04Z 1785271564
2026-07-28T20:47:04Z 1785271624
2026-07-28T20:48:04Z 1785271684
2026-07-28T20:49:04Z 1785271744
2026-07-28T20:50:04Z 1785271804
2026-07-28T20:51:04Z 1785271864
2026-07-28T20:52:04Z 1785271924
2026-07-28T20:53:04Z 1785271984
2026-07-28T20:54:04Z 1785272044
2026-07-28T20:55:04Z 1785272104
2026-07-28T20:56:04Z 1785272164
2026-07-28T20:57:04Z 1785272224
2026-07-28T20:58:04Z 1785272284
2026-07-28T20:59:04Z 1785272344
2026-07-28T21:00:04Z 1785272404
2026-07-28T21:01:04Z 1785272464
2026-07-28T21:02:04Z 1785272524
2026-07-28T21:03:04Z 1785272584
2026-07-28T21:04:04Z 1785272644
2026-07-28T21:05:04Z 1785272704
2026-07-28T21:06:04Z 1785272764
2026-07-28T21:07:04Z 1785272824
2026-07-28T21:08:04Z 1785272884
2026-07-28T21:09:04Z 1785272944
2026-07-28T21:10:04Z 1785273004
2026-07-28T21:11:04Z 1785273064
2026-07-28T21:12:04Z 1785273124
2026-07-28T21:13:04Z 1785273184
2026-07-28T21:14:04Z 1785273244
2026-07-28T21:15:04Z 1785273304
2026-07-28T21:16:04Z 1785273364
2026-07-28T21:17:04Z 1785273424
2026-07-28T21:18:04Z 1785273484
2026-07-28T21:19:04Z 1785273544
2026-07-28T21:20:04Z 1785273604
2026-07-28T21:21:04Z 1785273664
2026-07-28T21:22:04Z 1785273724
2026-07-28T21:23:04Z 1785273784
2026-07-28T21:24:04Z 1785273844
2026-07-28T21:25:04Z 1785273904
2026-07-28T21:26:04Z 1785273964
2026-07-28T21:27:04Z 1785274024
2026-07-28T21:28:04Z 1785274084
2026-07-28T21:29:04Z 1785274144
2026-07-28T21:30:04Z 1785274204
2026-07-28T21:31:04Z 1785274264
2026-07-28T21:32:04Z 1785274324
2026-07-28T21:33:04Z 1785274384
2026-07-28T21:34:04Z 1785274444
2026-07-28T21:35:04Z 1785274504
2026-07-28T21:36:04Z 1785274564
2026-07-28T21:37:04Z 1785274624
2026-07-28T21:38:04Z 1785274684
2026-07-28T21:39:04Z 1785274744
2026-07-28T21:40:04Z 1785274804
2026-07-28T21:41:04Z 1785274864
2026-07-28T21:42:04Z 1785274924
2026-07-28T21:43:04Z 1785274984
2026-07-28T21:44:04Z 1785275044
2026-07-28T21:45:04Z 1785275104
2026-07-28T21:46:04Z 1785275164
2026-07-28T21:47:04Z 1785275224
2026-07-28T21:48:04Z 1785275284
2026-07-28T21:49:04Z 1785275344
2026-07-28T21:50:04Z 1785275404
2026-07-28T21:51:04Z 1785275464
2026-07-28T21:52:04Z 1785275524
2026-07-28T21:53:04Z 1785275584
2026-07-28T21:54:04Z 1785275644
2026-07-28T21:55:04Z 1785275704
2026-07-28T21:56:02Z 1785275762
2026-07-28T21:57:04Z 1785275824
2026-07-28T21:58:04Z 1785275884
2026-07-28T21:59:04Z 1785275944
2026-07-28T22:00:04Z 1785276004
2026-07-28T22:01:04Z 1785276064
2026-07-28T22:02:04Z 1785276124
2026-07-28T22:03:04Z 1785276184
2026-07-28T22:04:04Z 1785276244
2026-07-28T22:05:04Z 1785276304
2026-07-28T22:06:04Z 1785276364
2026-07-28T22:07:04Z 1785276424
2026-07-28T22:08:04Z 1785276484
2026-07-28T22:09:04Z 1785276544
2026-07-28T22:10:04Z 1785276604
2026-07-28T22:11:04Z 1785276664
2026-07-28T22:12:04Z 1785276724
2026-07-28T22:13:04Z 1785276784
2026-07-28T22:14:04Z 1785276844
2026-07-28T22:15:04Z 1785276904
2026-07-28T22:16:04Z 1785276964
2026-07-28T22:17:04Z 1785277024
2026-07-28T22:18:04Z 1785277084
2026-07-28T22:19:04Z 1785277144
2026-07-28T22:20:04Z 1785277204
2026-07-28T22:21:04Z 1785277264
2026-07-28T22:22:04Z 1785277324
2026-07-28T22:23:04Z 1785277384
2026-07-28T22:24:04Z 1785277444
2026-07-28T22:25:04Z 1785277504
2026-07-28T22:26:04Z 1785277564
2026-07-28T22:27:04Z 1785277624
2026-07-28T22:28:04Z 1785277684
2026-07-28T22:29:04Z 1785277744
2026-07-28T22:30:04Z 1785277804
2026-07-28T22:31:04Z 1785277864
2026-07-28T22:32:04Z 1785277924
2026-07-28T22:33:04Z 1785277984
2026-07-28T22:34:04Z 1785278044
2026-07-28T22:35:04Z 1785278104
2026-07-28T22:36:04Z 1785278164
2026-07-28T22:37:04Z 1785278224
2026-07-28T22:38:04Z 1785278284
2026-07-28T22:39:04Z 1785278344
2026-07-28T22:40:04Z 1785278404
2026-07-28T22:41:04Z 1785278464
2026-07-28T22:42:04Z 1785278524
2026-07-28T22:43:04Z 1785278584
2026-07-28T22:44:04Z 1785278644
2026-07-28T22:45:04Z 1785278704
2026-07-28T22:46:04Z 1785278764
2026-07-28T22:47:04Z 1785278824
2026-07-28T22:48:04Z 1785278884
2026-07-28T22:49:04Z 1785278944
2026-07-28T22:50:04Z 1785279004
2026-07-28T22:51:04Z 1785279064
2026-07-28T22:52:04Z 1785279124
2026-07-28T22:53:04Z 1785279184
2026-07-28T22:54:04Z 1785279244
2026-07-28T22:55:04Z 1785279304
2026-07-28T22:56:04Z 1785279364
2026-07-28T22:57:04Z 1785279424
2026-07-28T22:58:04Z 1785279484
2026-07-28T22:59:04Z 1785279544
2026-07-28T23:00:04Z 1785279604
2026-07-28T23:01:04Z 1785279664
2026-07-28T23:02:04Z 1785279724
2026-07-28T23:03:04Z 1785279784
2026-07-28T23:04:04Z 1785279844
2026-07-28T23:05:04Z 1785279904
2026-07-28T23:06:04Z 1785279964
2026-07-28T23:07:04Z 1785280024
2026-07-28T23:08:04Z 1785280084
2026-07-28T23:09:04Z 1785280144
2026-07-28T23:10:04Z 1785280204
2026-07-28T23:11:04Z 1785280264
2026-07-28T23:12:04Z 1785280324
2026-07-28T23:13:04Z 1785280384
2026-07-28T23:14:04Z 1785280444
2026-07-28T23:15:04Z 1785280504
2026-07-28T23:16:04Z 1785280564
2026-07-28T23:17:04Z 1785280624
2026-07-28T23:18:04Z 1785280684
2026-07-28T23:19:04Z 1785280744
2026-07-28T23:20:04Z 1785280804
2026-07-28T23:21:04Z 1785280864
2026-07-28T23:22:04Z 1785280924
2026-07-28T23:23:04Z 1785280984
2026-07-28T23:24:04Z 1785281044
2026-07-28T23:25:04Z 1785281104
2026-07-28T23:26:04Z 1785281164
2026-07-28T23:27:04Z 1785281224
2026-07-28T23:28:04Z 1785281284
2026-07-28T23:29:04Z 1785281344
2026-07-28T23:30:04Z 1785281404
2026-07-28T23:31:04Z 1785281464
2026-07-28T23:32:04Z 1785281524
2026-07-28T23:33:04Z 1785281584
2026-07-28T23:34:04Z 1785281644
2026-07-28T23:35:04Z 1785281704
2026-07-28T23:36:04Z 1785281764
2026-07-28T23:37:04Z 1785281824
2026-07-28T23:38:04Z 1785281884
2026-07-28T23:39:04Z 1785281944
2026-07-28T23:40:04Z 1785282004
2026-07-28T23:41:04Z 1785282064
2026-07-28T23:42:04Z 1785282124
2026-07-28T23:43:04Z 1785282184
2026-07-28T23:44:04Z 1785282244
2026-07-28T23:45:04Z 1785282304
2026-07-28T23:46:04Z 1785282364
2026-07-28T23:47:04Z 1785282424
2026-07-28T23:48:04Z 1785282484
2026-07-28T23:49:04Z 1785282544
2026-07-28T23:50:04Z 1785282604
2026-07-28T23:51:04Z 1785282664
2026-07-28T23:52:04Z 1785282724
2026-07-28T23:53:04Z 1785282784
2026-07-28T23:54:04Z 1785282844
2026-07-28T23:55:04Z 1785282904
2026-07-28T23:56:04Z 1785282964
2026-07-28T23:57:04Z 1785283024
2026-07-28T23:58:04Z 1785283084
2026-07-28T23:59:04Z 1785283144
2026-07-29T00:00:04Z 1785283204
2026-07-29T00:01:04Z 1785283264
2026-07-29T00:02:04Z 1785283324
2026-07-29T00:03:04Z 1785283384
2026-07-29T00:04:04Z 1785283444
2026-07-29T00:05:04Z 1785283504
2026-07-29T00:06:04Z 1785283564
2026-07-29T00:07:04Z 1785283624
2026-07-29T00:08:04Z 1785283684
2026-07-29T00:09:00Z 1785283740
2026-07-29T00:10:04Z 1785283804
2026-07-29T00:11:04Z 1785283864
2026-07-29T00:12:04Z 1785283924
2026-07-29T00:13:04Z 1785283984
2026-07-29T00:14:04Z 1785284044
2026-07-29T00:15:04Z 1785284104
2026-07-29T00:16:04Z 1785284164
2026-07-29T00:17:04Z 1785284224
2026-07-29T00:18:04Z 1785284284
2026-07-29T00:19:04Z 1785284344
2026-07-29T00:20:04Z 1785284404
2026-07-29T00:21:04Z 1785284464
2026-07-29T00:22:04Z 1785284524
2026-07-29T00:23:04Z 1785284584
2026-07-29T00:24:04Z 1785284644
2026-07-29T00:25:04Z 1785284704
2026-07-29T00:26:04Z 1785284764
2026-07-29T00:27:04Z 1785284824
2026-07-29T00:28:04Z 1785284884
2026-07-29T00:29:04Z 1785284944
2026-07-29T00:30:04Z 1785285004
2026-07-29T00:31:04Z 1785285064
2026-07-29T00:32:07Z 1785285127
2026-07-29T00:33:04Z 1785285184
2026-07-29T00:34:04Z 1785285244
2026-07-29T00:35:04Z 1785285304
2026-07-29T00:36:04Z 1785285364
2026-07-29T00:37:04Z 1785285424
2026-07-29T00:38:04Z 1785285484
2026-07-29T00:39:04Z 1785285544
2026-07-29T00:40:04Z 1785285604
2026-07-29T00:41:04Z 1785285664
2026-07-29T00:42:04Z 1785285724
2026-07-29T00:43:04Z 1785285784
2026-07-29T00:44:04Z 1785285844
2026-07-29T00:45:04Z 1785285904
2026-07-29T00:46:04Z 1785285964
2026-07-29T00:47:04Z 1785286024
2026-07-29T00:48:04Z 1785286084
2026-07-29T00:49:04Z 1785286144
2026-07-29T00:50:04Z 1785286204
2026-07-29T00:51:04Z 1785286264
2026-07-29T00:52:04Z 1785286324
2026-07-29T00:53:04Z 1785286384
2026-07-29T00:54:04Z 1785286444
2026-07-29T00:55:04Z 1785286504
2026-07-29T00:56:04Z 1785286564
2026-07-29T00:57:04Z 1785286624
2026-07-29T00:58:04Z 1785286684
2026-07-29T00:59:04Z 1785286744
2026-07-29T01:00:04Z 1785286804
2026-07-29T01:01:04Z 1785286864
2026-07-29T01:02:04Z 1785286924
2026-07-29T01:03:04Z 1785286984
2026-07-29T01:04:04Z 1785287044
2026-07-29T01:05:04Z 1785287104
2026-07-29T01:06:04Z 1785287164
2026-07-29T01:07:04Z 1785287224
2026-07-29T01:08:04Z 1785287284
2026-07-29T01:09:04Z 1785287344
2026-07-29T01:10:04Z 1785287404
2026-07-29T01:11:04Z 1785287464
2026-07-29T01:12:04Z 1785287524
2026-07-29T01:13:04Z 1785287584
2026-07-29T01:14:04Z 1785287644
2026-07-29T01:15:04Z 1785287704
2026-07-29T01:16:04Z 1785287764
2026-07-29T01:17:04Z 1785287824
2026-07-29T01:18:04Z 1785287884
2026-07-29T01:19:04Z 1785287944
2026-07-29T01:20:04Z 1785288004
2026-07-29T01:21:04Z 1785288064
2026-07-29T01:22:04Z 1785288124
2026-07-29T01:23:04Z 1785288184
2026-07-29T01:24:04Z 1785288244
2026-07-29T01:25:04Z 1785288304
2026-07-29T01:26:04Z 1785288364
2026-07-29T01:27:04Z 1785288424
2026-07-29T01:28:04Z 1785288484
2026-07-29T01:29:04Z 1785288544
2026-07-29T01:30:04Z 1785288604
2026-07-29T01:31:04Z 1785288664
2026-07-29T01:32:04Z 1785288724
2026-07-29T01:33:04Z 1785288784
2026-07-29T01:34:04Z 1785288844
2026-07-29T01:35:04Z 1785288904
2026-07-29T01:36:04Z 1785288964
2026-07-29T01:37:04Z 1785289024
2026-07-29T01:38:04Z 1785289084
2026-07-29T01:39:04Z 1785289144
2026-07-29T01:40:04Z 1785289204
2026-07-29T01:41:04Z 1785289264
2026-07-29T01:42:04Z 1785289324
2026-07-29T01:43:04Z 1785289384
2026-07-29T01:44:04Z 1785289444
2026-07-29T01:45:04Z 1785289504
2026-07-29T01:46:04Z 1785289564
2026-07-29T01:47:04Z 1785289624
2026-07-29T01:48:04Z 1785289684
2026-07-29T01:49:04Z 1785289744
2026-07-29T01:50:04Z 1785289804
2026-07-29T01:51:04Z 1785289864
2026-07-29T01:52:04Z 1785289924
2026-07-29T01:53:04Z 1785289984
2026-07-29T01:54:04Z 1785290044
2026-07-29T01:55:04Z 1785290104
2026-07-29T01:56:04Z 1785290164
2026-07-29T01:57:04Z 1785290224
2026-07-29T01:58:04Z 1785290284
2026-07-29T01:59:04Z 1785290344
2026-07-29T02:00:04Z 1785290404
2026-07-29T02:01:04Z 1785290464
2026-07-29T02:02:04Z 1785290524
2026-07-29T02:03:04Z 1785290584
2026-07-29T02:04:04Z 1785290644
2026-07-29T02:05:04Z 1785290704
2026-07-29T02:06:04Z 1785290764
2026-07-29T02:07:04Z 1785290824
2026-07-29T02:08:04Z 1785290884
2026-07-29T02:09:04Z 1785290944
2026-07-29T02:10:04Z 1785291004
2026-07-29T02:11:04Z 1785291064
2026-07-29T02:12:04Z 1785291124
2026-07-29T02:13:04Z 1785291184
2026-07-29T02:14:04Z 1785291244
2026-07-29T02:15:04Z 1785291304
2026-07-29T02:16:04Z 1785291364
2026-07-29T02:17:04Z 1785291424
2026-07-29T02:18:04Z 1785291484
2026-07-29T02:19:04Z 1785291544
2026-07-29T02:20:04Z 1785291604
2026-07-29T02:21:04Z 1785291664
2026-07-29T02:22:04Z 1785291724
2026-07-29T02:23:04Z 1785291784
2026-07-29T02:24:04Z 1785291844
2026-07-29T02:25:04Z 1785291904
2026-07-29T02:26:04Z 1785291964
2026-07-29T02:27:04Z 1785292024
2026-07-29T02:28:04Z 1785292084
2026-07-29T02:29:04Z 1785292144
2026-07-29T03:02:01Z 1785294121
2026-07-29T03:03:04Z 1785294184
2026-07-29T03:04:04Z 1785294244
2026-07-29T03:05:04Z 1785294304
2026-07-29T03:06:04Z 1785294364
2026-07-29T03:07:04Z 1785294424
2026-07-29T03:08:04Z 1785294484
2026-07-29T03:09:04Z 1785294544
2026-07-29T03:10:04Z 1785294604
2026-07-29T03:11:04Z 1785294664
2026-07-29T03:12:04Z 1785294724
2026-07-29T03:13:04Z 1785294784
2026-07-29T03:14:04Z 1785294844
2026-07-29T03:15:04Z 1785294904
2026-07-29T03:16:04Z 1785294964
2026-07-29T03:17:04Z 1785295024
2026-07-29T03:18:04Z 1785295084
2026-07-29T03:19:04Z 1785295144
2026-07-29T03:20:04Z 1785295204
2026-07-29T03:21:04Z 1785295264
2026-07-29T03:22:04Z 1785295324
2026-07-29T03:23:04Z 1785295384
2026-07-29T03:24:04Z 1785295444
2026-07-29T03:25:04Z 1785295504
2026-07-29T03:26:04Z 1785295564
2026-07-29T03:27:04Z 1785295624
2026-07-29T03:28:04Z 1785295684
2026-07-29T03:29:04Z 1785295744
2026-07-29T03:30:04Z 1785295804
2026-07-29T03:31:04Z 1785295864
2026-07-29T03:32:04Z 1785295924
2026-07-29T03:33:04Z 1785295984
2026-07-29T03:34:04Z 1785296044
2026-07-29T03:35:04Z 1785296104
2026-07-29T03:36:04Z 1785296164
2026-07-29T03:37:04Z 1785296224
2026-07-29T03:38:04Z 1785296284
2026-07-29T03:39:04Z 1785296344
2026-07-29T03:40:04Z 1785296404
2026-07-29T03:41:04Z 1785296464
2026-07-29T03:42:04Z 1785296524
2026-07-29T03:43:04Z 1785296584
2026-07-29T03:44:04Z 1785296644
2026-07-29T03:45:04Z 1785296704
2026-07-29T03:46:04Z 1785296764
2026-07-29T03:47:04Z 1785296824
2026-07-29T03:48:04Z 1785296884
2026-07-29T03:49:04Z 1785296944
2026-07-29T03:50:04Z 1785297004
2026-07-29T03:51:04Z 1785297064
2026-07-29T03:52:04Z 1785297124
2026-07-29T03:53:04Z 1785297184
2026-07-29T03:54:04Z 1785297244
2026-07-29T03:55:04Z 1785297304
2026-07-29T03:56:04Z 1785297364
2026-07-29T03:57:04Z 1785297424
2026-07-29T03:58:04Z 1785297484
2026-07-29T03:59:04Z 1785297544
2026-07-29T04:00:04Z 1785297604
2026-07-29T04:01:04Z 1785297664
2026-07-29T04:02:04Z 1785297724
2026-07-29T04:03:04Z 1785297784
2026-07-29T04:04:04Z 1785297844
2026-07-29T04:05:04Z 1785297904
2026-07-29T04:06:04Z 1785297964
2026-07-29T04:07:04Z 1785298024
2026-07-29T04:08:04Z 1785298084
2026-07-29T04:09:04Z 1785298144
2026-07-29T04:10:04Z 1785298204
2026-07-29T04:11:04Z 1785298264
2026-07-29T04:12:04Z 1785298324
2026-07-29T04:13:04Z 1785298384
2026-07-29T04:14:04Z 1785298444
2026-07-29T04:15:04Z 1785298504
2026-07-29T04:16:04Z 1785298564
2026-07-29T04:17:04Z 1785298624
2026-07-29T04:18:04Z 1785298684
2026-07-29T04:19:04Z 1785298744
2026-07-29T04:20:04Z 1785298804
2026-07-29T04:21:04Z 1785298864
2026-07-29T04:22:04Z 1785298924
2026-07-29T04:23:04Z 1785298984
2026-07-29T04:24:04Z 1785299044
2026-07-29T04:25:04Z 1785299104
2026-07-29T04:26:04Z 1785299164
2026-07-29T04:27:04Z 1785299224
2026-07-29T04:28:04Z 1785299284
2026-07-29T04:29:04Z 1785299344
2026-07-29T04:30:04Z 1785299404
2026-07-29T04:31:03Z 1785299463
2026-07-29T04:32:04Z 1785299524
2026-07-29T04:33:04Z 1785299584
2026-07-29T04:34:04Z 1785299644
2026-07-29T04:35:04Z 1785299704
2026-07-29T04:36:04Z 1785299764
2026-07-29T04:37:04Z 1785299824
2026-07-29T04:38:04Z 1785299884
2026-07-29T04:39:04Z 1785299944
2026-07-29T04:40:04Z 1785300004
2026-07-29T04:41:04Z 1785300064
2026-07-29T04:42:04Z 1785300124
2026-07-29T04:43:04Z 1785300184
2026-07-29T04:44:04Z 1785300244
2026-07-29T04:45:04Z 1785300304
2026-07-29T04:46:04Z 1785300364
2026-07-29T04:47:04Z 1785300424
2026-07-29T04:48:04Z 1785300484
2026-07-29T04:49:04Z 1785300544
2026-07-29T04:50:04Z 1785300604
2026-07-29T04:51:04Z 1785300664
2026-07-29T04:52:04Z 1785300724
2026-07-29T04:53:04Z 1785300784
2026-07-29T04:54:04Z 1785300844
2026-07-29T04:55:04Z 1785300904
2026-07-29T04:56:04Z 1785300964
2026-07-29T04:57:04Z 1785301024
2026-07-29T04:58:02Z 1785301082
2026-07-29T04:59:04Z 1785301144
2026-07-29T05:00:00Z 1785301200
2026-07-29T05:01:04Z 1785301264
2026-07-29T05:02:01Z 1785301321
2026-07-29T05:03:04Z 1785301384
2026-07-29T05:04:04Z 1785301444
2026-07-29T05:05:04Z 1785301504
2026-07-29T05:06:04Z 1785301564
2026-07-29T05:07:04Z 1785301624
2026-07-29T05:08:04Z 1785301684
2026-07-29T05:09:04Z 1785301744
2026-07-29T05:10:04Z 1785301804
2026-07-29T05:11:04Z 1785301864
2026-07-29T05:12:04Z 1785301924
2026-07-29T05:13:04Z 1785301984
2026-07-29T05:14:04Z 1785302044
2026-07-29T05:15:04Z 1785302104
2026-07-29T05:16:04Z 1785302164
2026-07-29T05:17:04Z 1785302224
2026-07-29T05:18:04Z 1785302284
2026-07-29T05:19:04Z 1785302344
2026-07-29T05:20:04Z 1785302404
2026-07-29T05:21:04Z 1785302464
2026-07-29T05:22:04Z 1785302524
2026-07-29T05:23:04Z 1785302584
2026-07-29T05:24:04Z 1785302644
2026-07-29T05:25:04Z 1785302704
2026-07-29T05:26:04Z 1785302764
2026-07-29T05:27:04Z 1785302824
2026-07-29T05:28:04Z 1785302884
2026-07-29T05:29:04Z 1785302944
2026-07-29T05:30:04Z 1785303004
2026-07-29T05:31:04Z 1785303064
2026-07-29T05:32:04Z 1785303124
2026-07-29T05:33:04Z 1785303184
2026-07-29T05:34:04Z 1785303244
2026-07-29T05:35:04Z 1785303304
2026-07-29T05:36:04Z 1785303364
2026-07-29T05:37:04Z 1785303424
2026-07-29T05:38:04Z 1785303484
2026-07-29T05:39:04Z 1785303544
2026-07-29T05:40:04Z 1785303604
2026-07-29T05:41:04Z 1785303664
2026-07-29T05:42:04Z 1785303724
2026-07-29T05:43:04Z 1785303784
2026-07-29T05:44:04Z 1785303844
2026-07-29T05:45:04Z 1785303904
2026-07-29T05:46:04Z 1785303964
2026-07-29T05:47:04Z 1785304024
2026-07-29T05:48:04Z 1785304084
2026-07-29T05:49:04Z 1785304144
2026-07-29T05:50:04Z 1785304204
2026-07-29T05:51:04Z 1785304264
2026-07-29T05:52:04Z 1785304324
2026-07-29T05:53:04Z 1785304384
2026-07-29T05:54:04Z 1785304444
2026-07-29T05:55:04Z 1785304504
2026-07-29T05:56:04Z 1785304564
2026-07-29T05:57:04Z 1785304624
2026-07-29T05:58:04Z 1785304684
2026-07-29T05:59:04Z 1785304744
2026-07-29T06:00:04Z 1785304804
2026-07-29T06:01:04Z 1785304864
2026-07-29T06:02:04Z 1785304924
2026-07-29T06:03:04Z 1785304984
2026-07-29T06:04:04Z 1785305044
2026-07-29T06:05:04Z 1785305104
2026-07-29T06:06:04Z 1785305164
2026-07-29T06:07:04Z 1785305224
2026-07-29T06:08:04Z 1785305284
2026-07-29T06:09:04Z 1785305344
2026-07-29T06:10:04Z 1785305404
2026-07-29T06:11:04Z 1785305464
2026-07-29T06:12:04Z 1785305524
2026-07-29T06:13:04Z 1785305584
2026-07-29T06:14:04Z 1785305644
2026-07-29T06:15:04Z 1785305704
2026-07-29T06:16:04Z 1785305764
2026-07-29T06:17:04Z 1785305824
2026-07-29T06:18:04Z 1785305884
2026-07-29T06:19:04Z 1785305944
2026-07-29T06:20:04Z 1785306004
2026-07-29T06:21:04Z 1785306064
2026-07-29T06:22:04Z 1785306124
2026-07-29T06:23:04Z 1785306184
2026-07-29T06:24:04Z 1785306244
2026-07-29T06:25:04Z 1785306304
2026-07-29T06:26:04Z 1785306364
2026-07-29T06:27:04Z 1785306424
2026-07-29T06:28:04Z 1785306484
2026-07-29T06:29:04Z 1785306544
2026-07-29T06:30:04Z 1785306604
2026-07-29T06:31:04Z 1785306664
2026-07-29T06:32:04Z 1785306724
2026-07-29T06:33:04Z 1785306784
2026-07-29T06:34:04Z 1785306844
2026-07-29T06:35:04Z 1785306904
2026-07-29T06:36:04Z 1785306964
2026-07-29T06:37:04Z 1785307024
2026-07-29T06:38:04Z 1785307084
2026-07-29T06:39:04Z 1785307144
2026-07-29T06:40:04Z 1785307204
2026-07-29T06:41:04Z 1785307264
2026-07-29T06:42:04Z 1785307324
2026-07-29T06:43:04Z 1785307384
2026-07-29T06:44:04Z 1785307444
2026-07-29T06:45:04Z 1785307504
2026-07-29T06:46:04Z 1785307564
2026-07-29T06:47:04Z 1785307624
2026-07-29T06:48:04Z 1785307684
2026-07-29T06:49:04Z 1785307744
2026-07-29T06:50:04Z 1785307804
2026-07-29T06:51:04Z 1785307864
2026-07-29T06:52:04Z 1785307924
2026-07-29T06:53:04Z 1785307984
2026-07-29T06:54:04Z 1785308044
2026-07-29T06:55:04Z 1785308104
2026-07-29T06:56:04Z 1785308164
2026-07-29T06:57:04Z 1785308224
2026-07-29T06:58:04Z 1785308284
2026-07-29T06:59:04Z 1785308344
2026-07-29T07:00:04Z 1785308404
2026-07-29T07:01:04Z 1785308464
2026-07-29T07:02:04Z 1785308524
2026-07-29T07:03:04Z 1785308584
2026-07-29T07:04:04Z 1785308644
2026-07-29T07:05:04Z 1785308704
2026-07-29T07:06:04Z 1785308764
2026-07-29T07:07:04Z 1785308824
2026-07-29T07:08:04Z 1785308884
2026-07-29T07:09:04Z 1785308944
2026-07-29T07:10:04Z 1785309004
2026-07-29T07:11:04Z 1785309064
2026-07-29T07:12:04Z 1785309124
2026-07-29T07:13:04Z 1785309184
2026-07-29T07:14:04Z 1785309244
2026-07-29T07:15:04Z 1785309304
2026-07-29T07:16:04Z 1785309364
2026-07-29T07:17:04Z 1785309424
2026-07-29T07:18:04Z 1785309484
2026-07-29T07:19:04Z 1785309544
2026-07-29T07:20:04Z 1785309604
2026-07-29T07:21:04Z 1785309664
2026-07-29T07:22:04Z 1785309724
2026-07-29T07:23:04Z 1785309784
2026-07-29T07:24:04Z 1785309844
2026-07-29T07:25:04Z 1785309904
2026-07-29T07:26:04Z 1785309964
2026-07-29T07:27:04Z 1785310024
2026-07-29T07:28:04Z 1785310084
2026-07-29T07:29:04Z 1785310144
2026-07-29T07:30:04Z 1785310204
2026-07-29T07:31:04Z 1785310264
2026-07-29T07:32:04Z 1785310324
2026-07-29T07:33:04Z 1785310384
2026-07-29T07:34:04Z 1785310444
2026-07-29T07:35:04Z 1785310504
2026-07-29T07:36:04Z 1785310564
2026-07-29T07:37:04Z 1785310624
2026-07-29T07:38:04Z 1785310684
2026-07-29T07:39:01Z 1785310741
2026-07-29T07:40:04Z 1785310804
2026-07-29T07:41:04Z 1785310864
2026-07-29T07:42:04Z 1785310924
2026-07-29T07:43:04Z 1785310984
2026-07-29T07:44:04Z 1785311044
2026-07-29T07:45:04Z 1785311104
2026-07-29T07:46:04Z 1785311164
2026-07-29T07:47:04Z 1785311224
2026-07-29T07:48:04Z 1785311284
2026-07-29T07:49:04Z 1785311344
2026-07-29T07:50:04Z 1785311404
2026-07-29T07:51:04Z 1785311464
2026-07-29T07:52:04Z 1785311524
2026-07-29T07:53:04Z 1785311584
2026-07-29T07:54:04Z 1785311644
2026-07-29T07:55:04Z 1785311704
2026-07-29T07:56:04Z 1785311764
2026-07-29T07:57:04Z 1785311824
2026-07-29T07:58:04Z 1785311884
2026-07-29T07:59:04Z 1785311944
2026-07-29T08:00:04Z 1785312004
2026-07-29T08:01:04Z 1785312064
2026-07-29T08:02:04Z 1785312124
2026-07-29T08:03:04Z 1785312184
2026-07-29T08:04:04Z 1785312244
2026-07-29T08:05:04Z 1785312304
2026-07-29T08:06:04Z 1785312364
2026-07-29T08:07:04Z 1785312424
2026-07-29T08:08:04Z 1785312484
2026-07-29T08:09:04Z 1785312544
2026-07-29T08:10:04Z 1785312604
2026-07-29T08:11:04Z 1785312664
2026-07-29T08:12:04Z 1785312724
2026-07-29T08:13:04Z 1785312784
2026-07-29T08:14:04Z 1785312844
2026-07-29T08:15:04Z 1785312904
2026-07-29T08:16:04Z 1785312964
2026-07-29T08:17:04Z 1785313024
2026-07-29T08:18:04Z 1785313084
2026-07-29T08:19:04Z 1785313144
2026-07-29T08:20:04Z 1785313204
2026-07-29T08:21:04Z 1785313264
2026-07-29T08:22:04Z 1785313324
2026-07-29T08:23:04Z 1785313384
2026-07-29T08:24:04Z 1785313444
2026-07-29T08:25:04Z 1785313504
2026-07-29T08:26:04Z 1785313564
2026-07-29T08:27:04Z 1785313624
2026-07-29T08:28:04Z 1785313684
2026-07-29T08:29:04Z 1785313744
2026-07-29T08:30:04Z 1785313804
2026-07-29T08:31:04Z 1785313864
2026-07-29T08:32:04Z 1785313924
2026-07-29T08:33:04Z 1785313984
2026-07-29T08:34:04Z 1785314044
2026-07-29T08:35:04Z 1785314104
2026-07-29T08:36:04Z 1785314164
2026-07-29T08:37:04Z 1785314224
2026-07-29T08:38:04Z 1785314284
2026-07-29T08:39:04Z 1785314344
2026-07-29T08:40:04Z 1785314404
2026-07-29T08:41:04Z 1785314464
2026-07-29T08:42:04Z 1785314524
2026-07-29T08:43:04Z 1785314584
2026-07-29T08:44:04Z 1785314644
2026-07-29T08:45:04Z 1785314704
2026-07-29T08:46:04Z 1785314764
2026-07-29T08:47:04Z 1785314824
2026-07-29T08:48:04Z 1785314884
2026-07-29T08:49:04Z 1785314944
2026-07-29T08:50:04Z 1785315004
2026-07-29T08:51:04Z 1785315064
2026-07-29T08:52:04Z 1785315124
2026-07-29T08:53:04Z 1785315184
2026-07-29T08:54:04Z 1785315244
2026-07-29T08:55:04Z 1785315304
2026-07-29T08:56:04Z 1785315364
2026-07-29T08:57:04Z 1785315424
2026-07-29T08:58:04Z 1785315484
2026-07-29T08:59:04Z 1785315544
2026-07-29T09:00:04Z 1785315604
2026-07-29T09:01:04Z 1785315664
2026-07-29T09:02:04Z 1785315724
2026-07-29T09:03:04Z 1785315784
2026-07-29T09:04:04Z 1785315844
2026-07-29T09:05:04Z 1785315904
2026-07-29T09:06:04Z 1785315964
2026-07-29T09:07:04Z 1785316024
2026-07-29T09:08:04Z 1785316084
2026-07-29T09:09:04Z 1785316144
2026-07-29T09:10:04Z 1785316204
2026-07-29T09:11:00Z 1785316260
2026-07-29T09:12:04Z 1785316324
2026-07-29T09:13:04Z 1785316384
2026-07-29T09:14:04Z 1785316444
2026-07-29T09:15:04Z 1785316504
2026-07-29T09:16:04Z 1785316564
2026-07-29T09:17:04Z 1785316624
2026-07-29T09:18:04Z 1785316684
2026-07-29T09:19:04Z 1785316744
2026-07-29T09:20:04Z 1785316804
2026-07-29T09:21:04Z 1785316864
2026-07-29T09:22:04Z 1785316924
2026-07-29T09:23:04Z 1785316984
2026-07-29T09:24:04Z 1785317044
2026-07-29T09:25:04Z 1785317104
2026-07-29T09:26:04Z 1785317164
2026-07-29T09:27:04Z 1785317224
2026-07-29T09:28:04Z 1785317284
2026-07-29T09:29:04Z 1785317344
2026-07-29T09:30:04Z 1785317404
2026-07-29T09:31:04Z 1785317464
2026-07-29T09:32:04Z 1785317524
2026-07-29T09:33:04Z 1785317584
2026-07-29T09:34:04Z 1785317644
2026-07-29T09:35:04Z 1785317704
2026-07-29T09:36:04Z 1785317764
2026-07-29T09:37:04Z 1785317824
2026-07-29T09:38:04Z 1785317884
2026-07-29T09:39:04Z 1785317944
2026-07-29T09:40:04Z 1785318004
2026-07-29T09:41:04Z 1785318064
2026-07-29T09:42:04Z 1785318124
2026-07-29T09:43:04Z 1785318184
2026-07-29T09:44:04Z 1785318244
2026-07-29T09:45:04Z 1785318304
2026-07-29T09:46:04Z 1785318364
2026-07-29T09:47:04Z 1785318424
2026-07-29T09:48:04Z 1785318484
2026-07-29T09:49:04Z 1785318544
2026-07-29T09:50:04Z 1785318604
2026-07-29T09:51:04Z 1785318664
2026-07-29T09:52:04Z 1785318724
2026-07-29T09:53:04Z 1785318784
2026-07-29T09:54:04Z 1785318844
2026-07-29T09:55:04Z 1785318904
2026-07-29T09:56:04Z 1785318964
2026-07-29T09:57:04Z 1785319024
2026-07-29T09:58:04Z 1785319084
2026-07-29T09:59:04Z 1785319144
2026-07-29T10:00:04Z 1785319204
2026-07-29T10:01:04Z 1785319264
2026-07-29T10:02:04Z 1785319324
2026-07-29T10:03:04Z 1785319384
2026-07-29T10:04:04Z 1785319444
2026-07-29T10:05:04Z 1785319504
2026-07-29T10:06:04Z 1785319564
2026-07-29T10:07:04Z 1785319624
2026-07-29T10:08:04Z 1785319684
2026-07-29T10:09:04Z 1785319744
2026-07-29T10:10:04Z 1785319804
2026-07-29T10:11:04Z 1785319864
2026-07-29T10:12:04Z 1785319924
2026-07-29T10:13:04Z 1785319984
2026-07-29T10:14:04Z 1785320044
2026-07-29T10:15:04Z 1785320104
2026-07-29T10:16:04Z 1785320164
2026-07-29T10:17:04Z 1785320224
2026-07-29T10:18:04Z 1785320284
2026-07-29T10:19:04Z 1785320344
2026-07-29T10:20:04Z 1785320404
2026-07-29T10:21:04Z 1785320464
2026-07-29T10:22:04Z 1785320524
2026-07-29T10:23:04Z 1785320584
2026-07-29T10:24:04Z 1785320644
2026-07-29T10:25:04Z 1785320704
2026-07-29T10:26:04Z 1785320764
2026-07-29T10:27:04Z 1785320824
2026-07-29T10:28:04Z 1785320884
2026-07-29T10:29:04Z 1785320944
2026-07-29T10:30:04Z 1785321004
2026-07-29T10:31:04Z 1785321064
2026-07-29T10:32:04Z 1785321124
2026-07-29T10:33:04Z 1785321184
2026-07-29T10:34:04Z 1785321244
2026-07-29T10:35:04Z 1785321304
2026-07-29T10:36:04Z 1785321364
2026-07-29T10:37:04Z 1785321424
2026-07-29T10:38:04Z 1785321484
2026-07-29T10:39:04Z 1785321544
2026-07-29T10:40:04Z 1785321604
2026-07-29T10:41:04Z 1785321664
2026-07-29T10:42:04Z 1785321724
2026-07-29T10:43:04Z 1785321784
2026-07-29T10:44:04Z 1785321844
2026-07-29T10:45:04Z 1785321904
2026-07-29T10:46:04Z 1785321964
2026-07-29T10:47:04Z 1785322024
2026-07-29T10:48:04Z 1785322084
2026-07-29T10:49:04Z 1785322144
2026-07-29T10:50:04Z 1785322204
2026-07-29T10:51:04Z 1785322264
2026-07-29T10:52:04Z 1785322324
2026-07-29T10:53:04Z 1785322384
2026-07-29T10:54:04Z 1785322444
2026-07-29T10:55:04Z 1785322504
2026-07-29T10:56:04Z 1785322564
2026-07-29T10:57:04Z 1785322624
2026-07-29T10:58:04Z 1785322684
2026-07-29T10:59:04Z 1785322744
2026-07-29T11:00:04Z 1785322804
2026-07-29T11:01:04Z 1785322864
2026-07-29T11:02:04Z 1785322924
2026-07-29T11:03:04Z 1785322984
2026-07-29T11:04:04Z 1785323044
2026-07-29T11:05:04Z 1785323104
2026-07-29T11:06:04Z 1785323164
2026-07-29T11:07:04Z 1785323224
2026-07-29T11:08:04Z 1785323284
2026-07-29T11:09:04Z 1785323344
2026-07-29T11:10:04Z 1785323404
2026-07-29T11:11:04Z 1785323464
2026-07-29T11:12:04Z 1785323524
2026-07-29T11:13:04Z 1785323584
2026-07-29T11:14:04Z 1785323644
2026-07-29T11:15:04Z 1785323704
2026-07-29T11:16:04Z 1785323764
2026-07-29T11:17:04Z 1785323824
2026-07-29T11:18:04Z 1785323884
2026-07-29T11:19:04Z 1785323944
2026-07-29T11:20:04Z 1785324004
2026-07-29T11:21:04Z 1785324064
2026-07-29T11:22:04Z 1785324124
2026-07-29T11:23:04Z 1785324184
2026-07-29T11:24:04Z 1785324244
2026-07-29T11:25:04Z 1785324304
2026-07-29T11:26:04Z 1785324364
2026-07-29T11:27:04Z 1785324424
2026-07-29T11:28:04Z 1785324484
2026-07-29T11:29:04Z 1785324544
2026-07-29T11:30:04Z 1785324604
2026-07-29T11:31:04Z 1785324664
2026-07-29T11:32:04Z 1785324724
2026-07-29T11:33:04Z 1785324784
2026-07-29T11:34:04Z 1785324844
2026-07-29T11:35:04Z 1785324904
2026-07-29T11:36:04Z 1785324964
2026-07-29T11:37:04Z 1785325024
2026-07-29T11:38:04Z 1785325084
2026-07-29T11:39:04Z 1785325144
2026-07-29T11:40:04Z 1785325204
2026-07-29T11:41:04Z 1785325264
2026-07-29T11:42:04Z 1785325324
2026-07-29T11:43:04Z 1785325384
2026-07-29T11:44:04Z 1785325444
2026-07-29T11:45:04Z 1785325504
2026-07-29T11:46:04Z 1785325564
2026-07-29T11:47:04Z 1785325624
2026-07-29T11:48:04Z 1785325684
2026-07-29T11:49:04Z 1785325744
2026-07-29T11:50:04Z 1785325804
2026-07-29T11:51:04Z 1785325864
2026-07-29T11:52:04Z 1785325924
2026-07-29T11:53:04Z 1785325984
2026-07-29T11:54:04Z 1785326044
2026-07-29T11:55:04Z 1785326104
2026-07-29T11:56:04Z 1785326164
2026-07-29T11:57:04Z 1785326224
2026-07-29T11:58:04Z 1785326284
2026-07-29T11:59:04Z 1785326344
2026-07-29T12:00:04Z 1785326404
2026-07-29T12:01:04Z 1785326464
2026-07-29T12:02:04Z 1785326524
2026-07-29T12:03:04Z 1785326584
2026-07-29T12:04:04Z 1785326644
2026-07-29T12:05:04Z 1785326704
2026-07-29T12:06:04Z 1785326764
2026-07-29T12:07:04Z 1785326824
2026-07-29T12:08:04Z 1785326884
2026-07-29T12:09:04Z 1785326944
2026-07-29T12:10:04Z 1785327004
2026-07-29T12:11:04Z 1785327064
2026-07-29T12:12:04Z 1785327124
2026-07-29T12:13:04Z 1785327184
2026-07-29T12:14:04Z 1785327244
2026-07-29T12:15:04Z 1785327304
2026-07-29T12:16:04Z 1785327364
2026-07-29T12:17:04Z 1785327424
2026-07-29T12:18:04Z 1785327484
2026-07-29T12:19:04Z 1785327544
2026-07-29T12:20:04Z 1785327604
2026-07-29T12:21:04Z 1785327664
2026-07-29T12:22:04Z 1785327724
2026-07-29T12:23:04Z 1785327784
2026-07-29T12:24:04Z 1785327844
2026-07-29T12:25:04Z 1785327904
2026-07-29T12:26:04Z 1785327964
2026-07-29T12:27:04Z 1785328024
2026-07-29T12:28:04Z 1785328084
2026-07-29T12:29:04Z 1785328144
2026-07-29T12:30:04Z 1785328204
2026-07-29T12:31:04Z 1785328264
2026-07-29T12:32:04Z 1785328324
2026-07-29T12:33:04Z 1785328384
2026-07-29T12:34:04Z 1785328444
2026-07-29T12:35:04Z 1785328504
2026-07-29T12:36:04Z 1785328564
2026-07-29T12:37:04Z 1785328624
2026-07-29T12:38:04Z 1785328684
2026-07-29T12:39:04Z 1785328744
2026-07-29T12:40:04Z 1785328804
2026-07-29T12:41:04Z 1785328864
2026-07-29T12:42:04Z 1785328924
2026-07-29T12:43:04Z 1785328984
2026-07-29T12:44:04Z 1785329044
2026-07-29T12:45:04Z 1785329104
2026-07-29T12:46:04Z 1785329164
2026-07-29T12:47:04Z 1785329224
2026-07-29T12:48:04Z 1785329284
2026-07-29T12:49:04Z 1785329344
2026-07-29T12:50:04Z 1785329404
2026-07-29T12:51:04Z 1785329464
2026-07-29T12:52:04Z 1785329524
2026-07-29T12:53:04Z 1785329584
2026-07-29T12:54:04Z 1785329644
2026-07-29T12:55:04Z 1785329704
2026-07-29T12:56:04Z 1785329764
2026-07-29T12:57:04Z 1785329824
2026-07-29T12:58:04Z 1785329884
2026-07-29T12:59:04Z 1785329944
2026-07-29T13:00:04Z 1785330004
2026-07-29T13:01:04Z 1785330064
2026-07-29T13:02:04Z 1785330124
2026-07-29T13:03:04Z 1785330184
2026-07-29T13:04:04Z 1785330244
2026-07-29T13:05:04Z 1785330304
2026-07-29T13:06:04Z 1785330364
2026-07-29T13:07:04Z 1785330424
2026-07-29T13:08:04Z 1785330484
2026-07-29T13:09:04Z 1785330544
2026-07-29T13:10:04Z 1785330604
2026-07-29T13:11:04Z 1785330664
2026-07-29T13:12:04Z 1785330724
2026-07-29T13:13:04Z 1785330784
2026-07-29T13:14:04Z 1785330844
2026-07-29T13:15:04Z 1785330904
2026-07-29T13:16:04Z 1785330964
2026-07-29T13:17:04Z 1785331024
2026-07-29T13:18:04Z 1785331084
2026-07-29T13:19:04Z 1785331144
2026-07-29T13:20:04Z 1785331204
2026-07-29T13:21:04Z 1785331264
2026-07-29T13:22:04Z 1785331324
2026-07-29T13:23:04Z 1785331384
2026-07-29T13:24:04Z 1785331444
2026-07-29T13:25:04Z 1785331504
2026-07-29T13:26:04Z 1785331564
2026-07-29T13:27:06Z 1785331626
2026-07-29T13:28:04Z 1785331684
2026-07-29T13:29:04Z 1785331744
2026-07-29T13:30:04Z 1785331804
2026-07-29T13:31:04Z 1785331864
2026-07-29T13:32:02Z 1785331922
2026-07-29T13:33:04Z 1785331984
2026-07-29T13:34:04Z 1785332044
2026-07-29T13:35:04Z 1785332104
2026-07-29T13:36:04Z 1785332164
2026-07-29T13:37:04Z 1785332224
2026-07-29T13:38:04Z 1785332284
2026-07-29T13:39:04Z 1785332344
2026-07-29T13:40:04Z 1785332404
2026-07-29T13:41:04Z 1785332464
2026-07-29T13:42:04Z 1785332524
2026-07-29T13:43:04Z 1785332584
2026-07-29T13:44:04Z 1785332644
2026-07-29T13:45:04Z 1785332704
2026-07-29T13:46:04Z 1785332764
2026-07-29T13:47:04Z 1785332824
2026-07-29T13:48:04Z 1785332884
2026-07-29T13:49:04Z 1785332944
2026-07-29T13:50:04Z 1785333004
2026-07-29T13:51:04Z 1785333064
2026-07-29T13:52:04Z 1785333124
2026-07-29T13:53:04Z 1785333184
2026-07-29T13:54:04Z 1785333244
2026-07-29T13:55:04Z 1785333304
2026-07-29T13:56:04Z 1785333364
2026-07-29T13:57:04Z 1785333424
2026-07-29T13:58:04Z 1785333484
2026-07-29T13:59:04Z 1785333544
2026-07-29T14:00:04Z 1785333604
2026-07-29T14:01:04Z 1785333664
2026-07-29T14:02:04Z 1785333724
2026-07-29T14:03:04Z 1785333784
2026-07-29T14:04:04Z 1785333844
2026-07-29T14:05:04Z 1785333904
2026-07-29T14:06:04Z 1785333964
2026-07-29T14:07:04Z 1785334024
2026-07-29T14:08:04Z 1785334084
2026-07-29T14:09:04Z 1785334144
2026-07-29T14:10:04Z 1785334204
2026-07-29T14:11:04Z 1785334264
2026-07-29T14:12:04Z 1785334324
2026-07-29T14:13:04Z 1785334384
2026-07-29T14:14:04Z 1785334444
2026-07-29T14:15:04Z 1785334504
2026-07-29T14:16:04Z 1785334564
2026-07-29T14:17:04Z 1785334624
2026-07-29T14:18:04Z 1785334684
2026-07-29T14:19:04Z 1785334744
2026-07-29T14:20:04Z 1785334804
2026-07-29T14:21:04Z 1785334864
2026-07-29T14:22:04Z 1785334924
2026-07-29T14:23:04Z 1785334984
2026-07-29T14:24:04Z 1785335044
2026-07-29T14:25:04Z 1785335104
2026-07-29T14:26:04Z 1785335164
2026-07-29T14:27:04Z 1785335224
2026-07-29T14:28:04Z 1785335284
2026-07-29T14:29:04Z 1785335344
2026-07-29T14:30:04Z 1785335404
2026-07-29T14:31:04Z 1785335464
2026-07-29T14:32:04Z 1785335524
2026-07-29T14:33:04Z 1785335584
2026-07-29T14:34:04Z 1785335644
2026-07-29T14:35:04Z 1785335704
2026-07-29T14:36:04Z 1785335764
2026-07-29T14:37:04Z 1785335824
2026-07-29T14:38:04Z 1785335884
2026-07-29T14:39:04Z 1785335944
2026-07-29T14:40:04Z 1785336004
2026-07-29T14:41:04Z 1785336064
2026-07-29T14:42:04Z 1785336124
2026-07-29T14:43:04Z 1785336184
2026-07-29T14:44:04Z 1785336244
2026-07-29T14:45:04Z 1785336304
2026-07-29T14:46:04Z 1785336364
2026-07-29T14:47:04Z 1785336424
2026-07-29T14:48:04Z 1785336484
2026-07-29T14:49:04Z 1785336544
2026-07-29T14:50:04Z 1785336604
2026-07-29T14:51:04Z 1785336664
2026-07-29T14:52:04Z 1785336724
2026-07-29T14:53:04Z 1785336784
2026-07-29T14:54:04Z 1785336844
2026-07-29T14:55:04Z 1785336904
2026-07-29T14:56:04Z 1785336964
2026-07-29T14:57:04Z 1785337024
2026-07-29T14:58:04Z 1785337084
2026-07-29T14:59:04Z 1785337144
2026-07-29T15:00:04Z 1785337204
2026-07-29T15:01:04Z 1785337264
2026-07-29T15:02:04Z 1785337324
2026-07-29T15:03:04Z 1785337384
2026-07-29T15:04:04Z 1785337444
2026-07-29T15:05:04Z 1785337504
2026-07-29T15:06:04Z 1785337564
2026-07-29T15:07:04Z 1785337624
2026-07-29T15:08:04Z 1785337684
2026-07-29T15:09:04Z 1785337744
2026-07-29T15:10:04Z 1785337804
2026-07-29T15:11:04Z 1785337864
2026-07-29T15:12:04Z 1785337924
2026-07-29T15:13:04Z 1785337984
2026-07-29T15:14:04Z 1785338044
2026-07-29T15:15:04Z 1785338104
2026-07-29T15:16:04Z 1785338164
2026-07-29T15:17:04Z 1785338224
2026-07-29T15:18:04Z 1785338284
2026-07-29T15:19:04Z 1785338344
2026-07-29T15:20:04Z 1785338404
2026-07-29T15:21:04Z 1785338464
2026-07-29T15:22:04Z 1785338524
2026-07-29T15:23:04Z 1785338584
2026-07-29T15:24:04Z 1785338644
2026-07-29T15:25:04Z 1785338704
2026-07-29T15:26:04Z 1785338764
2026-07-29T15:27:04Z 1785338824
2026-07-29T15:28:04Z 1785338884
2026-07-29T15:29:04Z 1785338944
2026-07-29T15:30:04Z 1785339004
2026-07-29T15:31:04Z 1785339064
2026-07-29T15:32:04Z 1785339124
2026-07-29T15:33:04Z 1785339184
2026-07-29T15:34:04Z 1785339244
2026-07-29T15:35:04Z 1785339304
2026-07-29T15:36:04Z 1785339364
2026-07-29T15:37:04Z 1785339424
2026-07-29T15:38:04Z 1785339484
2026-07-29T15:39:04Z 1785339544
2026-07-29T15:40:04Z 1785339604
2026-07-29T15:41:04Z 1785339664
2026-07-29T15:42:04Z 1785339724
2026-07-29T15:43:04Z 1785339784
2026-07-29T15:44:04Z 1785339844
2026-07-29T15:45:04Z 1785339904
2026-07-29T15:46:04Z 1785339964
2026-07-29T15:47:04Z 1785340024
2026-07-29T15:48:04Z 1785340084
2026-07-29T15:49:04Z 1785340144
2026-07-29T15:50:04Z 1785340204
2026-07-29T15:51:04Z 1785340264
2026-07-29T15:52:04Z 1785340324
2026-07-29T15:53:04Z 1785340384
2026-07-29T15:54:04Z 1785340444
2026-07-29T15:55:04Z 1785340504
2026-07-29T15:56:04Z 1785340564
2026-07-29T15:57:04Z 1785340624
2026-07-29T15:58:04Z 1785340684
2026-07-29T15:59:04Z 1785340744
2026-07-29T16:00:04Z 1785340804
2026-07-29T16:01:04Z 1785340864
2026-07-29T16:02:04Z 1785340924
2026-07-29T16:03:04Z 1785340984
2026-07-29T16:04:04Z 1785341044
2026-07-29T16:05:04Z 1785341104
2026-07-29T16:06:04Z 1785341164
2026-07-29T16:07:04Z 1785341224
2026-07-29T16:08:04Z 1785341284
2026-07-29T16:09:04Z 1785341344
2026-07-29T16:10:04Z 1785341404
2026-07-29T16:11:04Z 1785341464
2026-07-29T16:12:04Z 1785341524
2026-07-29T16:13:04Z 1785341584
2026-07-29T16:14:04Z 1785341644
2026-07-29T16:15:04Z 1785341704
2026-07-29T16:16:04Z 1785341764
2026-07-29T16:17:04Z 1785341824
2026-07-29T16:18:04Z 1785341884
2026-07-29T16:19:04Z 1785341944
2026-07-29T16:20:04Z 1785342004
2026-07-29T16:21:04Z 1785342064
2026-07-29T16:22:04Z 1785342124
2026-07-29T16:23:04Z 1785342184
2026-07-29T16:24:04Z 1785342244
2026-07-29T16:25:04Z 1785342304
2026-07-29T16:26:04Z 1785342364
2026-07-29T16:27:04Z 1785342424
2026-07-29T16:28:04Z 1785342484
2026-07-29T16:29:04Z 1785342544
2026-07-29T16:30:04Z 1785342604
2026-07-29T16:31:04Z 1785342664
2026-07-29T16:32:04Z 1785342724
2026-07-29T16:33:04Z 1785342784
2026-07-29T16:34:04Z 1785342844
2026-07-29T16:35:04Z 1785342904
2026-07-29T16:36:04Z 1785342964
2026-07-29T16:37:04Z 1785343024
2026-07-29T16:38:04Z 1785343084
2026-07-29T16:39:04Z 1785343144
2026-07-29T16:40:04Z 1785343204
2026-07-29T16:41:04Z 1785343264
2026-07-29T16:42:04Z 1785343324
2026-07-29T16:43:04Z 1785343384
2026-07-29T16:44:04Z 1785343444
2026-07-29T16:45:04Z 1785343504
2026-07-29T16:46:04Z 1785343564
2026-07-29T16:47:04Z 1785343624
2026-07-29T16:48:04Z 1785343684
2026-07-29T16:49:04Z 1785343744
2026-07-29T16:50:04Z 1785343804
2026-07-29T16:51:04Z 1785343864
2026-07-29T16:52:04Z 1785343924
2026-07-29T16:53:04Z 1785343984
2026-07-29T16:54:04Z 1785344044
2026-07-29T16:55:04Z 1785344104
2026-07-29T16:56:04Z 1785344164
2026-07-29T16:57:04Z 1785344224
2026-07-29T16:58:04Z 1785344284
2026-07-29T16:59:04Z 1785344344
2026-07-29T17:00:04Z 1785344404
2026-07-29T17:01:04Z 1785344464
2026-07-29T17:02:04Z 1785344524
2026-07-29T17:03:04Z 1785344584
2026-07-29T17:04:04Z 1785344644
2026-07-29T17:05:04Z 1785344704
2026-07-29T17:06:04Z 1785344764
2026-07-29T17:07:04Z 1785344824
2026-07-29T17:08:04Z 1785344884
2026-07-29T17:09:05Z 1785344945
2026-07-29T17:10:04Z 1785345004
2026-07-29T17:11:04Z 1785345064
2026-07-29T17:12:04Z 1785345124
2026-07-29T17:13:04Z 1785345184
2026-07-29T17:14:04Z 1785345244
2026-07-29T17:15:04Z 1785345304
2026-07-29T17:16:04Z 1785345364
2026-07-29T17:17:04Z 1785345424
2026-07-29T17:18:04Z 1785345484
2026-07-29T17:19:04Z 1785345544
2026-07-29T17:20:04Z 1785345604
2026-07-29T17:21:04Z 1785345664
2026-07-29T17:22:04Z 1785345724
2026-07-29T17:23:04Z 1785345784
2026-07-29T17:24:04Z 1785345844
2026-07-29T17:25:04Z 1785345904
2026-07-29T17:26:04Z 1785345964
2026-07-29T17:27:04Z 1785346024
2026-07-29T17:28:04Z 1785346084
2026-07-29T17:29:04Z 1785346144
2026-07-29T17:30:04Z 1785346204
2026-07-29T17:31:04Z 1785346264
2026-07-29T17:32:04Z 1785346324
2026-07-29T17:33:04Z 1785346384
2026-07-29T17:34:04Z 1785346444
2026-07-29T17:35:04Z 1785346504
2026-07-29T17:36:04Z 1785346564
2026-07-29T17:37:04Z 1785346624
2026-07-29T17:38:04Z 1785346684
2026-07-29T17:39:04Z 1785346744
2026-07-29T17:40:04Z 1785346804
2026-07-29T17:41:04Z 1785346864
2026-07-29T17:42:04Z 1785346924
2026-07-29T17:43:04Z 1785346984
2026-07-29T17:44:04Z 1785347044
2026-07-29T17:45:04Z 1785347104
2026-07-29T17:46:04Z 1785347164
2026-07-29T17:47:04Z 1785347224
2026-07-29T17:48:04Z 1785347284
2026-07-29T17:49:04Z 1785347344
2026-07-29T17:50:04Z 1785347404
2026-07-29T17:51:04Z 1785347464
2026-07-29T17:52:04Z 1785347524
2026-07-29T17:53:04Z 1785347584
2026-07-29T17:54:04Z 1785347644
2026-07-29T17:55:04Z 1785347704
2026-07-29T17:56:04Z 1785347764
2026-07-29T17:57:04Z 1785347824
2026-07-29T17:58:04Z 1785347884
2026-07-29T17:59:04Z 1785347944
2026-07-29T18:00:04Z 1785348004
2026-07-29T18:01:04Z 1785348064
2026-07-29T18:02:04Z 1785348124
2026-07-29T18:03:02Z 1785348182
2026-07-29T18:04:04Z 1785348244
2026-07-29T18:05:04Z 1785348304
2026-07-29T18:06:04Z 1785348364
2026-07-29T18:07:02Z 1785348422
2026-07-29T18:08:04Z 1785348484
2026-07-29T18:09:04Z 1785348544
2026-07-29T18:10:04Z 1785348604
2026-07-29T18:11:04Z 1785348664
2026-07-29T18:12:04Z 1785348724
2026-07-29T18:13:04Z 1785348784
2026-07-29T18:14:04Z 1785348844
2026-07-29T18:15:04Z 1785348904
2026-07-29T18:16:04Z 1785348964
2026-07-29T18:17:04Z 1785349024
2026-07-29T18:18:04Z 1785349084
2026-07-29T18:19:04Z 1785349144
2026-07-29T18:20:04Z 1785349204
2026-07-29T18:21:04Z 1785349264
2026-07-29T18:22:04Z 1785349324
2026-07-29T18:23:04Z 1785349384
2026-07-29T18:24:04Z 1785349444
2026-07-29T18:25:04Z 1785349504
2026-07-29T18:26:04Z 1785349564
2026-07-29T18:27:04Z 1785349624
2026-07-29T18:28:04Z 1785349684
2026-07-29T18:29:04Z 1785349744
2026-07-29T18:30:04Z 1785349804
2026-07-29T18:31:04Z 1785349864
2026-07-29T18:32:04Z 1785349924
2026-07-29T18:33:04Z 1785349984
2026-07-29T18:34:04Z 1785350044
2026-07-29T18:35:04Z 1785350104
2026-07-29T18:36:04Z 1785350164
2026-07-29T18:37:04Z 1785350224
2026-07-29T18:38:04Z 1785350284
2026-07-29T18:39:04Z 1785350344
2026-07-29T18:40:04Z 1785350404
2026-07-29T18:41:04Z 1785350464
2026-07-29T18:42:04Z 1785350524
2026-07-29T18:43:04Z 1785350584
2026-07-29T18:44:04Z 1785350644
2026-07-29T18:45:04Z 1785350704
2026-07-29T18:46:04Z 1785350764
2026-07-29T18:47:04Z 1785350824
2026-07-29T18:48:04Z 1785350884
2026-07-29T18:49:04Z 1785350944
2026-07-29T18:50:04Z 1785351004
2026-07-29T18:51:04Z 1785351064
2026-07-29T18:52:04Z 1785351124
2026-07-29T18:53:04Z 1785351184
2026-07-29T18:54:04Z 1785351244
2026-07-29T18:55:04Z 1785351304
2026-07-29T18:56:04Z 1785351364
2026-07-29T18:57:04Z 1785351424
2026-07-29T18:58:04Z 1785351484
2026-07-29T18:59:04Z 1785351544
2026-07-29T19:00:04Z 1785351604
2026-07-29T19:01:04Z 1785351664
2026-07-29T19:02:04Z 1785351724
2026-07-29T19:03:04Z 1785351784
2026-07-29T19:04:04Z 1785351844
2026-07-29T19:05:04Z 1785351904
2026-07-29T19:06:04Z 1785351964
2026-07-29T19:07:04Z 1785352024
2026-07-29T19:08:04Z 1785352084
2026-07-29T19:09:04Z 1785352144
2026-07-29T19:10:04Z 1785352204
2026-07-29T19:11:04Z 1785352264
2026-07-29T19:12:04Z 1785352324
2026-07-29T19:13:04Z 1785352384
2026-07-29T19:14:04Z 1785352444
2026-07-29T19:15:04Z 1785352504
2026-07-29T19:16:04Z 1785352564
2026-07-29T19:17:04Z 1785352624
2026-07-29T19:18:04Z 1785352684
2026-07-29T19:19:04Z 1785352744
2026-07-29T19:20:04Z 1785352804
2026-07-29T19:21:04Z 1785352864
2026-07-29T19:22:04Z 1785352924
2026-07-29T19:23:04Z 1785352984
2026-07-29T19:24:04Z 1785353044
2026-07-29T19:25:04Z 1785353104
2026-07-29T19:26:04Z 1785353164
2026-07-29T19:27:04Z 1785353224
2026-07-29T19:28:04Z 1785353284
2026-07-29T19:29:04Z 1785353344
2026-07-29T19:30:04Z 1785353404
2026-07-29T19:31:04Z 1785353464
2026-07-29T19:32:04Z 1785353524
2026-07-29T19:33:04Z 1785353584
2026-07-29T19:34:04Z 1785353644
2026-07-29T19:35:04Z 1785353704
2026-07-29T19:36:04Z 1785353764
2026-07-29T19:37:04Z 1785353824
2026-07-29T19:38:04Z 1785353884
2026-07-29T19:39:04Z 1785353944
2026-07-29T19:40:04Z 1785354004
2026-07-29T19:41:04Z 1785354064
2026-07-29T19:42:04Z 1785354124
2026-07-29T19:43:04Z 1785354184
2026-07-29T19:44:04Z 1785354244
2026-07-29T19:45:04Z 1785354304
2026-07-29T19:46:04Z 1785354364
2026-07-29T19:47:04Z 1785354424
2026-07-29T19:48:04Z 1785354484
2026-07-29T19:49:04Z 1785354544
2026-07-29T19:50:04Z 1785354604
2026-07-29T19:51:04Z 1785354664
2026-07-29T19:52:04Z 1785354724
2026-07-29T19:53:04Z 1785354784
2026-07-29T19:54:04Z 1785354844
2026-07-29T19:55:04Z 1785354904
2026-07-29T19:56:04Z 1785354964
2026-07-29T19:57:04Z 1785355024
2026-07-29T19:58:04Z 1785355084
2026-07-29T19:59:04Z 1785355144
2026-07-29T20:00:04Z 1785355204
2026-07-29T20:01:04Z 1785355264
2026-07-29T20:02:04Z 1785355324
2026-07-29T20:03:04Z 1785355384
2026-07-29T20:04:04Z 1785355444
2026-07-29T20:05:04Z 1785355504
2026-07-29T20:06:04Z 1785355564
2026-07-29T20:07:04Z 1785355624
2026-07-29T20:08:04Z 1785355684
2026-07-29T20:09:04Z 1785355744
2026-07-29T20:10:04Z 1785355804
2026-07-29T20:11:04Z 1785355864
2026-07-29T20:12:04Z 1785355924
2026-07-29T20:13:04Z 1785355984
2026-07-29T20:14:04Z 1785356044
2026-07-29T20:15:04Z 1785356104
2026-07-29T20:16:04Z 1785356164
2026-07-29T20:17:04Z 1785356224
2026-07-29T20:18:04Z 1785356284
2026-07-29T20:19:04Z 1785356344
2026-07-29T20:20:04Z 1785356404
2026-07-29T20:21:04Z 1785356464
2026-07-29T20:22:04Z 1785356524
2026-07-29T20:23:04Z 1785356584
2026-07-29T20:24:04Z 1785356644
2026-07-29T20:25:04Z 1785356704
2026-07-29T20:26:04Z 1785356764
2026-07-29T20:27:04Z 1785356824
2026-07-29T20:28:04Z 1785356884
2026-07-29T20:29:04Z 1785356944
2026-07-29T20:30:04Z 1785357004
2026-07-29T20:31:04Z 1785357064
2026-07-29T20:32:04Z 1785357124
2026-07-29T20:33:04Z 1785357184
2026-07-29T20:34:04Z 1785357244
2026-07-29T20:35:04Z 1785357304
2026-07-29T20:36:04Z 1785357364
2026-07-29T20:37:04Z 1785357424
2026-07-29T20:38:04Z 1785357484
2026-07-29T20:39:04Z 1785357544
2026-07-29T20:40:04Z 1785357604
2026-07-29T20:41:04Z 1785357664
2026-07-29T20:42:04Z 1785357724
2026-07-29T20:43:04Z 1785357784
2026-07-29T20:44:04Z 1785357844
2026-07-29T20:45:04Z 1785357904
2026-07-29T20:46:04Z 1785357964
2026-07-29T20:47:04Z 1785358024
2026-07-29T20:48:04Z 1785358084
2026-07-29T20:49:04Z 1785358144
2026-07-29T20:50:04Z 1785358204
2026-07-29T20:51:04Z 1785358264
2026-07-29T20:52:04Z 1785358324
2026-07-29T20:53:04Z 1785358384
2026-07-29T20:54:04Z 1785358444
2026-07-29T20:55:04Z 1785358504
2026-07-29T20:56:04Z 1785358564
2026-07-29T20:57:04Z 1785358624
2026-07-29T20:58:04Z 1785358684
2026-07-29T20:59:04Z 1785358744
2026-07-29T21:00:04Z 1785358804
2026-07-29T21:01:04Z 1785358864
2026-07-29T21:02:04Z 1785358924
2026-07-29T21:03:04Z 1785358984
2026-07-29T21:04:04Z 1785359044
2026-07-29T21:05:04Z 1785359104
2026-07-29T21:06:04Z 1785359164
2026-07-29T21:07:04Z 1785359224
2026-07-29T21:08:04Z 1785359284
2026-07-29T21:09:04Z 1785359344
2026-07-29T21:10:04Z 1785359404
2026-07-29T21:11:04Z 1785359464
2026-07-29T21:12:04Z 1785359524
2026-07-29T21:13:04Z 1785359584
2026-07-29T21:14:04Z 1785359644
2026-07-29T21:15:04Z 1785359704
2026-07-29T21:16:04Z 1785359764
2026-07-29T21:17:04Z 1785359824
2026-07-29T21:18:04Z 1785359884
2026-07-29T21:19:04Z 1785359944
2026-07-29T21:20:04Z 1785360004
2026-07-29T21:21:04Z 1785360064
2026-07-29T21:22:04Z 1785360124
2026-07-29T21:23:04Z 1785360184
2026-07-29T21:24:04Z 1785360244
2026-07-29T21:25:04Z 1785360304
2026-07-29T21:26:04Z 1785360364
2026-07-29T21:27:04Z 1785360424
2026-07-29T21:28:04Z 1785360484
2026-07-29T21:29:04Z 1785360544
2026-07-29T21:30:04Z 1785360604
2026-07-29T21:31:04Z 1785360664
2026-07-29T21:32:04Z 1785360724
2026-07-29T21:33:04Z 1785360784
2026-07-29T21:34:04Z 1785360844
2026-07-29T21:35:04Z 1785360904
2026-07-29T21:36:02Z 1785360962
2026-07-29T21:37:04Z 1785361024
2026-07-29T21:38:04Z 1785361084
2026-07-29T21:39:04Z 1785361144
2026-07-29T21:40:04Z 1785361204
2026-07-29T21:41:04Z 1785361264
2026-07-29T21:42:04Z 1785361324
2026-07-29T21:43:04Z 1785361384
2026-07-29T21:44:04Z 1785361444
2026-07-29T21:45:04Z 1785361504
2026-07-29T21:46:04Z 1785361564
2026-07-29T21:47:04Z 1785361624
2026-07-29T21:48:04Z 1785361684
2026-07-29T21:49:04Z 1785361744
2026-07-29T21:50:04Z 1785361804
2026-07-29T21:51:04Z 1785361864
2026-07-29T21:52:04Z 1785361924
2026-07-29T21:53:04Z 1785361984
2026-07-29T21:54:04Z 1785362044
2026-07-29T21:55:04Z 1785362104
2026-07-29T21:56:04Z 1785362164
2026-07-29T21:57:04Z 1785362224
2026-07-29T21:58:04Z 1785362284
2026-07-29T21:59:04Z 1785362344
2026-07-29T22:00:04Z 1785362404
2026-07-29T22:01:04Z 1785362464
2026-07-29T22:02:04Z 1785362524
2026-07-29T22:03:04Z 1785362584
2026-07-29T22:04:04Z 1785362644
2026-07-29T22:05:04Z 1785362704
2026-07-29T22:06:07Z 1785362767
2026-07-29T22:07:04Z 1785362824
2026-07-29T22:08:04Z 1785362884
2026-07-29T22:09:04Z 1785362944
2026-07-29T22:10:04Z 1785363004
2026-07-29T22:11:04Z 1785363064
2026-07-29T22:12:04Z 1785363124
2026-07-29T22:13:04Z 1785363184
2026-07-29T22:14:00Z 1785363240
2026-07-29T22:15:04Z 1785363304
2026-07-29T22:16:04Z 1785363364
2026-07-29T22:17:04Z 1785363424
2026-07-29T22:18:04Z 1785363484
2026-07-29T22:19:04Z 1785363544
2026-07-29T22:20:04Z 1785363604
2026-07-29T22:21:04Z 1785363664
2026-07-29T22:22:04Z 1785363724
2026-07-29T22:23:04Z 1785363784
2026-07-29T22:24:04Z 1785363844
2026-07-29T22:25:04Z 1785363904
2026-07-29T22:26:04Z 1785363964
2026-07-29T22:27:04Z 1785364024
2026-07-29T22:28:04Z 1785364084
2026-07-29T22:29:04Z 1785364144
2026-07-29T22:30:04Z 1785364204
2026-07-29T22:31:04Z 1785364264
2026-07-29T22:32:04Z 1785364324
2026-07-29T22:33:04Z 1785364384
2026-07-29T22:34:04Z 1785364444
2026-07-29T22:35:04Z 1785364504
2026-07-29T22:36:04Z 1785364564
2026-07-29T22:37:04Z 1785364624
2026-07-29T22:38:04Z 1785364684
2026-07-29T22:39:04Z 1785364744
2026-07-29T22:40:04Z 1785364804
2026-07-29T22:41:04Z 1785364864
2026-07-29T22:42:04Z 1785364924
2026-07-29T22:43:04Z 1785364984
2026-07-29T22:44:04Z 1785365044
2026-07-29T22:45:04Z 1785365104
2026-07-29T22:46:04Z 1785365164
2026-07-29T22:47:04Z 1785365224
2026-07-29T22:48:04Z 1785365284
2026-07-29T22:49:04Z 1785365344
2026-07-29T22:50:04Z 1785365404
2026-07-29T22:51:04Z 1785365464
2026-07-29T22:52:04Z 1785365524
2026-07-29T22:53:04Z 1785365584
2026-07-29T22:54:04Z 1785365644
2026-07-29T22:55:04Z 1785365704
2026-07-29T22:56:04Z 1785365764
2026-07-29T22:57:04Z 1785365824
2026-07-29T22:58:04Z 1785365884
2026-07-29T22:59:04Z 1785365944
2026-07-29T23:00:04Z 1785366004
2026-07-29T23:01:04Z 1785366064
2026-07-29T23:02:04Z 1785366124
2026-07-29T23:03:04Z 1785366184
2026-07-29T23:04:04Z 1785366244
2026-07-29T23:05:04Z 1785366304
2026-07-29T23:06:04Z 1785366364
2026-07-29T23:07:04Z 1785366424
2026-07-29T23:08:04Z 1785366484
2026-07-29T23:09:04Z 1785366544
2026-07-29T23:10:04Z 1785366604
2026-07-29T23:11:04Z 1785366664
2026-07-29T23:12:04Z 1785366724
2026-07-29T23:13:04Z 1785366784
2026-07-29T23:14:04Z 1785366844
2026-07-29T23:15:04Z 1785366904
2026-07-29T23:16:04Z 1785366964
2026-07-29T23:17:04Z 1785367024
2026-07-29T23:18:04Z 1785367084
2026-07-29T23:19:04Z 1785367144
2026-07-29T23:20:04Z 1785367204
2026-07-29T23:21:04Z 1785367264
2026-07-29T23:22:04Z 1785367324
2026-07-29T23:23:04Z 1785367384
2026-07-29T23:24:04Z 1785367444
2026-07-29T23:25:04Z 1785367504
2026-07-29T23:26:04Z 1785367564
2026-07-29T23:27:04Z 1785367624
2026-07-29T23:28:04Z 1785367684
2026-07-29T23:29:04Z 1785367744
2026-07-29T23:30:04Z 1785367804
2026-07-29T23:31:04Z 1785367864
2026-07-29T23:32:04Z 1785367924
2026-07-29T23:33:04Z 1785367984
2026-07-29T23:34:04Z 1785368044
2026-07-29T23:35:04Z 1785368104
2026-07-29T23:36:04Z 1785368164
2026-07-29T23:37:04Z 1785368224
2026-07-29T23:38:04Z 1785368284
2026-07-29T23:39:04Z 1785368344
2026-07-29T23:40:04Z 1785368404
2026-07-29T23:41:04Z 1785368464
2026-07-29T23:42:04Z 1785368524
2026-07-29T23:43:04Z 1785368584
2026-07-29T23:44:04Z 1785368644
2026-07-29T23:45:04Z 1785368704
2026-07-29T23:46:04Z 1785368764
2026-07-29T23:47:04Z 1785368824
2026-07-29T23:48:04Z 1785368884
2026-07-29T23:49:04Z 1785368944
2026-07-29T23:50:04Z 1785369004
2026-07-29T23:51:04Z 1785369064
2026-07-29T23:52:04Z 1785369124
2026-07-29T23:53:04Z 1785369184
2026-07-29T23:54:04Z 1785369244
2026-07-29T23:55:04Z 1785369304
2026-07-29T23:56:04Z 1785369364
2026-07-29T23:57:04Z 1785369424
2026-07-29T23:58:03Z 1785369483
2026-07-29T23:59:04Z 1785369544
2026-07-30T00:00:04Z 1785369604
2026-07-30T00:01:04Z 1785369664
2026-07-30T00:02:04Z 1785369724
2026-07-30T00:03:04Z 1785369784
2026-07-30T00:04:04Z 1785369844
2026-07-30T00:05:04Z 1785369904
2026-07-30T00:06:04Z 1785369964
2026-07-30T00:07:04Z 1785370024
2026-07-30T00:08:04Z 1785370084
2026-07-30T00:09:04Z 1785370144
2026-07-30T00:10:04Z 1785370204
2026-07-30T00:11:04Z 1785370264
2026-07-30T00:12:04Z 1785370324
2026-07-30T00:13:04Z 1785370384
2026-07-30T00:14:04Z 1785370444
2026-07-30T00:15:04Z 1785370504
2026-07-30T00:16:04Z 1785370564
2026-07-30T00:17:04Z 1785370624
2026-07-30T00:18:04Z 1785370684
2026-07-30T00:19:04Z 1785370744
2026-07-30T00:20:04Z 1785370804
2026-07-30T00:21:04Z 1785370864
2026-07-30T00:22:04Z 1785370924
2026-07-30T00:23:04Z 1785370984
2026-07-30T00:24:04Z 1785371044
2026-07-30T00:25:04Z 1785371104
2026-07-30T00:26:04Z 1785371164
2026-07-30T00:27:04Z 1785371224
2026-07-30T00:28:04Z 1785371284
2026-07-30T00:29:04Z 1785371344
2026-07-30T00:30:04Z 1785371404
2026-07-30T00:31:04Z 1785371464
2026-07-30T00:32:04Z 1785371524
2026-07-30T00:33:04Z 1785371584
2026-07-30T00:34:04Z 1785371644
2026-07-30T00:35:04Z 1785371704
2026-07-30T00:36:04Z 1785371764
2026-07-30T00:37:04Z 1785371824
2026-07-30T00:38:04Z 1785371884
2026-07-30T00:39:04Z 1785371944
2026-07-30T00:40:04Z 1785372004
2026-07-30T00:41:04Z 1785372064
2026-07-30T00:42:04Z 1785372124
2026-07-30T00:43:04Z 1785372184
2026-07-30T00:44:04Z 1785372244
2026-07-30T00:45:04Z 1785372304
2026-07-30T00:46:04Z 1785372364
2026-07-30T00:47:04Z 1785372424
2026-07-30T00:48:04Z 1785372484
2026-07-30T00:49:04Z 1785372544
2026-07-30T00:50:04Z 1785372604
2026-07-30T00:51:04Z 1785372664
2026-07-30T00:52:04Z 1785372724
2026-07-30T00:53:04Z 1785372784
2026-07-30T00:54:04Z 1785372844
2026-07-30T00:55:04Z 1785372904
2026-07-30T00:56:04Z 1785372964
2026-07-30T00:57:04Z 1785373024
2026-07-30T00:58:04Z 1785373084
2026-07-30T00:59:04Z 1785373144
2026-07-30T01:00:04Z 1785373204
2026-07-30T01:01:04Z 1785373264
2026-07-30T01:02:04Z 1785373324
2026-07-30T01:03:04Z 1785373384
2026-07-30T01:04:04Z 1785373444
2026-07-30T01:05:04Z 1785373504
2026-07-30T01:06:04Z 1785373564
2026-07-30T01:07:04Z 1785373624
2026-07-30T01:08:04Z 1785373684
2026-07-30T01:09:04Z 1785373744
2026-07-30T01:10:04Z 1785373804
2026-07-30T01:11:04Z 1785373864
2026-07-30T01:12:04Z 1785373924
2026-07-30T01:13:04Z 1785373984
2026-07-30T01:14:04Z 1785374044
2026-07-30T01:15:04Z 1785374104
2026-07-30T01:16:04Z 1785374164
2026-07-30T01:17:04Z 1785374224
2026-07-30T01:18:04Z 1785374284
2026-07-30T01:19:04Z 1785374344
2026-07-30T01:20:04Z 1785374404
2026-07-30T01:21:04Z 1785374464
2026-07-30T01:22:04Z 1785374524
2026-07-30T01:23:04Z 1785374584
2026-07-30T01:24:04Z 1785374644
2026-07-30T01:25:04Z 1785374704
2026-07-30T01:26:04Z 1785374764
2026-07-30T01:27:04Z 1785374824
2026-07-30T01:28:04Z 1785374884
2026-07-30T01:29:04Z 1785374944
2026-07-30T01:30:04Z 1785375004
2026-07-30T01:31:04Z 1785375064
2026-07-30T01:32:04Z 1785375124
2026-07-30T01:33:04Z 1785375184
2026-07-30T01:34:04Z 1785375244
2026-07-30T01:35:04Z 1785375304
2026-07-30T01:36:04Z 1785375364
2026-07-30T01:37:04Z 1785375424
2026-07-30T01:38:04Z 1785375484
2026-07-30T01:39:04Z 1785375544
2026-07-30T01:40:04Z 1785375604
2026-07-30T01:41:04Z 1785375664
2026-07-30T01:42:04Z 1785375724
2026-07-30T01:43:04Z 1785375784
2026-07-30T01:44:04Z 1785375844
2026-07-30T01:45:04Z 1785375904
2026-07-30T01:46:04Z 1785375964
2026-07-30T01:47:04Z 1785376024
2026-07-30T01:48:04Z 1785376084
2026-07-30T01:49:04Z 1785376144
2026-07-30T01:50:04Z 1785376204
2026-07-30T01:51:04Z 1785376264
2026-07-30T01:52:04Z 1785376324
2026-07-30T01:53:04Z 1785376384
2026-07-30T01:54:04Z 1785376444
2026-07-30T01:55:04Z 1785376504
2026-07-30T01:56:04Z 1785376564
2026-07-30T01:57:04Z 1785376624
2026-07-30T01:58:04Z 1785376684
2026-07-30T01:59:04Z 1785376744
2026-07-30T02:00:04Z 1785376804
2026-07-30T02:01:04Z 1785376864
2026-07-30T02:02:04Z 1785376924
2026-07-30T02:03:04Z 1785376984
2026-07-30T02:04:04Z 1785377044
2026-07-30T02:05:04Z 1785377104
2026-07-30T02:06:04Z 1785377164
2026-07-30T02:07:04Z 1785377224
2026-07-30T02:08:04Z 1785377284
2026-07-30T02:09:04Z 1785377344
2026-07-30T02:10:04Z 1785377404
2026-07-30T02:11:04Z 1785377464
2026-07-30T02:12:04Z 1785377524
2026-07-30T02:13:04Z 1785377584
2026-07-30T02:14:04Z 1785377644
2026-07-30T02:15:04Z 1785377704
2026-07-30T02:16:04Z 1785377764
2026-07-30T02:17:04Z 1785377824
2026-07-30T02:18:04Z 1785377884
2026-07-30T02:19:04Z 1785377944
2026-07-30T02:20:04Z 1785378004
2026-07-30T02:21:04Z 1785378064
2026-07-30T02:22:04Z 1785378124
2026-07-30T02:23:04Z 1785378184
2026-07-30T02:24:04Z 1785378244
2026-07-30T02:25:04Z 1785378304
2026-07-30T02:26:04Z 1785378364
2026-07-30T02:27:04Z 1785378424
2026-07-30T02:28:04Z 1785378484
2026-07-30T02:29:04Z 1785378544
2026-07-30T02:30:04Z 1785378604
2026-07-30T02:31:04Z 1785378664
2026-07-30T02:32:04Z 1785378724
2026-07-30T02:33:04Z 1785378784
2026-07-30T02:34:04Z 1785378844
2026-07-30T02:35:04Z 1785378904
2026-07-30T02:36:04Z 1785378964
2026-07-30T02:37:04Z 1785379024
2026-07-30T02:38:04Z 1785379084
2026-07-30T02:39:04Z 1785379144
2026-07-30T02:40:04Z 1785379204
2026-07-30T02:41:04Z 1785379264
2026-07-30T02:42:04Z 1785379324
2026-07-30T02:43:04Z 1785379384
2026-07-30T02:44:04Z 1785379444
2026-07-30T02:45:04Z 1785379504
2026-07-30T02:46:04Z 1785379564
2026-07-30T02:47:04Z 1785379624
2026-07-30T02:48:04Z 1785379684
2026-07-30T02:49:04Z 1785379744
2026-07-30T02:50:04Z 1785379804
2026-07-30T02:51:04Z 1785379864
2026-07-30T02:52:04Z 1785379924
2026-07-30T02:53:04Z 1785379984
2026-07-30T02:54:04Z 1785380044
2026-07-30T02:55:04Z 1785380104
2026-07-30T02:56:04Z 1785380164
2026-07-30T02:57:04Z 1785380224
2026-07-30T02:58:04Z 1785380284
2026-07-30T02:59:04Z 1785380344
2026-07-30T03:00:04Z 1785380404
2026-07-30T03:01:04Z 1785380464
2026-07-30T03:02:04Z 1785380524
2026-07-30T03:03:04Z 1785380584
2026-07-30T03:04:04Z 1785380644
2026-07-30T03:05:04Z 1785380704
2026-07-30T03:06:04Z 1785380764
2026-07-30T03:07:04Z 1785380824
2026-07-30T03:08:04Z 1785380884
2026-07-30T03:09:04Z 1785380944
2026-07-30T03:10:04Z 1785381004
2026-07-30T03:11:04Z 1785381064
2026-07-30T03:12:04Z 1785381124
2026-07-30T03:13:04Z 1785381184
2026-07-30T03:14:04Z 1785381244
2026-07-30T03:15:04Z 1785381304
2026-07-30T03:16:04Z 1785381364
2026-07-30T03:17:04Z 1785381424
2026-07-30T03:18:04Z 1785381484
2026-07-30T03:19:04Z 1785381544
2026-07-30T03:20:04Z 1785381604
2026-07-30T03:21:04Z 1785381664
2026-07-30T03:22:04Z 1785381724
2026-07-30T03:23:04Z 1785381784
2026-07-30T03:24:04Z 1785381844
2026-07-30T03:25:04Z 1785381904
2026-07-30T03:26:04Z 1785381964
2026-07-30T03:27:04Z 1785382024
2026-07-30T03:28:04Z 1785382084
2026-07-30T03:29:04Z 1785382144
2026-07-30T03:30:04Z 1785382204
2026-07-30T03:31:04Z 1785382264
2026-07-30T03:32:04Z 1785382324
2026-07-30T03:33:04Z 1785382384
2026-07-30T03:34:04Z 1785382444
2026-07-30T03:35:04Z 1785382504
2026-07-30T03:36:04Z 1785382564
2026-07-30T03:37:04Z 1785382624
2026-07-30T03:38:04Z 1785382684
2026-07-30T03:39:04Z 1785382744
2026-07-30T03:40:04Z 1785382804
2026-07-30T03:41:04Z 1785382864
2026-07-30T03:42:04Z 1785382924
2026-07-30T03:43:04Z 1785382984
2026-07-30T03:44:04Z 1785383044
2026-07-30T03:45:04Z 1785383104
2026-07-30T03:46:04Z 1785383164
2026-07-30T03:47:04Z 1785383224
2026-07-30T03:48:04Z 1785383284
2026-07-30T03:49:04Z 1785383344
2026-07-30T03:50:04Z 1785383404
2026-07-30T03:51:04Z 1785383464
2026-07-30T03:52:04Z 1785383524
2026-07-30T03:53:04Z 1785383584
2026-07-30T03:54:04Z 1785383644
2026-07-30T03:55:04Z 1785383704
2026-07-30T03:56:04Z 1785383764
2026-07-30T03:57:04Z 1785383824
2026-07-30T03:58:04Z 1785383884
2026-07-30T03:59:04Z 1785383944
2026-07-30T04:00:04Z 1785384004
2026-07-30T04:01:04Z 1785384064
2026-07-30T04:02:04Z 1785384124
2026-07-30T04:03:04Z 1785384184
2026-07-30T04:04:04Z 1785384244
2026-07-30T04:05:04Z 1785384304
2026-07-30T04:06:04Z 1785384364
2026-07-30T04:07:04Z 1785384424
2026-07-30T04:08:04Z 1785384484
2026-07-30T04:09:04Z 1785384544
2026-07-30T04:10:04Z 1785384604
2026-07-30T04:11:04Z 1785384664
2026-07-30T04:12:04Z 1785384724
2026-07-30T04:13:04Z 1785384784
2026-07-30T04:14:04Z 1785384844
2026-07-30T04:15:04Z 1785384904
2026-07-30T04:16:04Z 1785384964
2026-07-30T04:17:04Z 1785385024
2026-07-30T04:18:04Z 1785385084
2026-07-30T04:19:04Z 1785385144
2026-07-30T04:20:04Z 1785385204
2026-07-30T04:21:04Z 1785385264
2026-07-30T04:22:04Z 1785385324
2026-07-30T04:23:04Z 1785385384
2026-07-30T04:24:04Z 1785385444
2026-07-30T04:25:04Z 1785385504
2026-07-30T04:26:04Z 1785385564
2026-07-30T04:27:04Z 1785385624
2026-07-30T04:28:04Z 1785385684
2026-07-30T04:29:04Z 1785385744
2026-07-30T04:30:04Z 1785385804
2026-07-30T04:31:04Z 1785385864
2026-07-30T04:32:04Z 1785385924
2026-07-30T04:33:04Z 1785385984
2026-07-30T04:34:04Z 1785386044
2026-07-30T04:35:04Z 1785386104
2026-07-30T04:36:04Z 1785386164
2026-07-30T04:37:04Z 1785386224
2026-07-30T04:38:04Z 1785386284
2026-07-30T04:39:04Z 1785386344
2026-07-30T04:40:04Z 1785386404
2026-07-30T04:41:04Z 1785386464
2026-07-30T04:42:04Z 1785386524
2026-07-30T04:43:04Z 1785386584
2026-07-30T04:44:04Z 1785386644
2026-07-30T04:45:04Z 1785386704
2026-07-30T04:46:04Z 1785386764
2026-07-30T04:47:04Z 1785386824
2026-07-30T04:48:04Z 1785386884
2026-07-30T04:49:04Z 1785386944
2026-07-30T04:50:04Z 1785387004
2026-07-30T04:51:04Z 1785387064
2026-07-30T04:52:04Z 1785387124
2026-07-30T04:53:04Z 1785387184
2026-07-30T04:54:04Z 1785387244
2026-07-30T04:55:04Z 1785387304
2026-07-30T04:56:04Z 1785387364
2026-07-30T04:57:04Z 1785387424
2026-07-30T04:58:04Z 1785387484
2026-07-30T04:59:04Z 1785387544
2026-07-30T05:00:04Z 1785387604
2026-07-30T05:01:04Z 1785387664
2026-07-30T05:02:04Z 1785387724
2026-07-30T05:03:04Z 1785387784
2026-07-30T05:04:04Z 1785387844
2026-07-30T05:05:04Z 1785387904
2026-07-30T05:06:04Z 1785387964
2026-07-30T05:07:04Z 1785388024
2026-07-30T05:08:04Z 1785388084
2026-07-30T05:09:04Z 1785388144
2026-07-30T05:10:04Z 1785388204
2026-07-30T05:11:04Z 1785388264
2026-07-30T05:12:04Z 1785388324
2026-07-30T05:13:04Z 1785388384
2026-07-30T05:14:04Z 1785388444
2026-07-30T05:15:04Z 1785388504
2026-07-30T05:16:04Z 1785388564
2026-07-30T05:17:04Z 1785388624
2026-07-30T05:18:04Z 1785388684
2026-07-30T05:19:04Z 1785388744
2026-07-30T05:20:04Z 1785388804
2026-07-30T05:21:04Z 1785388864
2026-07-30T05:22:04Z 1785388924
2026-07-30T05:23:04Z 1785388984
2026-07-30T05:24:04Z 1785389044
2026-07-30T05:25:04Z 1785389104
2026-07-30T05:26:04Z 1785389164
2026-07-30T05:27:04Z 1785389224
2026-07-30T05:28:04Z 1785389284
2026-07-30T05:29:04Z 1785389344
2026-07-30T05:30:04Z 1785389404
2026-07-30T05:31:04Z 1785389464
2026-07-30T05:32:04Z 1785389524
2026-07-30T05:33:04Z 1785389584
2026-07-30T05:34:04Z 1785389644
2026-07-30T05:35:04Z 1785389704
2026-07-30T05:36:04Z 1785389764
2026-07-30T05:37:04Z 1785389824
2026-07-30T05:38:04Z 1785389884
2026-07-30T05:39:04Z 1785389944
2026-07-30T05:40:04Z 1785390004
2026-07-30T05:41:04Z 1785390064
2026-07-30T05:42:04Z 1785390124
2026-07-30T05:43:04Z 1785390184
2026-07-30T05:44:04Z 1785390244
2026-07-30T05:45:04Z 1785390304
2026-07-30T05:46:04Z 1785390364
2026-07-30T05:47:04Z 1785390424
2026-07-30T05:48:04Z 1785390484
2026-07-30T05:49:04Z 1785390544
2026-07-30T05:50:04Z 1785390604
2026-07-30T05:51:04Z 1785390664
2026-07-30T05:52:04Z 1785390724
2026-07-30T05:53:04Z 1785390784
2026-07-30T05:54:04Z 1785390844
2026-07-30T05:55:04Z 1785390904
2026-07-30T05:56:04Z 1785390964
2026-07-30T05:57:04Z 1785391024
2026-07-30T05:58:04Z 1785391084
2026-07-30T05:59:04Z 1785391144
2026-07-30T06:00:04Z 1785391204
2026-07-30T06:01:04Z 1785391264
2026-07-30T06:02:04Z 1785391324
2026-07-30T06:03:04Z 1785391384
2026-07-30T06:04:04Z 1785391444
2026-07-30T06:05:04Z 1785391504
2026-07-30T06:06:04Z 1785391564
2026-07-30T06:07:04Z 1785391624
2026-07-30T06:08:04Z 1785391684
2026-07-30T06:09:04Z 1785391744
2026-07-30T06:10:04Z 1785391804
2026-07-30T06:11:04Z 1785391864
2026-07-30T06:12:04Z 1785391924
2026-07-30T06:13:04Z 1785391984
2026-07-30T06:14:04Z 1785392044
2026-07-30T06:15:04Z 1785392104
2026-07-30T06:16:04Z 1785392164
2026-07-30T06:17:04Z 1785392224
2026-07-30T06:18:04Z 1785392284
2026-07-30T06:19:04Z 1785392344
2026-07-30T06:20:04Z 1785392404
2026-07-30T06:21:04Z 1785392464
2026-07-30T06:22:04Z 1785392524
2026-07-30T06:23:04Z 1785392584
2026-07-30T06:24:04Z 1785392644
2026-07-30T06:25:04Z 1785392704
2026-07-30T06:26:04Z 1785392764
2026-07-30T06:27:04Z 1785392824
2026-07-30T06:28:04Z 1785392884
2026-07-30T06:29:04Z 1785392944
2026-07-30T06:30:04Z 1785393004
2026-07-30T06:31:04Z 1785393064
2026-07-30T06:32:04Z 1785393124
2026-07-30T06:33:04Z 1785393184
2026-07-30T06:34:04Z 1785393244
2026-07-30T06:35:04Z 1785393304
2026-07-30T06:36:04Z 1785393364
2026-07-30T06:37:04Z 1785393424
2026-07-30T06:38:04Z 1785393484
2026-07-30T06:39:04Z 1785393544
2026-07-30T06:40:04Z 1785393604
2026-07-30T06:41:04Z 1785393664
2026-07-30T06:42:04Z 1785393724
2026-07-30T06:43:04Z 1785393784
2026-07-30T06:44:04Z 1785393844
2026-07-30T06:45:04Z 1785393904
2026-07-30T06:46:04Z 1785393964
2026-07-30T06:47:04Z 1785394024
2026-07-30T06:48:04Z 1785394084
2026-07-30T06:49:04Z 1785394144
2026-07-30T06:50:04Z 1785394204
2026-07-30T06:51:04Z 1785394264
2026-07-30T06:52:04Z 1785394324
2026-07-30T06:53:04Z 1785394384
2026-07-30T06:54:04Z 1785394444
2026-07-30T06:55:04Z 1785394504
2026-07-30T06:56:04Z 1785394564
2026-07-30T06:57:04Z 1785394624
2026-07-30T06:58:04Z 1785394684
2026-07-30T06:59:04Z 1785394744
2026-07-30T07:00:04Z 1785394804
2026-07-30T07:01:04Z 1785394864
2026-07-30T07:02:04Z 1785394924
2026-07-30T07:03:04Z 1785394984
2026-07-30T07:04:04Z 1785395044
2026-07-30T07:05:04Z 1785395104
2026-07-30T07:06:04Z 1785395164
2026-07-30T07:07:04Z 1785395224
2026-07-30T07:08:04Z 1785395284
2026-07-30T07:09:04Z 1785395344
2026-07-30T07:10:04Z 1785395404
2026-07-30T07:11:04Z 1785395464
2026-07-30T07:12:04Z 1785395524
2026-07-30T07:13:04Z 1785395584
2026-07-30T07:14:04Z 1785395644
2026-07-30T07:15:04Z 1785395704
2026-07-30T07:16:04Z 1785395764
2026-07-30T07:17:04Z 1785395824
2026-07-30T07:18:04Z 1785395884
2026-07-30T07:19:04Z 1785395944
2026-07-30T07:20:04Z 1785396004
2026-07-30T07:21:04Z 1785396064
2026-07-30T07:22:04Z 1785396124
2026-07-30T07:23:04Z 1785396184
2026-07-30T07:24:04Z 1785396244
2026-07-30T07:25:04Z 1785396304
2026-07-30T07:26:04Z 1785396364
2026-07-30T07:27:04Z 1785396424
2026-07-30T07:28:04Z 1785396484
2026-07-30T07:29:04Z 1785396544
2026-07-30T07:30:04Z 1785396604
2026-07-30T07:31:04Z 1785396664
2026-07-30T07:32:04Z 1785396724
2026-07-30T07:33:04Z 1785396784
2026-07-30T07:34:04Z 1785396844
2026-07-30T07:35:04Z 1785396904
2026-07-30T07:36:04Z 1785396964
2026-07-30T07:37:04Z 1785397024
2026-07-30T07:38:04Z 1785397084
2026-07-30T07:39:04Z 1785397144
2026-07-30T07:40:04Z 1785397204
2026-07-30T07:41:04Z 1785397264
2026-07-30T07:42:04Z 1785397324
2026-07-30T07:43:04Z 1785397384
2026-07-30T07:44:04Z 1785397444
2026-07-30T07:45:04Z 1785397504
2026-07-30T07:46:04Z 1785397564
2026-07-30T07:47:04Z 1785397624
2026-07-30T07:48:04Z 1785397684
2026-07-30T07:49:04Z 1785397744
2026-07-30T07:50:04Z 1785397804
2026-07-30T07:51:04Z 1785397864
2026-07-30T07:52:04Z 1785397924
2026-07-30T07:53:04Z 1785397984
2026-07-30T07:54:04Z 1785398044
2026-07-30T07:55:04Z 1785398104
2026-07-30T07:56:04Z 1785398164
2026-07-30T07:57:04Z 1785398224
2026-07-30T07:58:04Z 1785398284
2026-07-30T07:59:04Z 1785398344
2026-07-30T08:00:04Z 1785398404
2026-07-30T08:01:04Z 1785398464
2026-07-30T08:02:04Z 1785398524
2026-07-30T08:03:04Z 1785398584
2026-07-30T08:04:04Z 1785398644
2026-07-30T08:05:04Z 1785398704
2026-07-30T08:06:04Z 1785398764
2026-07-30T08:07:04Z 1785398824
2026-07-30T08:08:04Z 1785398884
2026-07-30T08:09:04Z 1785398944
2026-07-30T08:10:04Z 1785399004
2026-07-30T08:11:04Z 1785399064
2026-07-30T08:12:04Z 1785399124
2026-07-30T08:13:04Z 1785399184
2026-07-30T08:14:04Z 1785399244
2026-07-30T08:15:04Z 1785399304
2026-07-30T08:16:04Z 1785399364
2026-07-30T08:17:04Z 1785399424
2026-07-30T08:18:04Z 1785399484
2026-07-30T08:19:04Z 1785399544
2026-07-30T08:20:04Z 1785399604
2026-07-30T08:21:04Z 1785399664
2026-07-30T08:22:04Z 1785399724
2026-07-30T08:23:04Z 1785399784
2026-07-30T08:24:04Z 1785399844
2026-07-30T08:25:04Z 1785399904
2026-07-30T08:26:04Z 1785399964
2026-07-30T08:27:04Z 1785400024
2026-07-30T08:28:04Z 1785400084
2026-07-30T08:29:04Z 1785400144
2026-07-30T08:30:04Z 1785400204
2026-07-30T08:31:04Z 1785400264
2026-07-30T08:32:04Z 1785400324
2026-07-30T08:33:04Z 1785400384
2026-07-30T08:34:04Z 1785400444
2026-07-30T08:35:04Z 1785400504
2026-07-30T08:36:04Z 1785400564
2026-07-30T08:37:04Z 1785400624
2026-07-30T08:38:04Z 1785400684
2026-07-30T08:39:04Z 1785400744
2026-07-30T08:40:04Z 1785400804
2026-07-30T08:41:04Z 1785400864
2026-07-30T08:42:04Z 1785400924
2026-07-30T08:43:04Z 1785400984
2026-07-30T08:44:04Z 1785401044
2026-07-30T08:45:04Z 1785401104
2026-07-30T08:46:04Z 1785401164
2026-07-30T08:47:04Z 1785401224
2026-07-30T08:48:04Z 1785401284
2026-07-30T08:49:04Z 1785401344
2026-07-30T08:50:04Z 1785401404
2026-07-30T08:51:04Z 1785401464
2026-07-30T08:52:04Z 1785401524
2026-07-30T08:53:04Z 1785401584
2026-07-30T08:54:04Z 1785401644
2026-07-30T08:55:04Z 1785401704
2026-07-30T08:56:04Z 1785401764
2026-07-30T08:57:04Z 1785401824
2026-07-30T08:58:04Z 1785401884
2026-07-30T08:59:04Z 1785401944
2026-07-30T09:00:04Z 1785402004
2026-07-30T09:01:04Z 1785402064
2026-07-30T09:02:04Z 1785402124
2026-07-30T09:03:04Z 1785402184
2026-07-30T09:04:04Z 1785402244
2026-07-30T09:05:04Z 1785402304
2026-07-30T09:06:04Z 1785402364
2026-07-30T09:07:04Z 1785402424
2026-07-30T09:08:04Z 1785402484
2026-07-30T09:09:04Z 1785402544
2026-07-30T09:10:04Z 1785402604
2026-07-30T09:11:00Z 1785402660
2026-07-30T09:12:04Z 1785402724
2026-07-30T09:13:04Z 1785402784
2026-07-30T09:14:04Z 1785402844
2026-07-30T09:15:04Z 1785402904
2026-07-30T09:16:04Z 1785402964
2026-07-30T09:17:04Z 1785403024
2026-07-30T09:18:04Z 1785403084
2026-07-30T09:19:04Z 1785403144
2026-07-30T09:20:04Z 1785403204
2026-07-30T09:21:04Z 1785403264
2026-07-30T09:22:04Z 1785403324
2026-07-30T09:23:04Z 1785403384
2026-07-30T09:24:04Z 1785403444
2026-07-30T09:25:04Z 1785403504
2026-07-30T09:26:04Z 1785403564
2026-07-30T09:27:04Z 1785403624
2026-07-30T09:28:04Z 1785403684
2026-07-30T09:29:04Z 1785403744
2026-07-30T09:30:04Z 1785403804
2026-07-30T09:31:04Z 1785403864
2026-07-30T09:32:04Z 1785403924
2026-07-30T09:33:04Z 1785403984
2026-07-30T09:34:04Z 1785404044
2026-07-30T09:35:04Z 1785404104
2026-07-30T09:36:04Z 1785404164
2026-07-30T09:37:04Z 1785404224
2026-07-30T09:38:04Z 1785404284
2026-07-30T09:39:04Z 1785404344
2026-07-30T09:40:04Z 1785404404
2026-07-30T09:41:04Z 1785404464
2026-07-30T09:42:04Z 1785404524
2026-07-30T09:43:04Z 1785404584
2026-07-30T09:44:04Z 1785404644
2026-07-30T09:45:04Z 1785404704
2026-07-30T09:46:04Z 1785404764
2026-07-30T09:47:04Z 1785404824
2026-07-30T09:48:04Z 1785404884
2026-07-30T09:49:04Z 1785404944
2026-07-30T09:50:04Z 1785405004
2026-07-30T09:51:04Z 1785405064
2026-07-30T09:52:04Z 1785405124
2026-07-30T09:53:04Z 1785405184
2026-07-30T09:54:04Z 1785405244
2026-07-30T09:55:04Z 1785405304
2026-07-30T09:56:04Z 1785405364
2026-07-30T09:57:04Z 1785405424
2026-07-30T09:58:04Z 1785405484
2026-07-30T09:59:04Z 1785405544
2026-07-30T10:00:04Z 1785405604
2026-07-30T10:01:04Z 1785405664
2026-07-30T10:02:04Z 1785405724
2026-07-30T10:03:04Z 1785405784
2026-07-30T10:04:04Z 1785405844
2026-07-30T10:05:04Z 1785405904
2026-07-30T10:06:04Z 1785405964
2026-07-30T10:07:04Z 1785406024
2026-07-30T10:08:04Z 1785406084
2026-07-30T10:09:04Z 1785406144
2026-07-30T10:10:04Z 1785406204
2026-07-30T10:11:04Z 1785406264
2026-07-30T10:12:04Z 1785406324
2026-07-30T10:13:04Z 1785406384
2026-07-30T10:14:04Z 1785406444
2026-07-30T10:15:04Z 1785406504
2026-07-30T10:16:04Z 1785406564
2026-07-30T10:17:04Z 1785406624
2026-07-30T10:18:04Z 1785406684
2026-07-30T10:19:04Z 1785406744
2026-07-30T10:20:04Z 1785406804
2026-07-30T10:21:04Z 1785406864
2026-07-30T10:22:04Z 1785406924
2026-07-30T10:23:04Z 1785406984
2026-07-30T10:24:04Z 1785407044
2026-07-30T10:25:04Z 1785407104
2026-07-30T10:26:04Z 1785407164
2026-07-30T10:27:04Z 1785407224
2026-07-30T10:28:04Z 1785407284
2026-07-30T10:29:04Z 1785407344
2026-07-30T10:30:04Z 1785407404
2026-07-30T10:31:04Z 1785407464
2026-07-30T10:32:04Z 1785407524
2026-07-30T10:33:04Z 1785407584
2026-07-30T10:34:04Z 1785407644
2026-07-30T10:35:04Z 1785407704
2026-07-30T10:36:04Z 1785407764
2026-07-30T10:37:04Z 1785407824
2026-07-30T10:38:04Z 1785407884
2026-07-30T10:39:04Z 1785407944
2026-07-30T10:40:04Z 1785408004
2026-07-30T10:41:04Z 1785408064
2026-07-30T10:42:04Z 1785408124
2026-07-30T10:43:04Z 1785408184
2026-07-30T10:44:04Z 1785408244
2026-07-30T10:45:04Z 1785408304
2026-07-30T10:46:04Z 1785408364
2026-07-30T10:47:04Z 1785408424
2026-07-30T10:48:04Z 1785408484
2026-07-30T10:49:04Z 1785408544
2026-07-30T10:50:04Z 1785408604
2026-07-30T10:51:04Z 1785408664
2026-07-30T10:52:04Z 1785408724
2026-07-30T10:53:04Z 1785408784
2026-07-30T10:54:04Z 1785408844
2026-07-30T10:55:04Z 1785408904
2026-07-30T10:56:04Z 1785408964
2026-07-30T10:57:04Z 1785409024
2026-07-30T10:58:04Z 1785409084
2026-07-30T10:59:04Z 1785409144
2026-07-30T11:00:04Z 1785409204
2026-07-30T11:01:04Z 1785409264
2026-07-30T11:02:04Z 1785409324
2026-07-30T11:03:04Z 1785409384
2026-07-30T11:04:04Z 1785409444
2026-07-30T11:05:04Z 1785409504
2026-07-30T11:06:04Z 1785409564
2026-07-30T11:07:04Z 1785409624
2026-07-30T11:08:04Z 1785409684
2026-07-30T11:09:04Z 1785409744
2026-07-30T11:10:04Z 1785409804
2026-07-30T11:11:04Z 1785409864
2026-07-30T11:12:04Z 1785409924
2026-07-30T11:13:04Z 1785409984
2026-07-30T11:14:04Z 1785410044
2026-07-30T11:15:04Z 1785410104
2026-07-30T11:16:04Z 1785410164
2026-07-30T11:17:04Z 1785410224
2026-07-30T11:18:04Z 1785410284
2026-07-30T11:19:04Z 1785410344
2026-07-30T11:20:04Z 1785410404
2026-07-30T11:21:04Z 1785410464
2026-07-30T11:22:04Z 1785410524
2026-07-30T11:23:04Z 1785410584
2026-07-30T11:24:04Z 1785410644
2026-07-30T11:25:04Z 1785410704
2026-07-30T11:26:04Z 1785410764
2026-07-30T11:27:04Z 1785410824
2026-07-30T11:28:04Z 1785410884
2026-07-30T11:29:04Z 1785410944
2026-07-30T11:30:04Z 1785411004
2026-07-30T11:31:04Z 1785411064
2026-07-30T11:32:04Z 1785411124
2026-07-30T11:33:04Z 1785411184
2026-07-30T11:34:04Z 1785411244
2026-07-30T11:35:04Z 1785411304
2026-07-30T11:36:04Z 1785411364
2026-07-30T11:37:04Z 1785411424
2026-07-30T11:38:04Z 1785411484
2026-07-30T11:39:04Z 1785411544
2026-07-30T11:40:04Z 1785411604
2026-07-30T11:41:04Z 1785411664
2026-07-30T11:42:04Z 1785411724
2026-07-30T11:43:04Z 1785411784
2026-07-30T11:44:04Z 1785411844
2026-07-30T11:45:04Z 1785411904
2026-07-30T11:46:04Z 1785411964
2026-07-30T11:47:04Z 1785412024
2026-07-30T11:48:04Z 1785412084
2026-07-30T11:49:04Z 1785412144
2026-07-30T11:50:04Z 1785412204
2026-07-30T11:51:04Z 1785412264
2026-07-30T11:52:04Z 1785412324
2026-07-30T11:53:04Z 1785412384
2026-07-30T11:54:04Z 1785412444
2026-07-30T11:55:04Z 1785412504
2026-07-30T11:56:04Z 1785412564
2026-07-30T11:57:04Z 1785412624
2026-07-30T11:58:04Z 1785412684
2026-07-30T11:59:04Z 1785412744
2026-07-30T12:00:04Z 1785412804
2026-07-30T12:01:04Z 1785412864
2026-07-30T12:02:04Z 1785412924
2026-07-30T12:03:04Z 1785412984
2026-07-30T12:04:04Z 1785413044
2026-07-30T12:05:04Z 1785413104
2026-07-30T12:06:04Z 1785413164
2026-07-30T12:07:04Z 1785413224
2026-07-30T12:08:04Z 1785413284
2026-07-30T12:09:04Z 1785413344
2026-07-30T12:10:04Z 1785413404
2026-07-30T12:11:04Z 1785413464
2026-07-30T12:12:04Z 1785413524
2026-07-30T12:13:04Z 1785413584
2026-07-30T12:14:04Z 1785413644
2026-07-30T12:15:04Z 1785413704
2026-07-30T12:16:04Z 1785413764
2026-07-30T12:17:04Z 1785413824
2026-07-30T12:18:04Z 1785413884
2026-07-30T12:19:04Z 1785413944
2026-07-30T12:20:04Z 1785414004
2026-07-30T12:21:04Z 1785414064
2026-07-30T12:22:04Z 1785414124
2026-07-30T12:23:04Z 1785414184
2026-07-30T12:24:04Z 1785414244
2026-07-30T12:25:04Z 1785414304
2026-07-30T12:26:04Z 1785414364
2026-07-30T12:27:04Z 1785414424
2026-07-30T12:28:04Z 1785414484
2026-07-30T12:29:04Z 1785414544
2026-07-30T12:30:04Z 1785414604
2026-07-30T12:31:04Z 1785414664
2026-07-30T12:32:04Z 1785414724
2026-07-30T12:33:04Z 1785414784
2026-07-30T12:34:04Z 1785414844
2026-07-30T12:35:04Z 1785414904
2026-07-30T12:36:04Z 1785414964
2026-07-30T12:37:04Z 1785415024
2026-07-30T12:38:04Z 1785415084
2026-07-30T12:39:04Z 1785415144
2026-07-30T12:40:04Z 1785415204
2026-07-30T12:41:04Z 1785415264
2026-07-30T12:42:04Z 1785415324
2026-07-30T12:43:04Z 1785415384
2026-07-30T12:44:04Z 1785415444
2026-07-30T12:45:04Z 1785415504
2026-07-30T12:46:04Z 1785415564
2026-07-30T12:47:04Z 1785415624
2026-07-30T12:48:04Z 1785415684
2026-07-30T12:49:04Z 1785415744
2026-07-30T12:50:04Z 1785415804
2026-07-30T12:51:04Z 1785415864
2026-07-30T12:52:04Z 1785415924
2026-07-30T12:53:04Z 1785415984
2026-07-30T12:54:04Z 1785416044
2026-07-30T12:55:04Z 1785416104
2026-07-30T12:56:04Z 1785416164
2026-07-30T12:57:04Z 1785416224
2026-07-30T12:58:04Z 1785416284
2026-07-30T12:59:04Z 1785416344
2026-07-30T13:00:04Z 1785416404
2026-07-30T13:01:04Z 1785416464
2026-07-30T13:02:04Z 1785416524
2026-07-30T13:03:04Z 1785416584
2026-07-30T13:04:04Z 1785416644
2026-07-30T13:05:04Z 1785416704
2026-07-30T13:06:04Z 1785416764
2026-07-30T13:07:04Z 1785416824
2026-07-30T13:08:04Z 1785416884
2026-07-30T13:09:04Z 1785416944
2026-07-30T13:10:04Z 1785417004
2026-07-30T13:11:04Z 1785417064
2026-07-30T13:12:04Z 1785417124
2026-07-30T13:13:04Z 1785417184
2026-07-30T13:14:04Z 1785417244
2026-07-30T13:15:04Z 1785417304
2026-07-30T13:16:04Z 1785417364
2026-07-30T13:17:04Z 1785417424
2026-07-30T13:18:04Z 1785417484
2026-07-30T13:19:04Z 1785417544
2026-07-30T13:20:04Z 1785417604
2026-07-30T13:21:04Z 1785417664
2026-07-30T13:22:04Z 1785417724
2026-07-30T13:23:04Z 1785417784
2026-07-30T13:24:04Z 1785417844
2026-07-30T13:25:04Z 1785417904
2026-07-30T13:26:04Z 1785417964
2026-07-30T13:27:04Z 1785418024
2026-07-30T13:28:04Z 1785418084
2026-07-30T13:29:04Z 1785418144
2026-07-30T13:30:04Z 1785418204
2026-07-30T13:31:04Z 1785418264
2026-07-30T13:32:04Z 1785418324
2026-07-30T13:33:04Z 1785418384
2026-07-30T13:34:04Z 1785418444
2026-07-30T13:35:04Z 1785418504
2026-07-30T13:36:04Z 1785418564
2026-07-30T13:37:04Z 1785418624
2026-07-30T13:38:04Z 1785418684
2026-07-30T13:39:04Z 1785418744
2026-07-30T13:40:04Z 1785418804
2026-07-30T13:41:04Z 1785418864
2026-07-30T13:42:04Z 1785418924
2026-07-30T13:43:04Z 1785418984
2026-07-30T13:44:04Z 1785419044
2026-07-30T13:45:04Z 1785419104
2026-07-30T13:46:04Z 1785419164
2026-07-30T13:47:04Z 1785419224
2026-07-30T13:48:04Z 1785419284
2026-07-30T13:49:04Z 1785419344
2026-07-30T13:50:04Z 1785419404
2026-07-30T13:51:04Z 1785419464
2026-07-30T13:52:04Z 1785419524
2026-07-30T13:53:04Z 1785419584
2026-07-30T13:54:04Z 1785419644
2026-07-30T13:55:04Z 1785419704
2026-07-30T13:56:04Z 1785419764
2026-07-30T13:57:04Z 1785419824
2026-07-30T13:58:04Z 1785419884
2026-07-30T13:59:04Z 1785419944
2026-07-30T14:00:04Z 1785420004
2026-07-30T14:01:04Z 1785420064
2026-07-30T14:02:04Z 1785420124
2026-07-30T14:03:04Z 1785420184
2026-07-30T14:04:04Z 1785420244
2026-07-30T14:05:04Z 1785420304
2026-07-30T14:06:04Z 1785420364
2026-07-30T14:07:04Z 1785420424
2026-07-30T14:08:04Z 1785420484
2026-07-30T14:09:04Z 1785420544
2026-07-30T14:10:04Z 1785420604
2026-07-30T14:11:04Z 1785420664
2026-07-30T14:12:04Z 1785420724
2026-07-30T14:13:04Z 1785420784
2026-07-30T14:14:04Z 1785420844
2026-07-30T14:15:04Z 1785420904
2026-07-30T14:16:04Z 1785420964
2026-07-30T14:17:04Z 1785421024
2026-07-30T14:18:04Z 1785421084
2026-07-30T14:19:04Z 1785421144
2026-07-30T14:20:04Z 1785421204
2026-07-30T14:21:04Z 1785421264
2026-07-30T14:22:04Z 1785421324
2026-07-30T14:23:04Z 1785421384
2026-07-30T14:24:04Z 1785421444
2026-07-30T14:25:04Z 1785421504
2026-07-30T14:26:04Z 1785421564
2026-07-30T14:27:04Z 1785421624
2026-07-30T14:28:04Z 1785421684
2026-07-30T14:29:04Z 1785421744
2026-07-30T14:30:04Z 1785421804
2026-07-30T14:31:04Z 1785421864
2026-07-30T14:32:04Z 1785421924
2026-07-30T14:33:04Z 1785421984
2026-07-30T14:34:04Z 1785422044
2026-07-30T14:35:04Z 1785422104
2026-07-30T14:36:04Z 1785422164
2026-07-30T14:37:04Z 1785422224
2026-07-30T14:38:04Z 1785422284
2026-07-30T14:39:04Z 1785422344
2026-07-30T14:40:04Z 1785422404
2026-07-30T14:41:04Z 1785422464
2026-07-30T14:42:04Z 1785422524
2026-07-30T14:43:04Z 1785422584
2026-07-30T14:44:04Z 1785422644
2026-07-30T14:45:04Z 1785422704
2026-07-30T14:46:04Z 1785422764
2026-07-30T14:47:04Z 1785422824
2026-07-30T14:48:04Z 1785422884
2026-07-30T14:49:04Z 1785422944
2026-07-30T14:50:04Z 1785423004
2026-07-30T14:51:04Z 1785423064
2026-07-30T14:52:04Z 1785423124
2026-07-30T14:53:04Z 1785423184
2026-07-30T14:54:04Z 1785423244
2026-07-30T14:55:04Z 1785423304
2026-07-30T14:56:04Z 1785423364
2026-07-30T14:57:04Z 1785423424
2026-07-30T14:58:04Z 1785423484
2026-07-30T14:59:04Z 1785423544
2026-07-30T15:00:04Z 1785423604
2026-07-30T15:01:04Z 1785423664
2026-07-30T15:02:04Z 1785423724
2026-07-30T15:03:04Z 1785423784
2026-07-30T15:04:04Z 1785423844
2026-07-30T15:05:04Z 1785423904
2026-07-30T15:06:04Z 1785423964
2026-07-30T15:07:04Z 1785424024
2026-07-30T15:08:04Z 1785424084
2026-07-30T15:09:04Z 1785424144
2026-07-30T15:10:04Z 1785424204
2026-07-30T15:11:04Z 1785424264
2026-07-30T15:12:04Z 1785424324
2026-07-30T15:13:04Z 1785424384
2026-07-30T15:14:04Z 1785424444
2026-07-30T15:15:04Z 1785424504
2026-07-30T15:16:04Z 1785424564
2026-07-30T15:17:04Z 1785424624
2026-07-30T15:18:04Z 1785424684
2026-07-30T15:19:04Z 1785424744
2026-07-30T15:20:04Z 1785424804
2026-07-30T15:21:04Z 1785424864
2026-07-30T15:22:04Z 1785424924
2026-07-30T15:23:04Z 1785424984
2026-07-30T15:24:04Z 1785425044
2026-07-30T15:25:04Z 1785425104
2026-07-30T15:26:04Z 1785425164
2026-07-30T15:27:04Z 1785425224
2026-07-30T15:28:04Z 1785425284
2026-07-30T15:29:04Z 1785425344
2026-07-30T15:30:04Z 1785425404
2026-07-30T15:31:04Z 1785425464
2026-07-30T15:32:04Z 1785425524
2026-07-30T15:33:04Z 1785425584
2026-07-30T15:34:04Z 1785425644
2026-07-30T15:35:04Z 1785425704
2026-07-30T15:36:04Z 1785425764
2026-07-30T15:37:04Z 1785425824
2026-07-30T15:38:04Z 1785425884
2026-07-30T15:39:04Z 1785425944
2026-07-30T15:40:04Z 1785426004
2026-07-30T15:41:04Z 1785426064
2026-07-30T15:42:04Z 1785426124
2026-07-30T15:43:04Z 1785426184
2026-07-30T15:44:04Z 1785426244
2026-07-30T15:45:04Z 1785426304
2026-07-30T15:46:04Z 1785426364
2026-07-30T15:47:04Z 1785426424
2026-07-30T15:48:04Z 1785426484
2026-07-30T15:49:04Z 1785426544
2026-07-30T15:50:04Z 1785426604
2026-07-30T15:51:04Z 1785426664
2026-07-30T15:52:04Z 1785426724
2026-07-30T15:53:04Z 1785426784
2026-07-30T15:54:04Z 1785426844
2026-07-30T15:55:04Z 1785426904
2026-07-30T15:56:04Z 1785426964
2026-07-30T15:57:04Z 1785427024
2026-07-30T15:58:04Z 1785427084
2026-07-30T15:59:04Z 1785427144
2026-07-30T16:00:04Z 1785427204
2026-07-30T16:01:04Z 1785427264
2026-07-30T16:02:04Z 1785427324
2026-07-30T16:03:04Z 1785427384
2026-07-30T16:04:04Z 1785427444
2026-07-30T16:05:04Z 1785427504
2026-07-30T16:06:04Z 1785427564
2026-07-30T16:07:04Z 1785427624
2026-07-30T16:08:04Z 1785427684
2026-07-30T16:09:04Z 1785427744
2026-07-30T16:10:04Z 1785427804
2026-07-30T16:11:04Z 1785427864
2026-07-30T16:12:04Z 1785427924
2026-07-30T16:13:04Z 1785427984
2026-07-30T16:14:04Z 1785428044
2026-07-30T16:15:04Z 1785428104
2026-07-30T16:16:04Z 1785428164
2026-07-30T16:17:04Z 1785428224
2026-07-30T16:18:04Z 1785428284
2026-07-30T16:19:04Z 1785428344
2026-07-30T16:20:04Z 1785428404
2026-07-30T16:21:04Z 1785428464
2026-07-30T16:22:04Z 1785428524
2026-07-30T16:23:04Z 1785428584
2026-07-30T16:24:04Z 1785428644
2026-07-30T16:25:04Z 1785428704
2026-07-30T16:26:04Z 1785428764
2026-07-30T16:27:04Z 1785428824
2026-07-30T16:28:04Z 1785428884
2026-07-30T16:29:04Z 1785428944
2026-07-30T16:30:04Z 1785429004
2026-07-30T16:31:04Z 1785429064
2026-07-30T16:32:04Z 1785429124
2026-07-30T16:33:04Z 1785429184
2026-07-30T16:34:04Z 1785429244
2026-07-30T16:35:04Z 1785429304
2026-07-30T16:36:04Z 1785429364
2026-07-30T16:37:04Z 1785429424
2026-07-30T16:38:04Z 1785429484
2026-07-30T16:39:04Z 1785429544
2026-07-30T16:40:04Z 1785429604
2026-07-30T16:41:04Z 1785429664
2026-07-30T16:42:04Z 1785429724
2026-07-30T16:43:04Z 1785429784
2026-07-30T16:44:04Z 1785429844
2026-07-30T16:45:04Z 1785429904
2026-07-30T16:46:04Z 1785429964
2026-07-30T16:47:04Z 1785430024
2026-07-30T16:48:04Z 1785430084
2026-07-30T16:49:04Z 1785430144
2026-07-30T16:50:04Z 1785430204
2026-07-30T16:51:04Z 1785430264
2026-07-30T16:52:04Z 1785430324
2026-07-30T16:53:04Z 1785430384
2026-07-30T16:54:04Z 1785430444
2026-07-30T16:55:04Z 1785430504
2026-07-30T16:56:04Z 1785430564
2026-07-30T16:57:04Z 1785430624
2026-07-30T16:58:04Z 1785430684
2026-07-30T16:59:04Z 1785430744
2026-07-30T17:00:04Z 1785430804
2026-07-30T17:01:04Z 1785430864
2026-07-30T17:02:04Z 1785430924
2026-07-30T17:03:04Z 1785430984
2026-07-30T17:04:04Z 1785431044
2026-07-30T17:05:04Z 1785431104
2026-07-30T17:06:04Z 1785431164
2026-07-30T17:07:04Z 1785431224
2026-07-30T17:08:04Z 1785431284
2026-07-30T17:09:04Z 1785431344
2026-07-30T17:10:04Z 1785431404
2026-07-30T17:11:04Z 1785431464
2026-07-30T17:12:04Z 1785431524
2026-07-30T17:13:04Z 1785431584
2026-07-30T17:14:04Z 1785431644
2026-07-30T17:15:04Z 1785431704
2026-07-30T17:16:04Z 1785431764
2026-07-30T17:17:04Z 1785431824
2026-07-30T17:18:04Z 1785431884
2026-07-30T17:19:04Z 1785431944
2026-07-30T17:20:04Z 1785432004
2026-07-30T17:21:04Z 1785432064
2026-07-30T17:22:04Z 1785432124
2026-07-30T17:23:04Z 1785432184
2026-07-30T17:24:04Z 1785432244
2026-07-30T17:25:04Z 1785432304
2026-07-30T17:26:04Z 1785432364
2026-07-30T17:27:04Z 1785432424
2026-07-30T17:28:04Z 1785432484
2026-07-30T17:29:04Z 1785432544
2026-07-30T17:30:04Z 1785432604
2026-07-30T17:31:04Z 1785432664
2026-07-30T17:32:04Z 1785432724
2026-07-30T17:33:04Z 1785432784
2026-07-30T17:34:04Z 1785432844
2026-07-30T17:35:04Z 1785432904
2026-07-30T17:36:04Z 1785432964
2026-07-30T17:37:04Z 1785433024
2026-07-30T17:38:04Z 1785433084
2026-07-30T17:39:04Z 1785433144
2026-07-30T17:40:04Z 1785433204
2026-07-30T17:41:04Z 1785433264
2026-07-30T17:42:04Z 1785433324
2026-07-30T17:43:04Z 1785433384
2026-07-30T17:44:04Z 1785433444
2026-07-30T17:45:04Z 1785433504
2026-07-30T17:46:04Z 1785433564
2026-07-30T17:47:04Z 1785433624
2026-07-30T17:48:04Z 1785433684
2026-07-30T17:49:04Z 1785433744
2026-07-30T17:50:04Z 1785433804
2026-07-30T17:51:04Z 1785433864
2026-07-30T17:52:04Z 1785433924
2026-07-30T17:53:04Z 1785433984
2026-07-30T17:54:04Z 1785434044
2026-07-30T17:55:04Z 1785434104
2026-07-30T17:56:04Z 1785434164
2026-07-30T17:57:04Z 1785434224
2026-07-30T17:58:04Z 1785434284
2026-07-30T17:59:04Z 1785434344
2026-07-30T18:00:04Z 1785434404
2026-07-30T18:01:04Z 1785434464
2026-07-30T18:02:04Z 1785434524
2026-07-30T18:03:04Z 1785434584
2026-07-30T18:04:04Z 1785434644
2026-07-30T18:05:04Z 1785434704
2026-07-30T18:06:04Z 1785434764
2026-07-30T18:07:04Z 1785434824
2026-07-30T18:08:04Z 1785434884
2026-07-30T18:09:04Z 1785434944
2026-07-30T18:10:04Z 1785435004
2026-07-30T18:11:04Z 1785435064
2026-07-30T18:12:04Z 1785435124
2026-07-30T18:13:04Z 1785435184
2026-07-30T18:14:04Z 1785435244
2026-07-30T18:15:04Z 1785435304
2026-07-30T18:16:04Z 1785435364
2026-07-30T18:17:04Z 1785435424
2026-07-30T18:18:04Z 1785435484
2026-07-30T18:19:04Z 1785435544
2026-07-30T18:20:04Z 1785435604
2026-07-30T18:21:04Z 1785435664
2026-07-30T18:22:04Z 1785435724
2026-07-30T18:23:04Z 1785435784
2026-07-30T18:24:04Z 1785435844
2026-07-30T18:25:04Z 1785435904
2026-07-30T18:26:04Z 1785435964
2026-07-30T18:27:04Z 1785436024
2026-07-30T18:28:04Z 1785436084
2026-07-30T18:29:04Z 1785436144
2026-07-30T18:30:04Z 1785436204
2026-07-30T18:31:04Z 1785436264
2026-07-30T18:32:04Z 1785436324
2026-07-30T18:33:04Z 1785436384
2026-07-30T18:34:04Z 1785436444
2026-07-30T18:35:04Z 1785436504
2026-07-30T18:36:04Z 1785436564
2026-07-30T18:37:04Z 1785436624
2026-07-30T18:38:04Z 1785436684
2026-07-30T18:39:04Z 1785436744
2026-07-30T18:40:04Z 1785436804
2026-07-30T18:41:04Z 1785436864
2026-07-30T18:42:04Z 1785436924
2026-07-30T18:43:04Z 1785436984
2026-07-30T18:44:04Z 1785437044
2026-07-30T18:45:04Z 1785437104
2026-07-30T18:46:04Z 1785437164
2026-07-30T18:47:04Z 1785437224
2026-07-30T18:48:04Z 1785437284
2026-07-30T18:49:04Z 1785437344
2026-07-30T18:50:04Z 1785437404
2026-07-30T18:51:04Z 1785437464
2026-07-30T18:52:04Z 1785437524
2026-07-30T18:53:04Z 1785437584
2026-07-30T18:54:04Z 1785437644
2026-07-30T18:55:04Z 1785437704
2026-07-30T18:56:04Z 1785437764
2026-07-30T18:57:04Z 1785437824
2026-07-30T18:58:04Z 1785437884
2026-07-30T18:59:04Z 1785437944
2026-07-30T19:00:04Z 1785438004
2026-07-30T19:01:04Z 1785438064
2026-07-30T19:02:04Z 1785438124
2026-07-30T19:03:04Z 1785438184
2026-07-30T19:04:04Z 1785438244
2026-07-30T19:05:04Z 1785438304
2026-07-30T19:06:04Z 1785438364
2026-07-30T19:07:04Z 1785438424
2026-07-30T19:08:04Z 1785438484
2026-07-30T19:09:04Z 1785438544
2026-07-30T19:10:04Z 1785438604
2026-07-30T19:11:04Z 1785438664
2026-07-30T19:12:04Z 1785438724
2026-07-30T19:13:04Z 1785438784
2026-07-30T19:14:04Z 1785438844
2026-07-30T19:15:04Z 1785438904
2026-07-30T19:16:04Z 1785438964
2026-07-30T19:17:04Z 1785439024
2026-07-30T19:18:04Z 1785439084
2026-07-30T19:19:04Z 1785439144
2026-07-30T19:20:04Z 1785439204
2026-07-30T19:21:04Z 1785439264
2026-07-30T19:22:04Z 1785439324
2026-07-30T19:23:04Z 1785439384
2026-07-30T19:24:04Z 1785439444
2026-07-30T19:25:04Z 1785439504
2026-07-30T19:26:04Z 1785439564
2026-07-30T19:27:04Z 1785439624
2026-07-30T19:28:04Z 1785439684
2026-07-30T19:29:04Z 1785439744
2026-07-30T19:30:04Z 1785439804
2026-07-30T19:31:04Z 1785439864
2026-07-30T19:32:04Z 1785439924
2026-07-30T19:33:04Z 1785439984
2026-07-30T19:34:04Z 1785440044
2026-07-30T19:35:04Z 1785440104
2026-07-30T19:36:04Z 1785440164
2026-07-30T19:37:04Z 1785440224
2026-07-30T19:38:04Z 1785440284
2026-07-30T19:39:04Z 1785440344
2026-07-30T19:40:04Z 1785440404
2026-07-30T19:41:04Z 1785440464
2026-07-30T19:42:04Z 1785440524
2026-07-30T19:43:04Z 1785440584
2026-07-30T19:44:04Z 1785440644
2026-07-30T19:45:04Z 1785440704
2026-07-30T19:46:04Z 1785440764
2026-07-30T19:47:04Z 1785440824
2026-07-30T19:48:04Z 1785440884
2026-07-30T19:49:04Z 1785440944
2026-07-30T19:50:04Z 1785441004
2026-07-30T19:51:04Z 1785441064
2026-07-30T19:52:04Z 1785441124
2026-07-30T19:53:04Z 1785441184
2026-07-30T19:54:04Z 1785441244
2026-07-30T19:55:04Z 1785441304
2026-07-30T19:56:04Z 1785441364
2026-07-30T19:57:04Z 1785441424
2026-07-30T19:58:04Z 1785441484
2026-07-30T19:59:04Z 1785441544
2026-07-30T20:00:04Z 1785441604
2026-07-30T20:01:04Z 1785441664
2026-07-30T20:02:04Z 1785441724
2026-07-30T20:03:04Z 1785441784
2026-07-30T20:04:04Z 1785441844
2026-07-30T20:05:04Z 1785441904
2026-07-30T20:06:04Z 1785441964
2026-07-30T20:07:04Z 1785442024
2026-07-30T20:08:04Z 1785442084
2026-07-30T20:09:04Z 1785442144
2026-07-30T20:10:04Z 1785442204
2026-07-30T20:11:04Z 1785442264
2026-07-30T20:12:04Z 1785442324
2026-07-30T20:13:04Z 1785442384
2026-07-30T20:14:04Z 1785442444
2026-07-30T20:15:04Z 1785442504
2026-07-30T20:16:04Z 1785442564
2026-07-30T20:17:04Z 1785442624
2026-07-30T20:18:04Z 1785442684
2026-07-30T20:19:04Z 1785442744
2026-07-30T20:20:04Z 1785442804
2026-07-30T20:21:04Z 1785442864
2026-07-30T20:22:04Z 1785442924
2026-07-30T20:23:04Z 1785442984
2026-07-30T20:24:04Z 1785443044
2026-07-30T20:25:04Z 1785443104
2026-07-30T20:26:04Z 1785443164
2026-07-30T20:27:04Z 1785443224
2026-07-30T20:28:04Z 1785443284
2026-07-30T20:29:04Z 1785443344
2026-07-30T20:30:04Z 1785443404
2026-07-30T20:31:04Z 1785443464
2026-07-30T20:32:04Z 1785443524
2026-07-30T20:33:04Z 1785443584
2026-07-30T20:34:04Z 1785443644
2026-07-30T20:35:04Z 1785443704
2026-07-30T20:36:04Z 1785443764
2026-07-30T20:37:04Z 1785443824
2026-07-30T20:38:04Z 1785443884
2026-07-30T20:39:04Z 1785443944
2026-07-30T20:40:04Z 1785444004
2026-07-30T20:41:04Z 1785444064
2026-07-30T20:42:04Z 1785444124
2026-07-30T20:43:04Z 1785444184
2026-07-30T20:44:04Z 1785444244
2026-07-30T20:45:04Z 1785444304
2026-07-30T20:46:04Z 1785444364
2026-07-30T20:47:04Z 1785444424
2026-07-30T20:48:04Z 1785444484
2026-07-30T20:49:04Z 1785444544
2026-07-30T20:50:04Z 1785444604
2026-07-30T20:51:04Z 1785444664
2026-07-30T20:52:04Z 1785444724
2026-07-30T20:53:04Z 1785444784
2026-07-30T20:54:04Z 1785444844
2026-07-30T20:55:04Z 1785444904
2026-07-30T20:56:04Z 1785444964
2026-07-30T20:57:04Z 1785445024
2026-07-30T20:58:04Z 1785445084
2026-07-30T20:59:04Z 1785445144
2026-07-30T21:00:04Z 1785445204
2026-07-30T21:01:04Z 1785445264
2026-07-30T21:02:04Z 1785445324
2026-07-30T21:03:04Z 1785445384
2026-07-30T21:04:04Z 1785445444
2026-07-30T21:05:04Z 1785445504
2026-07-30T21:06:04Z 1785445564
2026-07-30T21:07:04Z 1785445624
2026-07-30T21:08:04Z 1785445684
2026-07-30T21:09:04Z 1785445744
2026-07-30T21:10:04Z 1785445804
2026-07-30T21:11:04Z 1785445864
2026-07-30T21:12:04Z 1785445924
2026-07-30T21:13:04Z 1785445984
2026-07-30T21:14:04Z 1785446044
2026-07-30T21:15:04Z 1785446104
2026-07-30T21:16:04Z 1785446164
2026-07-30T21:17:04Z 1785446224
2026-07-30T21:18:04Z 1785446284
2026-07-30T21:19:04Z 1785446344
2026-07-30T21:20:04Z 1785446404
2026-07-30T21:21:04Z 1785446464
2026-07-30T21:22:04Z 1785446524
2026-07-30T21:23:04Z 1785446584
2026-07-30T21:24:04Z 1785446644
2026-07-30T21:25:04Z 1785446704
2026-07-30T21:26:04Z 1785446764
2026-07-30T21:27:04Z 1785446824
2026-07-30T21:28:04Z 1785446884
2026-07-30T21:29:04Z 1785446944
2026-07-30T21:30:04Z 1785447004
2026-07-30T21:31:04Z 1785447064
2026-07-30T21:32:04Z 1785447124
2026-07-30T21:33:04Z 1785447184
2026-07-30T21:34:04Z 1785447244
2026-07-30T21:35:04Z 1785447304
2026-07-30T21:36:04Z 1785447364
2026-07-30T21:37:04Z 1785447424
2026-07-30T21:38:04Z 1785447484
2026-07-30T21:39:04Z 1785447544
2026-07-30T21:40:04Z 1785447604
2026-07-30T21:41:04Z 1785447664
2026-07-30T21:42:04Z 1785447724
2026-07-30T21:43:04Z 1785447784
2026-07-30T21:44:04Z 1785447844
2026-07-30T21:45:04Z 1785447904
2026-07-30T21:46:04Z 1785447964
2026-07-30T21:47:04Z 1785448024
2026-07-30T21:48:04Z 1785448084
2026-07-30T21:49:04Z 1785448144
2026-07-30T21:50:04Z 1785448204
2026-07-30T21:51:04Z 1785448264
2026-07-30T21:52:04Z 1785448324
2026-07-30T21:53:04Z 1785448384
2026-07-30T21:54:04Z 1785448444
2026-07-30T21:55:04Z 1785448504
2026-07-30T21:56:04Z 1785448564
2026-07-30T21:57:04Z 1785448624
2026-07-30T21:58:04Z 1785448684
2026-07-30T21:59:04Z 1785448744
2026-07-30T22:00:04Z 1785448804
2026-07-30T22:01:04Z 1785448864
2026-07-30T22:02:04Z 1785448924
2026-07-30T22:03:04Z 1785448984
2026-07-30T22:04:04Z 1785449044
2026-07-30T22:05:04Z 1785449104
2026-07-30T22:06:04Z 1785449164
2026-07-30T22:07:04Z 1785449224
2026-07-30T22:08:04Z 1785449284
2026-07-30T22:09:04Z 1785449344
2026-07-30T22:10:04Z 1785449404
2026-07-30T22:11:04Z 1785449464
2026-07-30T22:12:04Z 1785449524
2026-07-30T22:13:04Z 1785449584
2026-07-30T22:14:04Z 1785449644
2026-07-30T22:15:04Z 1785449704
2026-07-30T22:16:04Z 1785449764
2026-07-30T22:17:04Z 1785449824
2026-07-30T22:18:04Z 1785449884
2026-07-30T22:19:04Z 1785449944
2026-07-30T22:20:04Z 1785450004
2026-07-30T22:21:04Z 1785450064
2026-07-30T22:22:04Z 1785450124
2026-07-30T22:23:04Z 1785450184
2026-07-30T22:24:04Z 1785450244
2026-07-30T22:25:04Z 1785450304
2026-07-30T22:26:04Z 1785450364
2026-07-30T22:27:04Z 1785450424
2026-07-30T22:28:04Z 1785450484
2026-07-30T22:29:04Z 1785450544
2026-07-30T22:30:04Z 1785450604
2026-07-30T22:31:04Z 1785450664
2026-07-30T22:32:04Z 1785450724
2026-07-30T22:33:04Z 1785450784
2026-07-30T22:34:04Z 1785450844
2026-07-30T22:35:04Z 1785450904
2026-07-30T22:36:04Z 1785450964
2026-07-30T22:37:04Z 1785451024
2026-07-30T22:38:04Z 1785451084
2026-07-30T22:39:04Z 1785451144
2026-07-30T22:40:04Z 1785451204
2026-07-30T22:41:04Z 1785451264
2026-07-30T22:42:04Z 1785451324
2026-07-30T22:43:04Z 1785451384
2026-07-30T22:44:04Z 1785451444
2026-07-30T22:45:04Z 1785451504
2026-07-30T22:46:04Z 1785451564
2026-07-30T22:47:04Z 1785451624
2026-07-30T22:48:04Z 1785451684
2026-07-30T22:49:04Z 1785451744
2026-07-30T22:50:04Z 1785451804
2026-07-30T22:51:04Z 1785451864
2026-07-30T22:52:04Z 1785451924
2026-07-30T22:53:04Z 1785451984
2026-07-30T22:54:04Z 1785452044
2026-07-30T22:55:04Z 1785452104
2026-07-30T22:56:04Z 1785452164
2026-07-30T22:57:04Z 1785452224
2026-07-30T22:58:04Z 1785452284
2026-07-30T22:59:04Z 1785452344
2026-07-30T23:00:04Z 1785452404
2026-07-30T23:01:04Z 1785452464
2026-07-30T23:02:04Z 1785452524
2026-07-30T23:03:04Z 1785452584
2026-07-30T23:04:04Z 1785452644
2026-07-30T23:05:04Z 1785452704
2026-07-30T23:06:04Z 1785452764
2026-07-30T23:07:04Z 1785452824
2026-07-30T23:08:04Z 1785452884
2026-07-30T23:09:04Z 1785452944
2026-07-30T23:10:04Z 1785453004
2026-07-30T23:11:04Z 1785453064
2026-07-30T23:12:04Z 1785453124
2026-07-30T23:13:04Z 1785453184
2026-07-30T23:14:04Z 1785453244
2026-07-30T23:15:04Z 1785453304
2026-07-30T23:16:04Z 1785453364
2026-07-30T23:17:04Z 1785453424
2026-07-30T23:18:04Z 1785453484
2026-07-30T23:19:04Z 1785453544
2026-07-30T23:20:04Z 1785453604
2026-07-30T23:21:04Z 1785453664
2026-07-30T23:22:04Z 1785453724
2026-07-30T23:23:04Z 1785453784
2026-07-30T23:24:04Z 1785453844
2026-07-30T23:25:04Z 1785453904
2026-07-30T23:26:04Z 1785453964
2026-07-30T23:27:04Z 1785454024
2026-07-30T23:28:04Z 1785454084
2026-07-30T23:29:04Z 1785454144
2026-07-30T23:30:04Z 1785454204
2026-07-30T23:31:04Z 1785454264
2026-07-30T23:32:04Z 1785454324
2026-07-30T23:33:04Z 1785454384
2026-07-30T23:34:04Z 1785454444
2026-07-30T23:35:04Z 1785454504
2026-07-30T23:36:04Z 1785454564
2026-07-30T23:37:04Z 1785454624
2026-07-30T23:38:04Z 1785454684
2026-07-30T23:39:04Z 1785454744
2026-07-30T23:40:04Z 1785454804
2026-07-30T23:41:04Z 1785454864
2026-07-30T23:42:04Z 1785454924
2026-07-30T23:43:04Z 1785454984
2026-07-30T23:44:04Z 1785455044
2026-07-30T23:45:04Z 1785455104
2026-07-30T23:46:04Z 1785455164
2026-07-30T23:47:04Z 1785455224
2026-07-30T23:48:04Z 1785455284
2026-07-30T23:49:04Z 1785455344
2026-07-30T23:50:04Z 1785455404
2026-07-30T23:51:04Z 1785455464
2026-07-30T23:52:04Z 1785455524
2026-07-30T23:53:04Z 1785455584
2026-07-30T23:54:04Z 1785455644
2026-07-30T23:55:04Z 1785455704
2026-07-30T23:56:04Z 1785455764
2026-07-30T23:57:04Z 1785455824
2026-07-30T23:58:04Z 1785455884
2026-07-30T23:59:04Z 1785455944
2026-07-31T00:00:04Z 1785456004
2026-07-31T00:01:04Z 1785456064
2026-07-31T00:02:04Z 1785456124
2026-07-31T00:03:04Z 1785456184
2026-07-31T00:04:04Z 1785456244
2026-07-31T00:05:04Z 1785456304
2026-07-31T00:06:04Z 1785456364
2026-07-31T00:07:04Z 1785456424
2026-07-31T00:08:04Z 1785456484
2026-07-31T00:09:04Z 1785456544
2026-07-31T00:10:04Z 1785456604
2026-07-31T00:11:04Z 1785456664
2026-07-31T00:12:04Z 1785456724
2026-07-31T00:13:04Z 1785456784
2026-07-31T00:14:04Z 1785456844
2026-07-31T00:15:04Z 1785456904
2026-07-31T00:16:04Z 1785456964
2026-07-31T00:17:04Z 1785457024
2026-07-31T00:18:04Z 1785457084
2026-07-31T00:19:04Z 1785457144
2026-07-31T00:20:04Z 1785457204
2026-07-31T00:21:04Z 1785457264
2026-07-31T00:22:04Z 1785457324
2026-07-31T00:23:04Z 1785457384
2026-07-31T00:24:04Z 1785457444
2026-07-31T00:25:04Z 1785457504
2026-07-31T00:26:04Z 1785457564
2026-07-31T00:27:04Z 1785457624
2026-07-31T00:28:04Z 1785457684
2026-07-31T00:29:04Z 1785457744
2026-07-31T00:30:04Z 1785457804
2026-07-31T00:31:04Z 1785457864
2026-07-31T00:32:04Z 1785457924
2026-07-31T00:33:04Z 1785457984
2026-07-31T00:34:04Z 1785458044
2026-07-31T00:35:04Z 1785458104
2026-07-31T00:36:04Z 1785458164
2026-07-31T00:37:04Z 1785458224
2026-07-31T00:38:04Z 1785458284
2026-07-31T00:39:04Z 1785458344
2026-07-31T00:40:04Z 1785458404
2026-07-31T00:41:04Z 1785458464
2026-07-31T00:42:04Z 1785458524
2026-07-31T00:43:04Z 1785458584
2026-07-31T00:44:04Z 1785458644
2026-07-31T00:45:04Z 1785458704
2026-07-31T00:46:04Z 1785458764
2026-07-31T00:47:04Z 1785458824
2026-07-31T00:48:04Z 1785458884
2026-07-31T00:49:04Z 1785458944
2026-07-31T00:50:04Z 1785459004
2026-07-31T00:51:04Z 1785459064
2026-07-31T00:52:04Z 1785459124
2026-07-31T00:53:04Z 1785459184
2026-07-31T00:54:04Z 1785459244
2026-07-31T00:55:04Z 1785459304
2026-07-31T00:56:04Z 1785459364
2026-07-31T00:57:04Z 1785459424
2026-07-31T00:58:04Z 1785459484
2026-07-31T00:59:04Z 1785459544
2026-07-31T01:00:04Z 1785459604
2026-07-31T01:01:04Z 1785459664
2026-07-31T01:02:04Z 1785459724
2026-07-31T01:03:04Z 1785459784
2026-07-31T01:04:04Z 1785459844
2026-07-31T01:05:04Z 1785459904
2026-07-31T01:06:04Z 1785459964
2026-07-31T01:07:04Z 1785460024
2026-07-31T01:08:04Z 1785460084
2026-07-31T01:09:04Z 1785460144
2026-07-31T01:10:04Z 1785460204
2026-07-31T01:11:04Z 1785460264
2026-07-31T01:12:04Z 1785460324
2026-07-31T01:13:04Z 1785460384
2026-07-31T01:14:04Z 1785460444
2026-07-31T01:15:04Z 1785460504
2026-07-31T01:16:04Z 1785460564
2026-07-31T01:17:04Z 1785460624
2026-07-31T01:18:04Z 1785460684
2026-07-31T01:19:04Z 1785460744
2026-07-31T01:20:04Z 1785460804
2026-07-31T01:21:04Z 1785460864
2026-07-31T01:22:04Z 1785460924
2026-07-31T01:23:04Z 1785460984
2026-07-31T01:24:04Z 1785461044
2026-07-31T01:25:04Z 1785461104
2026-07-31T01:26:04Z 1785461164
2026-07-31T01:27:04Z 1785461224
2026-07-31T01:28:04Z 1785461284
2026-07-31T01:29:04Z 1785461344
2026-07-31T01:30:04Z 1785461404
2026-07-31T01:31:04Z 1785461464
2026-07-31T01:32:04Z 1785461524
2026-07-31T01:33:04Z 1785461584
2026-07-31T01:34:04Z 1785461644
2026-07-31T01:35:04Z 1785461704
2026-07-31T01:36:04Z 1785461764
2026-07-31T01:37:04Z 1785461824
2026-07-31T01:38:04Z 1785461884
2026-07-31T01:39:04Z 1785461944
2026-07-31T01:40:04Z 1785462004
2026-07-31T01:41:04Z 1785462064
2026-07-31T01:42:04Z 1785462124
2026-07-31T01:43:04Z 1785462184
2026-07-31T01:44:04Z 1785462244
2026-07-31T01:45:04Z 1785462304
2026-07-31T01:46:04Z 1785462364
2026-07-31T01:47:04Z 1785462424
2026-07-31T01:48:04Z 1785462484
2026-07-31T01:49:04Z 1785462544
2026-07-31T01:50:04Z 1785462604
2026-07-31T01:51:04Z 1785462664
2026-07-31T01:52:04Z 1785462724
2026-07-31T01:53:04Z 1785462784
2026-07-31T01:54:04Z 1785462844
2026-07-31T01:55:04Z 1785462904
2026-07-31T01:56:04Z 1785462964
2026-07-31T01:57:04Z 1785463024
2026-07-31T01:58:04Z 1785463084
2026-07-31T01:59:04Z 1785463144
2026-07-31T02:00:04Z 1785463204
2026-07-31T02:01:04Z 1785463264
2026-07-31T02:02:04Z 1785463324
2026-07-31T02:03:04Z 1785463384
2026-07-31T02:04:04Z 1785463444
2026-07-31T02:05:04Z 1785463504
2026-07-31T02:06:04Z 1785463564
2026-07-31T02:07:04Z 1785463624
2026-07-31T02:08:04Z 1785463684
2026-07-31T02:09:04Z 1785463744
2026-07-31T02:10:04Z 1785463804
2026-07-31T02:11:04Z 1785463864
2026-07-31T02:12:04Z 1785463924
2026-07-31T02:13:04Z 1785463984
2026-07-31T02:14:04Z 1785464044
2026-07-31T02:15:04Z 1785464104
2026-07-31T02:16:04Z 1785464164
2026-07-31T02:17:04Z 1785464224
2026-07-31T02:18:04Z 1785464284
2026-07-31T02:19:04Z 1785464344
2026-07-31T02:20:04Z 1785464404
2026-07-31T02:21:04Z 1785464464
2026-07-31T02:22:04Z 1785464524
2026-07-31T02:23:03Z 1785464583
2026-07-31T02:24:04Z 1785464644
2026-07-31T02:25:04Z 1785464704
2026-07-31T02:26:04Z 1785464764
2026-07-31T02:27:04Z 1785464824
2026-07-31T02:28:04Z 1785464884
2026-07-31T02:29:04Z 1785464944
2026-07-31T02:30:04Z 1785465004
2026-07-31T02:31:04Z 1785465064
2026-07-31T02:32:04Z 1785465124
2026-07-31T02:33:04Z 1785465184
2026-07-31T02:34:04Z 1785465244
2026-07-31T02:35:04Z 1785465304
2026-07-31T02:36:04Z 1785465364
2026-07-31T02:37:04Z 1785465424
2026-07-31T02:38:04Z 1785465484
2026-07-31T02:39:04Z 1785465544
2026-07-31T02:40:04Z 1785465604
2026-07-31T02:41:04Z 1785465664
2026-07-31T02:42:04Z 1785465724
2026-07-31T02:43:04Z 1785465784
2026-07-31T02:44:04Z 1785465844
2026-07-31T02:45:04Z 1785465904
2026-07-31T02:46:04Z 1785465964
2026-07-31T02:47:04Z 1785466024
2026-07-31T02:48:04Z 1785466084
2026-07-31T02:49:04Z 1785466144
2026-07-31T02:50:04Z 1785466204
2026-07-31T02:51:04Z 1785466264
2026-07-31T02:52:04Z 1785466324
2026-07-31T02:53:04Z 1785466384
2026-07-31T02:54:04Z 1785466444
2026-07-31T02:55:04Z 1785466504
2026-07-31T02:56:04Z 1785466564
2026-07-31T02:57:04Z 1785466624
2026-07-31T02:58:04Z 1785466684
2026-07-31T02:59:04Z 1785466744
2026-07-31T03:00:04Z 1785466804
2026-07-31T03:01:04Z 1785466864
2026-07-31T03:02:04Z 1785466924
2026-07-31T03:03:04Z 1785466984
2026-07-31T03:04:04Z 1785467044
2026-07-31T03:05:04Z 1785467104
2026-07-31T03:06:04Z 1785467164
2026-07-31T03:07:04Z 1785467224
2026-07-31T03:08:04Z 1785467284
2026-07-31T03:09:04Z 1785467344
2026-07-31T03:10:04Z 1785467404
2026-07-31T03:11:04Z 1785467464
2026-07-31T03:12:04Z 1785467524
2026-07-31T03:13:04Z 1785467584
2026-07-31T03:14:04Z 1785467644
2026-07-31T03:15:04Z 1785467704
2026-07-31T03:16:04Z 1785467764
2026-07-31T03:17:04Z 1785467824
2026-07-31T03:18:04Z 1785467884
2026-07-31T03:19:04Z 1785467944
2026-07-31T03:20:04Z 1785468004
2026-07-31T03:21:04Z 1785468064
2026-07-31T03:22:04Z 1785468124
2026-07-31T03:23:04Z 1785468184
2026-07-31T03:24:04Z 1785468244
2026-07-31T03:25:04Z 1785468304
2026-07-31T03:26:04Z 1785468364
2026-07-31T03:27:04Z 1785468424
2026-07-31T03:28:04Z 1785468484
2026-07-31T03:29:04Z 1785468544
2026-07-31T03:30:04Z 1785468604
2026-07-31T03:31:04Z 1785468664
2026-07-31T03:32:04Z 1785468724
2026-07-31T03:33:04Z 1785468784
2026-07-31T03:34:04Z 1785468844
2026-07-31T03:35:04Z 1785468904
2026-07-31T03:36:04Z 1785468964
2026-07-31T03:37:04Z 1785469024
2026-07-31T03:38:04Z 1785469084
2026-07-31T03:39:04Z 1785469144
2026-07-31T03:40:04Z 1785469204
2026-07-31T03:41:04Z 1785469264
2026-07-31T03:42:04Z 1785469324
2026-07-31T03:43:04Z 1785469384
2026-07-31T03:44:04Z 1785469444
2026-07-31T03:45:04Z 1785469504
2026-07-31T03:46:04Z 1785469564
2026-07-31T03:47:04Z 1785469624
2026-07-31T03:48:04Z 1785469684
2026-07-31T03:49:04Z 1785469744
2026-07-31T03:50:04Z 1785469804
2026-07-31T03:51:04Z 1785469864
2026-07-31T03:52:04Z 1785469924
2026-07-31T03:53:04Z 1785469984
2026-07-31T03:54:04Z 1785470044
2026-07-31T03:55:04Z 1785470104
2026-07-31T03:56:04Z 1785470164
2026-07-31T03:57:04Z 1785470224
2026-07-31T03:58:04Z 1785470284
2026-07-31T03:59:04Z 1785470344
2026-07-31T04:00:04Z 1785470404
2026-07-31T04:01:04Z 1785470464
2026-07-31T04:02:04Z 1785470524
2026-07-31T04:03:04Z 1785470584
2026-07-31T04:04:04Z 1785470644
2026-07-31T04:05:04Z 1785470704
2026-07-31T04:06:04Z 1785470764
2026-07-31T04:07:04Z 1785470824
2026-07-31T04:08:04Z 1785470884
2026-07-31T04:09:04Z 1785470944
2026-07-31T04:10:04Z 1785471004
2026-07-31T04:11:04Z 1785471064
2026-07-31T04:12:04Z 1785471124
2026-07-31T04:13:04Z 1785471184
2026-07-31T04:14:04Z 1785471244
2026-07-31T04:15:04Z 1785471304
2026-07-31T04:16:04Z 1785471364
2026-07-31T04:17:04Z 1785471424
2026-07-31T04:18:04Z 1785471484
2026-07-31T04:19:04Z 1785471544
2026-07-31T04:20:04Z 1785471604
2026-07-31T04:21:04Z 1785471664
2026-07-31T04:22:04Z 1785471724
2026-07-31T04:23:04Z 1785471784
2026-07-31T04:24:04Z 1785471844
2026-07-31T04:25:04Z 1785471904
2026-07-31T04:26:04Z 1785471964
2026-07-31T04:27:04Z 1785472024
2026-07-31T04:28:04Z 1785472084
2026-07-31T04:29:04Z 1785472144
2026-07-31T04:30:04Z 1785472204
2026-07-31T04:31:04Z 1785472264
2026-07-31T04:32:04Z 1785472324
2026-07-31T04:33:04Z 1785472384
2026-07-31T04:34:04Z 1785472444
2026-07-31T04:35:04Z 1785472504
2026-07-31T04:36:04Z 1785472564
2026-07-31T04:37:04Z 1785472624
2026-07-31T04:38:04Z 1785472684
2026-07-31T04:39:04Z 1785472744
2026-07-31T04:40:04Z 1785472804
2026-07-31T04:41:04Z 1785472864
2026-07-31T04:42:04Z 1785472924
2026-07-31T04:43:04Z 1785472984
2026-07-31T04:44:04Z 1785473044
2026-07-31T04:45:04Z 1785473104
2026-07-31T04:46:04Z 1785473164
2026-07-31T04:47:04Z 1785473224
2026-07-31T04:48:04Z 1785473284
2026-07-31T04:49:04Z 1785473344
2026-07-31T04:50:04Z 1785473404
2026-07-31T04:51:04Z 1785473464
2026-07-31T04:52:04Z 1785473524
2026-07-31T04:53:04Z 1785473584
2026-07-31T04:54:04Z 1785473644
2026-07-31T04:55:04Z 1785473704
2026-07-31T04:56:04Z 1785473764
2026-07-31T04:57:04Z 1785473824
2026-07-31T04:58:04Z 1785473884
2026-07-31T04:59:04Z 1785473944
2026-07-31T05:00:04Z 1785474004
2026-07-31T05:01:04Z 1785474064
2026-07-31T05:02:04Z 1785474124
2026-07-31T05:03:04Z 1785474184
2026-07-31T05:04:04Z 1785474244
2026-07-31T05:05:04Z 1785474304
2026-07-31T05:06:04Z 1785474364
2026-07-31T05:07:04Z 1785474424
2026-07-31T05:08:04Z 1785474484
2026-07-31T05:09:04Z 1785474544
2026-07-31T05:10:04Z 1785474604
2026-07-31T05:11:04Z 1785474664
2026-07-31T05:12:04Z 1785474724
2026-07-31T05:13:04Z 1785474784
2026-07-31T05:14:04Z 1785474844
2026-07-31T05:15:04Z 1785474904
2026-07-31T05:16:04Z 1785474964
2026-07-31T05:17:04Z 1785475024
2026-07-31T05:18:04Z 1785475084
2026-07-31T05:19:04Z 1785475144
2026-07-31T05:20:04Z 1785475204
2026-07-31T05:21:04Z 1785475264
2026-07-31T05:22:04Z 1785475324
2026-07-31T05:23:04Z 1785475384
2026-07-31T05:24:04Z 1785475444
2026-07-31T05:25:04Z 1785475504
2026-07-31T05:26:04Z 1785475564
2026-07-31T05:27:04Z 1785475624
2026-07-31T05:28:04Z 1785475684
2026-07-31T05:29:04Z 1785475744
2026-07-31T05:30:04Z 1785475804
2026-07-31T05:31:04Z 1785475864
2026-07-31T05:32:04Z 1785475924
2026-07-31T05:33:04Z 1785475984
2026-07-31T05:34:04Z 1785476044
2026-07-31T05:35:04Z 1785476104
2026-07-31T05:36:04Z 1785476164
2026-07-31T05:37:04Z 1785476224
2026-07-31T05:38:04Z 1785476284
2026-07-31T05:39:04Z 1785476344
2026-07-31T05:40:04Z 1785476404
2026-07-31T05:41:04Z 1785476464
2026-07-31T05:42:04Z 1785476524
2026-07-31T05:43:04Z 1785476584
2026-07-31T05:44:04Z 1785476644
2026-07-31T05:45:04Z 1785476704
2026-07-31T05:46:04Z 1785476764
2026-07-31T05:47:04Z 1785476824
2026-07-31T05:48:04Z 1785476884
2026-07-31T05:49:04Z 1785476944
2026-07-31T05:50:04Z 1785477004
2026-07-31T05:51:04Z 1785477064
2026-07-31T05:52:04Z 1785477124
2026-07-31T05:53:04Z 1785477184
2026-07-31T05:54:04Z 1785477244
2026-07-31T05:55:04Z 1785477304
2026-07-31T05:56:04Z 1785477364
2026-07-31T05:57:04Z 1785477424
2026-07-31T05:58:04Z 1785477484
2026-07-31T05:59:04Z 1785477544
2026-07-31T06:00:04Z 1785477604
2026-07-31T06:01:04Z 1785477664
2026-07-31T06:02:04Z 1785477724
2026-07-31T06:03:04Z 1785477784
2026-07-31T06:04:04Z 1785477844
2026-07-31T06:05:04Z 1785477904
2026-07-31T06:06:04Z 1785477964
2026-07-31T06:07:04Z 1785478024
2026-07-31T06:08:04Z 1785478084
2026-07-31T06:09:04Z 1785478144
2026-07-31T06:10:04Z 1785478204
2026-07-31T06:11:04Z 1785478264
2026-07-31T06:12:04Z 1785478324
2026-07-31T06:13:04Z 1785478384
2026-07-31T06:14:04Z 1785478444
2026-07-31T06:15:04Z 1785478504
2026-07-31T06:16:04Z 1785478564
2026-07-31T06:17:04Z 1785478624
2026-07-31T06:18:04Z 1785478684
2026-07-31T06:19:04Z 1785478744
2026-07-31T06:20:04Z 1785478804
2026-07-31T06:21:04Z 1785478864
2026-07-31T06:22:04Z 1785478924
2026-07-31T06:23:04Z 1785478984
2026-07-31T06:24:04Z 1785479044
2026-07-31T06:25:04Z 1785479104
2026-07-31T06:26:04Z 1785479164
2026-07-31T06:27:04Z 1785479224
2026-07-31T06:28:04Z 1785479284
2026-07-31T06:29:04Z 1785479344
2026-07-31T06:30:04Z 1785479404
2026-07-31T06:31:04Z 1785479464
2026-07-31T06:32:04Z 1785479524
2026-07-31T06:33:04Z 1785479584
2026-07-31T06:34:04Z 1785479644
2026-07-31T06:35:04Z 1785479704
2026-07-31T06:36:04Z 1785479764
2026-07-31T06:37:04Z 1785479824
2026-07-31T06:38:04Z 1785479884
2026-07-31T06:39:04Z 1785479944
2026-07-31T06:40:04Z 1785480004
2026-07-31T06:41:04Z 1785480064
2026-07-31T06:42:04Z 1785480124
2026-07-31T06:43:04Z 1785480184
2026-07-31T06:44:04Z 1785480244
2026-07-31T06:45:04Z 1785480304
2026-07-31T06:46:04Z 1785480364
2026-07-31T06:47:04Z 1785480424
2026-07-31T06:48:04Z 1785480484
2026-07-31T06:49:04Z 1785480544
2026-07-31T06:50:04Z 1785480604
2026-07-31T06:51:04Z 1785480664
2026-07-31T06:52:04Z 1785480724
2026-07-31T06:53:04Z 1785480784
2026-07-31T06:54:04Z 1785480844
2026-07-31T06:55:04Z 1785480904
2026-07-31T06:56:04Z 1785480964
2026-07-31T06:57:04Z 1785481024
2026-07-31T06:58:04Z 1785481084
2026-07-31T06:59:04Z 1785481144
2026-07-31T07:00:04Z 1785481204
2026-07-31T07:01:04Z 1785481264
2026-07-31T07:02:04Z 1785481324
2026-07-31T07:03:04Z 1785481384
2026-07-31T07:04:04Z 1785481444
2026-07-31T07:05:04Z 1785481504
2026-07-31T07:06:04Z 1785481564
2026-07-31T07:07:04Z 1785481624
2026-07-31T07:08:04Z 1785481684
2026-07-31T07:09:04Z 1785481744
2026-07-31T07:10:04Z 1785481804
2026-07-31T07:11:04Z 1785481864
2026-07-31T07:12:04Z 1785481924
2026-07-31T07:13:04Z 1785481984
2026-07-31T07:14:04Z 1785482044
2026-07-31T07:15:04Z 1785482104
2026-07-31T07:16:04Z 1785482164
2026-07-31T07:17:04Z 1785482224
2026-07-31T07:18:04Z 1785482284
2026-07-31T07:19:04Z 1785482344
2026-07-31T07:20:04Z 1785482404
2026-07-31T07:21:04Z 1785482464
2026-07-31T07:22:04Z 1785482524
2026-07-31T07:23:04Z 1785482584
2026-07-31T07:24:04Z 1785482644
2026-07-31T07:25:04Z 1785482704
2026-07-31T07:26:04Z 1785482764
2026-07-31T07:27:04Z 1785482824
2026-07-31T07:28:04Z 1785482884
2026-07-31T07:29:04Z 1785482944
2026-07-31T07:30:04Z 1785483004
2026-07-31T07:31:04Z 1785483064
2026-07-31T07:32:04Z 1785483124
2026-07-31T07:33:04Z 1785483184
2026-07-31T07:34:04Z 1785483244
2026-07-31T07:35:04Z 1785483304
2026-07-31T07:36:04Z 1785483364
2026-07-31T07:37:04Z 1785483424
2026-07-31T07:38:04Z 1785483484
2026-07-31T07:39:04Z 1785483544
2026-07-31T07:40:04Z 1785483604
2026-07-31T07:41:04Z 1785483664
2026-07-31T07:42:04Z 1785483724
2026-07-31T07:43:04Z 1785483784
2026-07-31T07:44:04Z 1785483844
2026-07-31T07:45:04Z 1785483904
2026-07-31T07:46:04Z 1785483964
2026-07-31T07:47:04Z 1785484024
2026-07-31T07:48:04Z 1785484084
2026-07-31T07:49:04Z 1785484144
2026-07-31T07:50:04Z 1785484204
2026-07-31T07:51:04Z 1785484264
2026-07-31T07:52:04Z 1785484324
2026-07-31T07:53:04Z 1785484384
2026-07-31T07:54:04Z 1785484444
2026-07-31T07:55:04Z 1785484504
2026-07-31T07:56:04Z 1785484564
2026-07-31T07:57:04Z 1785484624
2026-07-31T07:58:04Z 1785484684
2026-07-31T07:59:04Z 1785484744
2026-07-31T08:00:04Z 1785484804
2026-07-31T08:01:04Z 1785484864
2026-07-31T08:02:04Z 1785484924
2026-07-31T08:03:04Z 1785484984
2026-07-31T08:04:04Z 1785485044
2026-07-31T08:05:04Z 1785485104
2026-07-31T08:06:04Z 1785485164
2026-07-31T08:07:04Z 1785485224
2026-07-31T08:08:04Z 1785485284
2026-07-31T08:09:04Z 1785485344
2026-07-31T08:10:04Z 1785485404
2026-07-31T08:11:04Z 1785485464
2026-07-31T08:12:04Z 1785485524
2026-07-31T08:13:04Z 1785485584
2026-07-31T08:14:04Z 1785485644
2026-07-31T08:15:04Z 1785485704
2026-07-31T08:16:04Z 1785485764
2026-07-31T08:17:04Z 1785485824
2026-07-31T08:18:04Z 1785485884
2026-07-31T08:19:04Z 1785485944
2026-07-31T08:20:04Z 1785486004
2026-07-31T08:21:04Z 1785486064
2026-07-31T08:22:04Z 1785486124
2026-07-31T08:23:04Z 1785486184
2026-07-31T08:24:04Z 1785486244
2026-07-31T08:25:04Z 1785486304
2026-07-31T08:26:04Z 1785486364
2026-07-31T08:27:04Z 1785486424
2026-07-31T08:28:04Z 1785486484
2026-07-31T08:29:04Z 1785486544
2026-07-31T08:30:04Z 1785486604
2026-07-31T08:31:04Z 1785486664
2026-07-31T08:32:04Z 1785486724
2026-07-31T08:33:04Z 1785486784
2026-07-31T08:34:04Z 1785486844
2026-07-31T08:35:04Z 1785486904
2026-07-31T08:36:04Z 1785486964
2026-07-31T08:37:04Z 1785487024
2026-07-31T08:38:04Z 1785487084
2026-07-31T08:39:04Z 1785487144
2026-07-31T08:40:04Z 1785487204
2026-07-31T08:41:04Z 1785487264
2026-07-31T08:42:04Z 1785487324
2026-07-31T08:43:04Z 1785487384
2026-07-31T08:44:04Z 1785487444
2026-07-31T08:45:04Z 1785487504
2026-07-31T08:46:04Z 1785487564
2026-07-31T08:47:04Z 1785487624
2026-07-31T08:48:04Z 1785487684
2026-07-31T08:49:04Z 1785487744
2026-07-31T08:50:04Z 1785487804
2026-07-31T08:51:04Z 1785487864
2026-07-31T08:52:04Z 1785487924
2026-07-31T08:53:04Z 1785487984
2026-07-31T08:54:04Z 1785488044
2026-07-31T08:55:04Z 1785488104
2026-07-31T08:56:04Z 1785488164
2026-07-31T08:57:04Z 1785488224
2026-07-31T08:58:04Z 1785488284
2026-07-31T08:59:04Z 1785488344
2026-07-31T09:00:04Z 1785488404
2026-07-31T09:01:04Z 1785488464
2026-07-31T09:02:04Z 1785488524
2026-07-31T09:03:04Z 1785488584
2026-07-31T09:04:04Z 1785488644
2026-07-31T09:05:04Z 1785488704
2026-07-31T09:06:04Z 1785488764
2026-07-31T09:07:04Z 1785488824
2026-07-31T09:08:04Z 1785488884
2026-07-31T09:09:04Z 1785488944
2026-07-31T09:10:04Z 1785489004
2026-07-31T09:11:00Z 1785489060
2026-07-31T09:12:04Z 1785489124
2026-07-31T09:13:04Z 1785489184
2026-07-31T09:14:04Z 1785489244
2026-07-31T09:15:04Z 1785489304
2026-07-31T09:16:04Z 1785489364
2026-07-31T09:17:04Z 1785489424
2026-07-31T09:18:04Z 1785489484
2026-07-31T09:19:04Z 1785489544
2026-07-31T09:20:04Z 1785489604
2026-07-31T09:21:04Z 1785489664
2026-07-31T09:22:04Z 1785489724
2026-07-31T09:23:04Z 1785489784
2026-07-31T09:24:04Z 1785489844
2026-07-31T09:25:04Z 1785489904
2026-07-31T09:26:04Z 1785489964
2026-07-31T09:27:04Z 1785490024
2026-07-31T09:28:04Z 1785490084
2026-07-31T09:29:04Z 1785490144
2026-07-31T09:30:04Z 1785490204
2026-07-31T09:31:04Z 1785490264
2026-07-31T09:32:04Z 1785490324
2026-07-31T09:33:04Z 1785490384
2026-07-31T09:34:04Z 1785490444
2026-07-31T09:35:04Z 1785490504
2026-07-31T09:36:04Z 1785490564
2026-07-31T09:37:04Z 1785490624
2026-07-31T09:38:04Z 1785490684
2026-07-31T09:39:04Z 1785490744
2026-07-31T09:40:04Z 1785490804
2026-07-31T09:41:04Z 1785490864
2026-07-31T09:42:04Z 1785490924
2026-07-31T09:43:04Z 1785490984
2026-07-31T09:44:04Z 1785491044
2026-07-31T09:45:04Z 1785491104
2026-07-31T09:46:04Z 1785491164
2026-07-31T09:47:04Z 1785491224
2026-07-31T09:48:04Z 1785491284
2026-07-31T09:49:04Z 1785491344
2026-07-31T09:50:04Z 1785491404
2026-07-31T09:51:04Z 1785491464
2026-07-31T09:52:04Z 1785491524
2026-07-31T09:53:04Z 1785491584
2026-07-31T09:54:04Z 1785491644
2026-07-31T09:55:04Z 1785491704
2026-07-31T09:56:04Z 1785491764
2026-07-31T09:57:04Z 1785491824
2026-07-31T09:58:04Z 1785491884
2026-07-31T09:59:04Z 1785491944
2026-07-31T10:00:04Z 1785492004
2026-07-31T10:01:04Z 1785492064
2026-07-31T10:02:04Z 1785492124
2026-07-31T10:03:04Z 1785492184
2026-07-31T10:04:04Z 1785492244
2026-07-31T10:05:04Z 1785492304
2026-07-31T10:06:04Z 1785492364
2026-07-31T10:07:04Z 1785492424
2026-07-31T10:08:04Z 1785492484
2026-07-31T10:09:04Z 1785492544
2026-07-31T10:10:04Z 1785492604
2026-07-31T10:11:04Z 1785492664
2026-07-31T10:12:04Z 1785492724
2026-07-31T10:13:04Z 1785492784
2026-07-31T10:14:04Z 1785492844
2026-07-31T10:15:04Z 1785492904
2026-07-31T10:16:04Z 1785492964
2026-07-31T10:17:04Z 1785493024
2026-07-31T10:18:04Z 1785493084
2026-07-31T10:19:04Z 1785493144
2026-07-31T10:20:04Z 1785493204
2026-07-31T10:21:04Z 1785493264
2026-07-31T10:22:04Z 1785493324
2026-07-31T10:23:04Z 1785493384
2026-07-31T10:24:04Z 1785493444
2026-07-31T10:25:04Z 1785493504
2026-07-31T10:26:04Z 1785493564
2026-07-31T10:27:04Z 1785493624
2026-07-31T10:28:04Z 1785493684
2026-07-31T10:29:04Z 1785493744
2026-07-31T10:30:04Z 1785493804
2026-07-31T10:31:04Z 1785493864
2026-07-31T10:32:04Z 1785493924
2026-07-31T10:33:04Z 1785493984
2026-07-31T10:34:04Z 1785494044
2026-07-31T10:35:04Z 1785494104
2026-07-31T10:36:04Z 1785494164
2026-07-31T10:37:04Z 1785494224
2026-07-31T10:38:04Z 1785494284
2026-07-31T10:39:04Z 1785494344
2026-07-31T10:40:04Z 1785494404
2026-07-31T10:41:04Z 1785494464
2026-07-31T10:42:04Z 1785494524
2026-07-31T10:43:04Z 1785494584
2026-07-31T10:44:04Z 1785494644
2026-07-31T10:45:04Z 1785494704
2026-07-31T10:46:04Z 1785494764
2026-07-31T10:47:04Z 1785494824
2026-07-31T10:48:04Z 1785494884
2026-07-31T10:49:04Z 1785494944
2026-07-31T10:50:04Z 1785495004
2026-07-31T10:51:04Z 1785495064
2026-07-31T10:52:04Z 1785495124
2026-07-31T10:53:04Z 1785495184
2026-07-31T10:54:04Z 1785495244
2026-07-31T10:55:04Z 1785495304
2026-07-31T10:56:04Z 1785495364
2026-07-31T10:57:04Z 1785495424
2026-07-31T10:58:04Z 1785495484
2026-07-31T10:59:04Z 1785495544
2026-07-31T11:00:04Z 1785495604
2026-07-31T11:01:04Z 1785495664
2026-07-31T11:02:04Z 1785495724
2026-07-31T11:03:04Z 1785495784
2026-07-31T11:04:04Z 1785495844
2026-07-31T11:05:04Z 1785495904
2026-07-31T11:06:04Z 1785495964
2026-07-31T11:07:04Z 1785496024
2026-07-31T11:08:04Z 1785496084
2026-07-31T11:09:04Z 1785496144
2026-07-31T11:10:04Z 1785496204
2026-07-31T11:11:04Z 1785496264
2026-07-31T11:12:04Z 1785496324
2026-07-31T11:13:04Z 1785496384
2026-07-31T11:14:04Z 1785496444
2026-07-31T11:15:04Z 1785496504
2026-07-31T11:16:04Z 1785496564
2026-07-31T11:17:04Z 1785496624
2026-07-31T11:18:04Z 1785496684
2026-07-31T11:19:04Z 1785496744
2026-07-31T11:20:04Z 1785496804
2026-07-31T11:21:04Z 1785496864
2026-07-31T11:22:04Z 1785496924
2026-07-31T11:23:04Z 1785496984
2026-07-31T11:24:04Z 1785497044
2026-07-31T11:25:04Z 1785497104
2026-07-31T11:26:04Z 1785497164
2026-07-31T11:27:04Z 1785497224
2026-07-31T11:28:04Z 1785497284
2026-07-31T11:29:04Z 1785497344
2026-07-31T11:30:04Z 1785497404
2026-07-31T11:31:04Z 1785497464
2026-07-31T11:32:04Z 1785497524
2026-07-31T11:33:04Z 1785497584
2026-07-31T11:34:04Z 1785497644
2026-07-31T11:35:04Z 1785497704
2026-07-31T11:36:04Z 1785497764
2026-07-31T11:37:04Z 1785497824
2026-07-31T11:38:04Z 1785497884
2026-07-31T11:39:04Z 1785497944
2026-07-31T11:40:04Z 1785498004
2026-07-31T11:41:04Z 1785498064
2026-07-31T11:42:04Z 1785498124
2026-07-31T11:43:04Z 1785498184
2026-07-31T11:44:04Z 1785498244
2026-07-31T11:45:04Z 1785498304
2026-07-31T11:46:04Z 1785498364
2026-07-31T11:47:04Z 1785498424
2026-07-31T11:48:04Z 1785498484
2026-07-31T11:49:04Z 1785498544
2026-07-31T11:50:04Z 1785498604
2026-07-31T11:51:04Z 1785498664
2026-07-31T11:52:04Z 1785498724
2026-07-31T11:53:04Z 1785498784
2026-07-31T11:54:04Z 1785498844
2026-07-31T11:55:04Z 1785498904
2026-07-31T11:56:04Z 1785498964
2026-07-31T11:57:04Z 1785499024
2026-07-31T11:58:04Z 1785499084
2026-07-31T11:59:04Z 1785499144
2026-07-31T12:00:04Z 1785499204
2026-07-31T12:01:04Z 1785499264
2026-07-31T12:02:04Z 1785499324
2026-07-31T12:03:04Z 1785499384
2026-07-31T12:04:04Z 1785499444
2026-07-31T12:05:04Z 1785499504
2026-07-31T12:06:04Z 1785499564
2026-07-31T12:07:04Z 1785499624
2026-07-31T12:08:04Z 1785499684
2026-07-31T12:09:04Z 1785499744
2026-07-31T12:10:04Z 1785499804
2026-07-31T12:11:04Z 1785499864
2026-07-31T12:12:04Z 1785499924
2026-07-31T12:13:04Z 1785499984
2026-07-31T12:14:04Z 1785500044
2026-07-31T12:15:04Z 1785500104
2026-07-31T12:16:04Z 1785500164
2026-07-31T12:17:04Z 1785500224
2026-07-31T12:18:04Z 1785500284
2026-07-31T12:19:04Z 1785500344
2026-07-31T12:20:04Z 1785500404
2026-07-31T12:21:04Z 1785500464
2026-07-31T12:22:04Z 1785500524
2026-07-31T12:23:04Z 1785500584
2026-07-31T12:24:04Z 1785500644
2026-07-31T12:25:04Z 1785500704
2026-07-31T12:26:04Z 1785500764
2026-07-31T12:27:04Z 1785500824
2026-07-31T12:28:04Z 1785500884
2026-07-31T12:29:04Z 1785500944
2026-07-31T12:30:04Z 1785501004
2026-07-31T12:31:04Z 1785501064
2026-07-31T12:32:04Z 1785501124
2026-07-31T12:33:04Z 1785501184
2026-07-31T12:34:04Z 1785501244
2026-07-31T12:35:04Z 1785501304
2026-07-31T12:36:04Z 1785501364
2026-07-31T12:37:04Z 1785501424
2026-07-31T12:38:04Z 1785501484
2026-07-31T12:39:04Z 1785501544
2026-07-31T12:40:04Z 1785501604
2026-07-31T12:41:04Z 1785501664
2026-07-31T12:42:04Z 1785501724
2026-07-31T12:43:04Z 1785501784
2026-07-31T12:44:04Z 1785501844
2026-07-31T12:45:04Z 1785501904
2026-07-31T12:46:04Z 1785501964
2026-07-31T12:47:04Z 1785502024
2026-07-31T12:48:04Z 1785502084
2026-07-31T12:49:04Z 1785502144
2026-07-31T12:50:04Z 1785502204
2026-07-31T12:51:04Z 1785502264
2026-07-31T12:52:04Z 1785502324
2026-07-31T12:53:04Z 1785502384
2026-07-31T12:54:04Z 1785502444
2026-07-31T12:55:04Z 1785502504
2026-07-31T12:56:04Z 1785502564
2026-07-31T12:57:04Z 1785502624
2026-07-31T12:58:04Z 1785502684
2026-07-31T12:59:04Z 1785502744
2026-07-31T13:00:04Z 1785502804
2026-07-31T13:01:04Z 1785502864
2026-07-31T13:02:04Z 1785502924
2026-07-31T13:03:04Z 1785502984
2026-07-31T13:04:04Z 1785503044
2026-07-31T13:05:04Z 1785503104
2026-07-31T13:06:04Z 1785503164
2026-07-31T13:07:04Z 1785503224
2026-07-31T13:08:04Z 1785503284
2026-07-31T13:09:04Z 1785503344
2026-07-31T13:10:04Z 1785503404
2026-07-31T13:11:04Z 1785503464
2026-07-31T13:12:04Z 1785503524
2026-07-31T13:13:04Z 1785503584
2026-07-31T13:14:04Z 1785503644
2026-07-31T13:15:04Z 1785503704
2026-07-31T13:16:04Z 1785503764
2026-07-31T13:17:04Z 1785503824
2026-07-31T13:18:04Z 1785503884
2026-07-31T13:19:04Z 1785503944
2026-07-31T13:20:04Z 1785504004
2026-07-31T13:21:04Z 1785504064
2026-07-31T13:22:04Z 1785504124
2026-07-31T13:23:04Z 1785504184
2026-07-31T13:24:04Z 1785504244
2026-07-31T13:25:04Z 1785504304
2026-07-31T13:26:04Z 1785504364
2026-07-31T13:27:04Z 1785504424
2026-07-31T13:28:04Z 1785504484
2026-07-31T13:29:04Z 1785504544
2026-07-31T13:30:04Z 1785504604
2026-07-31T13:31:04Z 1785504664
2026-07-31T13:32:04Z 1785504724
2026-07-31T13:33:04Z 1785504784
2026-07-31T13:34:04Z 1785504844
2026-07-31T13:35:04Z 1785504904
2026-07-31T13:36:04Z 1785504964
2026-07-31T13:37:04Z 1785505024
2026-07-31T13:38:04Z 1785505084
2026-07-31T13:39:04Z 1785505144
2026-07-31T13:40:04Z 1785505204
2026-07-31T13:41:04Z 1785505264
2026-07-31T13:42:04Z 1785505324
2026-07-31T13:43:04Z 1785505384
2026-07-31T13:44:04Z 1785505444
2026-07-31T13:45:04Z 1785505504
2026-07-31T13:46:04Z 1785505564
2026-07-31T13:47:04Z 1785505624
2026-07-31T13:48:04Z 1785505684
2026-07-31T13:49:04Z 1785505744
2026-07-31T13:50:04Z 1785505804
2026-07-31T13:51:04Z 1785505864
2026-07-31T13:52:04Z 1785505924
2026-07-31T13:53:04Z 1785505984
2026-07-31T13:54:04Z 1785506044
2026-07-31T13:55:04Z 1785506104
2026-07-31T13:56:04Z 1785506164
2026-07-31T13:57:04Z 1785506224
2026-07-31T13:58:04Z 1785506284
2026-07-31T13:59:04Z 1785506344
2026-07-31T14:00:04Z 1785506404
2026-07-31T14:01:04Z 1785506464
2026-07-31T14:02:04Z 1785506524
2026-07-31T14:03:04Z 1785506584
2026-07-31T14:04:04Z 1785506644
2026-07-31T14:05:04Z 1785506704
2026-07-31T14:06:04Z 1785506764
2026-07-31T14:07:04Z 1785506824
2026-07-31T14:08:04Z 1785506884
2026-07-31T14:09:04Z 1785506944
2026-07-31T14:10:04Z 1785507004
2026-07-31T14:11:04Z 1785507064
2026-07-31T14:12:04Z 1785507124
2026-07-31T14:13:04Z 1785507184
2026-07-31T14:14:04Z 1785507244
2026-07-31T14:15:04Z 1785507304
2026-07-31T14:16:04Z 1785507364
2026-07-31T14:17:04Z 1785507424
2026-07-31T14:18:04Z 1785507484
2026-07-31T14:19:04Z 1785507544
2026-07-31T14:20:04Z 1785507604
2026-07-31T14:21:04Z 1785507664
2026-07-31T14:22:04Z 1785507724
2026-07-31T14:23:04Z 1785507784
2026-07-31T14:24:04Z 1785507844
2026-07-31T14:25:04Z 1785507904
2026-07-31T14:26:04Z 1785507964
2026-07-31T14:27:04Z 1785508024
2026-07-31T14:28:04Z 1785508084
2026-07-31T14:29:04Z 1785508144
2026-07-31T14:30:04Z 1785508204
2026-07-31T14:31:04Z 1785508264
2026-07-31T14:32:04Z 1785508324
2026-07-31T14:33:04Z 1785508384
2026-07-31T14:34:04Z 1785508444
2026-07-31T14:35:04Z 1785508504
2026-07-31T14:36:04Z 1785508564
2026-07-31T14:37:04Z 1785508624
2026-07-31T14:38:04Z 1785508684
2026-07-31T14:39:04Z 1785508744
2026-07-31T14:40:04Z 1785508804
2026-07-31T14:41:04Z 1785508864
2026-07-31T14:42:04Z 1785508924
2026-07-31T14:43:04Z 1785508984
2026-07-31T14:44:04Z 1785509044
2026-07-31T14:45:04Z 1785509104
2026-07-31T14:46:04Z 1785509164
2026-07-31T14:47:04Z 1785509224
2026-07-31T14:48:04Z 1785509284
2026-07-31T14:49:04Z 1785509344
2026-07-31T14:50:04Z 1785509404
2026-07-31T14:51:04Z 1785509464
2026-07-31T14:52:04Z 1785509524
2026-07-31T14:53:04Z 1785509584
2026-07-31T14:54:04Z 1785509644
2026-07-31T14:55:04Z 1785509704
2026-07-31T14:56:04Z 1785509764
2026-07-31T14:57:04Z 1785509824
2026-07-31T14:58:04Z 1785509884
2026-07-31T14:59:04Z 1785509944
2026-07-31T15:00:04Z 1785510004
2026-07-31T15:01:04Z 1785510064
2026-07-31T15:02:04Z 1785510124
2026-07-31T15:03:04Z 1785510184
2026-07-31T15:04:04Z 1785510244
2026-07-31T15:05:04Z 1785510304
2026-07-31T15:06:04Z 1785510364
2026-07-31T15:07:04Z 1785510424
2026-07-31T15:08:04Z 1785510484
2026-07-31T15:09:04Z 1785510544
2026-07-31T15:10:04Z 1785510604
2026-07-31T15:11:04Z 1785510664
2026-07-31T15:12:04Z 1785510724
2026-07-31T15:13:04Z 1785510784
2026-07-31T15:14:04Z 1785510844
2026-07-31T15:15:04Z 1785510904
2026-07-31T15:16:04Z 1785510964
2026-07-31T15:17:04Z 1785511024
2026-07-31T15:18:04Z 1785511084
2026-07-31T15:19:04Z 1785511144
2026-07-31T15:20:04Z 1785511204
2026-07-31T15:21:04Z 1785511264
2026-07-31T15:22:04Z 1785511324
2026-07-31T15:23:04Z 1785511384
2026-07-31T15:24:04Z 1785511444
2026-07-31T15:25:04Z 1785511504
2026-07-31T15:26:04Z 1785511564
2026-07-31T15:27:04Z 1785511624
2026-07-31T15:28:04Z 1785511684
2026-07-31T15:29:04Z 1785511744
2026-07-31T15:30:04Z 1785511804
2026-07-31T15:31:04Z 1785511864
2026-07-31T15:32:04Z 1785511924
2026-07-31T15:33:04Z 1785511984
2026-07-31T15:34:04Z 1785512044
2026-07-31T15:35:04Z 1785512104
2026-07-31T15:36:04Z 1785512164
2026-07-31T15:37:04Z 1785512224
2026-07-31T15:38:04Z 1785512284
2026-07-31T15:39:04Z 1785512344
2026-07-31T15:40:04Z 1785512404
2026-07-31T15:41:04Z 1785512464
2026-07-31T15:42:04Z 1785512524
2026-07-31T15:43:04Z 1785512584
2026-07-31T15:44:04Z 1785512644
2026-07-31T15:45:04Z 1785512704
2026-07-31T15:46:04Z 1785512764
2026-07-31T15:47:04Z 1785512824
2026-07-31T15:48:04Z 1785512884
2026-07-31T15:49:04Z 1785512944
2026-07-31T15:50:04Z 1785513004
2026-07-31T15:51:04Z 1785513064
2026-07-31T15:52:04Z 1785513124
2026-07-31T15:53:04Z 1785513184
2026-07-31T15:54:04Z 1785513244
2026-07-31T15:55:04Z 1785513304
2026-07-31T15:56:04Z 1785513364
2026-07-31T15:57:04Z 1785513424
2026-07-31T15:58:04Z 1785513484
2026-07-31T15:59:04Z 1785513544
2026-07-31T16:00:04Z 1785513604
2026-07-31T16:01:04Z 1785513664
2026-07-31T16:02:04Z 1785513724
2026-07-31T16:03:04Z 1785513784
2026-07-31T16:04:04Z 1785513844
2026-07-31T16:05:04Z 1785513904
2026-07-31T16:06:04Z 1785513964
2026-07-31T16:07:04Z 1785514024
2026-07-31T16:08:04Z 1785514084
2026-07-31T16:09:04Z 1785514144
2026-07-31T16:10:04Z 1785514204
2026-07-31T16:11:04Z 1785514264
2026-07-31T16:12:04Z 1785514324
2026-07-31T16:13:04Z 1785514384
2026-07-31T16:14:04Z 1785514444
2026-07-31T16:15:04Z 1785514504
2026-07-31T16:16:04Z 1785514564
2026-07-31T16:17:04Z 1785514624
2026-07-31T16:18:04Z 1785514684
2026-07-31T16:19:04Z 1785514744
2026-07-31T16:20:04Z 1785514804
2026-07-31T16:21:04Z 1785514864
2026-07-31T16:22:04Z 1785514924
2026-07-31T16:23:04Z 1785514984
2026-07-31T16:24:04Z 1785515044
2026-07-31T16:25:04Z 1785515104
2026-07-31T16:26:04Z 1785515164
2026-07-31T16:27:04Z 1785515224
2026-07-31T16:28:04Z 1785515284
2026-07-31T16:29:04Z 1785515344
2026-07-31T16:30:04Z 1785515404
2026-07-31T16:31:04Z 1785515464
2026-07-31T16:32:04Z 1785515524
2026-07-31T16:33:04Z 1785515584
2026-07-31T16:34:04Z 1785515644
2026-07-31T16:35:04Z 1785515704
2026-07-31T16:36:04Z 1785515764
2026-07-31T16:37:04Z 1785515824
2026-07-31T16:38:04Z 1785515884
2026-07-31T16:39:04Z 1785515944
2026-07-31T16:40:04Z 1785516004
2026-07-31T16:41:04Z 1785516064
2026-07-31T16:42:04Z 1785516124
2026-07-31T16:43:04Z 1785516184
2026-07-31T16:44:04Z 1785516244
2026-07-31T16:45:04Z 1785516304
2026-07-31T16:46:04Z 1785516364
2026-07-31T16:47:04Z 1785516424
2026-07-31T16:48:04Z 1785516484
2026-07-31T16:49:04Z 1785516544
2026-07-31T16:50:04Z 1785516604
2026-07-31T16:51:04Z 1785516664
2026-07-31T16:52:04Z 1785516724
2026-07-31T16:53:04Z 1785516784
2026-07-31T16:54:04Z 1785516844
2026-07-31T16:55:04Z 1785516904
2026-07-31T16:56:04Z 1785516964
2026-07-31T16:57:04Z 1785517024
2026-07-31T16:58:04Z 1785517084
2026-07-31T16:59:04Z 1785517144
2026-07-31T17:00:04Z 1785517204
2026-07-31T17:01:04Z 1785517264
2026-07-31T17:02:04Z 1785517324
2026-07-31T17:03:04Z 1785517384
2026-07-31T17:04:04Z 1785517444
2026-07-31T17:05:04Z 1785517504
2026-07-31T17:06:04Z 1785517564
2026-07-31T17:07:04Z 1785517624
2026-07-31T17:08:04Z 1785517684
2026-07-31T17:09:04Z 1785517744
2026-07-31T17:10:04Z 1785517804
2026-07-31T17:11:04Z 1785517864
2026-07-31T17:12:04Z 1785517924
2026-07-31T17:13:04Z 1785517984
2026-07-31T17:14:04Z 1785518044
2026-07-31T17:15:04Z 1785518104
2026-07-31T17:16:04Z 1785518164
2026-07-31T17:17:04Z 1785518224
2026-07-31T17:18:04Z 1785518284
2026-07-31T17:19:04Z 1785518344
2026-07-31T17:20:04Z 1785518404
2026-07-31T17:21:04Z 1785518464
2026-07-31T17:22:04Z 1785518524
2026-07-31T17:23:04Z 1785518584
2026-07-31T17:24:04Z 1785518644
2026-07-31T17:25:04Z 1785518704
2026-07-31T17:26:04Z 1785518764
2026-07-31T17:27:04Z 1785518824
2026-07-31T17:28:04Z 1785518884
2026-07-31T17:29:04Z 1785518944
2026-07-31T17:30:04Z 1785519004
2026-07-31T17:31:04Z 1785519064
2026-07-31T17:32:04Z 1785519124
2026-07-31T17:33:04Z 1785519184
2026-07-31T17:34:04Z 1785519244
2026-07-31T17:35:04Z 1785519304
2026-07-31T17:36:04Z 1785519364
2026-07-31T17:37:04Z 1785519424
2026-07-31T17:38:04Z 1785519484
2026-07-31T17:39:04Z 1785519544
2026-07-31T17:40:04Z 1785519604
2026-07-31T17:41:04Z 1785519664
2026-07-31T17:42:04Z 1785519724
2026-07-31T17:43:04Z 1785519784
2026-07-31T17:44:04Z 1785519844
2026-07-31T17:45:04Z 1785519904
2026-07-31T17:46:04Z 1785519964
2026-07-31T17:47:04Z 1785520024
2026-07-31T17:48:04Z 1785520084
2026-07-31T17:49:04Z 1785520144
2026-07-31T17:50:04Z 1785520204
2026-07-31T17:51:04Z 1785520264
2026-07-31T17:52:04Z 1785520324
2026-07-31T17:53:04Z 1785520384
2026-07-31T17:54:04Z 1785520444
2026-07-31T17:55:04Z 1785520504
2026-07-31T17:56:04Z 1785520564
2026-07-31T17:57:04Z 1785520624
2026-07-31T17:58:04Z 1785520684
2026-07-31T17:59:04Z 1785520744
2026-07-31T18:00:04Z 1785520804
2026-07-31T18:01:04Z 1785520864
2026-07-31T18:02:04Z 1785520924
2026-07-31T18:03:04Z 1785520984
2026-07-31T18:04:04Z 1785521044
2026-07-31T18:05:04Z 1785521104
2026-07-31T18:06:04Z 1785521164
2026-07-31T18:07:04Z 1785521224
2026-07-31T18:08:04Z 1785521284
2026-07-31T18:09:04Z 1785521344
2026-07-31T18:10:04Z 1785521404
2026-07-31T18:11:04Z 1785521464
2026-07-31T18:12:04Z 1785521524
2026-07-31T18:13:04Z 1785521584
2026-07-31T18:14:04Z 1785521644
2026-07-31T18:15:04Z 1785521704
2026-07-31T18:16:04Z 1785521764
2026-07-31T18:17:04Z 1785521824
2026-07-31T18:18:04Z 1785521884
2026-07-31T18:19:04Z 1785521944
2026-07-31T18:20:04Z 1785522004
2026-07-31T18:21:04Z 1785522064
2026-07-31T18:22:04Z 1785522124
2026-07-31T18:23:04Z 1785522184
2026-07-31T18:24:04Z 1785522244
2026-07-31T18:25:04Z 1785522304
2026-07-31T18:26:04Z 1785522364
2026-07-31T18:27:04Z 1785522424
2026-07-31T18:28:04Z 1785522484
2026-07-31T18:29:04Z 1785522544
2026-07-31T18:30:04Z 1785522604
2026-07-31T18:31:04Z 1785522664
2026-07-31T18:32:04Z 1785522724
2026-07-31T18:33:04Z 1785522784
2026-07-31T18:34:04Z 1785522844
2026-07-31T18:35:04Z 1785522904
2026-07-31T18:36:04Z 1785522964
2026-07-31T18:37:04Z 1785523024
2026-07-31T18:38:04Z 1785523084
2026-07-31T18:39:04Z 1785523144
2026-07-31T18:40:04Z 1785523204
2026-07-31T18:41:04Z 1785523264
2026-07-31T18:42:04Z 1785523324
2026-07-31T18:43:04Z 1785523384
2026-07-31T18:44:04Z 1785523444
2026-07-31T18:45:04Z 1785523504
2026-07-31T18:46:04Z 1785523564
2026-07-31T18:47:04Z 1785523624
2026-07-31T18:48:04Z 1785523684
2026-07-31T18:49:04Z 1785523744
2026-07-31T18:50:04Z 1785523804
2026-07-31T18:51:04Z 1785523864
2026-07-31T18:52:04Z 1785523924
2026-07-31T18:53:04Z 1785523984
2026-07-31T18:54:04Z 1785524044
2026-07-31T18:55:04Z 1785524104
2026-07-31T18:56:04Z 1785524164
2026-07-31T18:57:04Z 1785524224
2026-07-31T18:58:04Z 1785524284
2026-07-31T18:59:04Z 1785524344
2026-07-31T19:00:04Z 1785524404
2026-07-31T19:01:04Z 1785524464
2026-07-31T19:02:04Z 1785524524
2026-07-31T19:03:04Z 1785524584
2026-07-31T19:04:04Z 1785524644
2026-07-31T19:05:04Z 1785524704
2026-07-31T19:06:04Z 1785524764
2026-07-31T19:07:04Z 1785524824
2026-07-31T19:08:04Z 1785524884
2026-07-31T19:09:04Z 1785524944
2026-07-31T19:10:04Z 1785525004
2026-07-31T19:11:04Z 1785525064
2026-07-31T19:12:04Z 1785525124
2026-07-31T19:13:04Z 1785525184
2026-07-31T19:14:04Z 1785525244
2026-07-31T19:15:04Z 1785525304
2026-07-31T19:16:04Z 1785525364
2026-07-31T19:17:04Z 1785525424
2026-07-31T19:18:04Z 1785525484
2026-07-31T19:19:04Z 1785525544
2026-07-31T19:20:04Z 1785525604
2026-07-31T19:21:04Z 1785525664
2026-07-31T19:22:04Z 1785525724
2026-07-31T19:23:04Z 1785525784
2026-07-31T19:24:04Z 1785525844
2026-07-31T19:25:04Z 1785525904
2026-07-31T19:26:04Z 1785525964
2026-07-31T19:27:04Z 1785526024
2026-07-31T19:28:04Z 1785526084
2026-07-31T19:29:04Z 1785526144
2026-07-31T19:30:04Z 1785526204
2026-07-31T19:31:04Z 1785526264
2026-07-31T19:32:04Z 1785526324
2026-07-31T19:33:04Z 1785526384
2026-07-31T19:34:04Z 1785526444
2026-07-31T19:35:04Z 1785526504
2026-07-31T19:36:04Z 1785526564
2026-07-31T19:37:04Z 1785526624
2026-07-31T19:38:04Z 1785526684
2026-07-31T19:39:04Z 1785526744
2026-07-31T19:40:04Z 1785526804
2026-07-31T19:41:04Z 1785526864
2026-07-31T19:42:04Z 1785526924
2026-07-31T19:43:04Z 1785526984
2026-07-31T19:44:04Z 1785527044
2026-07-31T19:45:04Z 1785527104
2026-07-31T19:46:04Z 1785527164
2026-07-31T19:47:04Z 1785527224
2026-07-31T19:48:04Z 1785527284
2026-07-31T19:49:04Z 1785527344
2026-07-31T19:50:04Z 1785527404
2026-07-31T19:51:04Z 1785527464
2026-07-31T19:52:04Z 1785527524
2026-07-31T19:53:04Z 1785527584
2026-07-31T19:54:04Z 1785527644
2026-07-31T19:55:04Z 1785527704
2026-07-31T19:56:04Z 1785527764
2026-07-31T19:57:04Z 1785527824
2026-07-31T19:58:04Z 1785527884
2026-07-31T19:59:04Z 1785527944
2026-07-31T20:00:04Z 1785528004
2026-07-31T20:01:04Z 1785528064
2026-07-31T20:02:04Z 1785528124
2026-07-31T20:03:04Z 1785528184
2026-07-31T20:04:04Z 1785528244
2026-07-31T20:05:04Z 1785528304
2026-07-31T20:06:04Z 1785528364
2026-07-31T20:07:04Z 1785528424
2026-07-31T20:08:04Z 1785528484
2026-07-31T20:09:04Z 1785528544
2026-07-31T20:10:04Z 1785528604
2026-07-31T20:11:04Z 1785528664
2026-07-31T20:12:04Z 1785528724
2026-07-31T20:13:04Z 1785528784
2026-07-31T20:14:04Z 1785528844
2026-07-31T20:15:04Z 1785528904
2026-07-31T20:16:04Z 1785528964
2026-07-31T20:17:04Z 1785529024
2026-07-31T20:18:04Z 1785529084
2026-07-31T20:19:04Z 1785529144
2026-07-31T20:20:04Z 1785529204
2026-07-31T20:21:04Z 1785529264
2026-07-31T20:22:04Z 1785529324
2026-07-31T20:23:04Z 1785529384
2026-07-31T20:24:04Z 1785529444
2026-07-31T20:25:04Z 1785529504
2026-07-31T20:26:04Z 1785529564
2026-07-31T20:27:04Z 1785529624
2026-07-31T20:28:04Z 1785529684
2026-07-31T20:29:04Z 1785529744
2026-07-31T20:30:04Z 1785529804
2026-07-31T20:31:04Z 1785529864
2026-07-31T20:32:04Z 1785529924
2026-07-31T20:33:04Z 1785529984
2026-07-31T20:34:04Z 1785530044
2026-07-31T20:35:04Z 1785530104
2026-07-31T20:36:04Z 1785530164
2026-07-31T20:37:04Z 1785530224
2026-07-31T20:38:04Z 1785530284
2026-07-31T20:39:04Z 1785530344
2026-07-31T20:40:04Z 1785530404
2026-07-31T20:41:04Z 1785530464
2026-07-31T20:42:04Z 1785530524
2026-07-31T20:43:04Z 1785530584
2026-08-01T00:08:01Z 1785542881
2026-08-01T00:09:02Z 1785542942
2026-08-01T00:10:02Z 1785543002
2026-08-01T00:11:02Z 1785543062
2026-08-01T00:12:02Z 1785543122
2026-08-01T00:13:02Z 1785543182
2026-08-01T00:14:02Z 1785543242
2026-08-01T00:15:02Z 1785543302
2026-08-01T00:16:02Z 1785543362
2026-08-01T00:17:02Z 1785543422
2026-08-01T00:18:02Z 1785543482
2026-08-01T00:19:02Z 1785543542
2026-08-01T00:20:02Z 1785543602
2026-08-01T00:21:02Z 1785543662
2026-08-01T00:22:02Z 1785543722
2026-08-01T00:23:02Z 1785543782
2026-08-01T00:24:02Z 1785543842
2026-08-01T00:25:02Z 1785543902
2026-08-01T00:26:00Z 1785543960
2026-08-01T00:27:02Z 1785544022
2026-08-01T00:28:02Z 1785544082
2026-08-01T00:29:02Z 1785544142
2026-08-01T00:30:02Z 1785544202
2026-08-01T00:31:02Z 1785544262
2026-08-01T00:32:02Z 1785544322
2026-08-01T00:33:02Z 1785544382
2026-08-01T00:34:02Z 1785544442
2026-08-01T00:35:02Z 1785544502
2026-08-01T00:36:02Z 1785544562
2026-08-01T00:37:02Z 1785544622
2026-08-01T00:38:02Z 1785544682
2026-08-01T00:39:02Z 1785544742
2026-08-01T00:40:02Z 1785544802
2026-08-01T00:41:02Z 1785544862
2026-08-01T00:42:02Z 1785544922
2026-08-01T00:43:02Z 1785544982
2026-08-01T00:44:02Z 1785545042
2026-08-01T00:45:02Z 1785545102
2026-08-01T00:46:02Z 1785545162
2026-08-01T00:47:02Z 1785545222
2026-08-01T00:48:02Z 1785545282
2026-08-01T00:49:02Z 1785545342
2026-08-01T00:50:02Z 1785545402
2026-08-01T00:51:02Z 1785545462
2026-08-01T00:52:02Z 1785545522
2026-08-01T00:53:02Z 1785545582
2026-08-01T00:54:02Z 1785545642
2026-08-01T00:55:02Z 1785545702
2026-08-01T00:56:02Z 1785545762
2026-08-01T00:57:02Z 1785545822
2026-08-01T00:58:02Z 1785545882
2026-08-01T00:59:02Z 1785545942
2026-08-01T01:00:02Z 1785546002
2026-08-01T01:01:02Z 1785546062
2026-08-01T01:02:02Z 1785546122
2026-08-01T01:03:02Z 1785546182
2026-08-01T01:04:02Z 1785546242
2026-08-01T01:05:02Z 1785546302
2026-08-01T01:06:02Z 1785546362
2026-08-01T01:07:02Z 1785546422
2026-08-01T01:08:02Z 1785546482
2026-08-01T01:09:02Z 1785546542
2026-08-01T01:10:02Z 1785546602
2026-08-01T01:11:02Z 1785546662
2026-08-01T01:12:02Z 1785546722
2026-08-01T01:13:02Z 1785546782
2026-08-01T01:14:02Z 1785546842
2026-08-01T01:15:02Z 1785546902
2026-08-01T01:16:02Z 1785546962
2026-08-01T01:17:02Z 1785547022
2026-08-01T01:18:02Z 1785547082
2026-08-01T01:19:02Z 1785547142
2026-08-01T01:20:02Z 1785547202
2026-08-01T01:21:02Z 1785547262
2026-08-01T01:22:02Z 1785547322
2026-08-01T01:23:02Z 1785547382
2026-08-01T01:24:02Z 1785547442
2026-08-01T01:25:02Z 1785547502
2026-08-01T01:26:02Z 1785547562
2026-08-01T01:27:02Z 1785547622
2026-08-01T01:28:02Z 1785547682
2026-08-01T01:29:02Z 1785547742
2026-08-01T01:30:02Z 1785547802
2026-08-01T01:31:02Z 1785547862
2026-08-01T01:32:02Z 1785547922
2026-08-01T01:33:02Z 1785547982
2026-08-01T01:34:02Z 1785548042
2026-08-01T01:35:02Z 1785548102
2026-08-01T01:36:02Z 1785548162
2026-08-01T01:37:02Z 1785548222
2026-08-01T01:38:02Z 1785548282
2026-08-01T01:39:02Z 1785548342
2026-08-01T01:40:02Z 1785548402
2026-08-01T01:41:02Z 1785548462
2026-08-01T01:42:02Z 1785548522
2026-08-01T01:43:02Z 1785548582
2026-08-01T01:44:02Z 1785548642
2026-08-01T01:45:02Z 1785548702
2026-08-01T01:46:02Z 1785548762
2026-08-01T01:47:02Z 1785548822
2026-08-01T01:48:02Z 1785548882
2026-08-01T01:49:02Z 1785548942
2026-08-01T01:50:02Z 1785549002
2026-08-01T01:51:02Z 1785549062
2026-08-01T01:52:02Z 1785549122
2026-08-01T01:53:02Z 1785549182
2026-08-01T01:54:02Z 1785549242
2026-08-01T01:55:02Z 1785549302
2026-08-01T01:56:02Z 1785549362
2026-08-01T01:57:02Z 1785549422
2026-08-01T01:58:02Z 1785549482
2026-08-01T01:59:02Z 1785549542
2026-08-01T02:00:02Z 1785549602
2026-08-01T02:01:02Z 1785549662
2026-08-01T02:02:02Z 1785549722
2026-08-01T02:03:02Z 1785549782
2026-08-01T02:04:02Z 1785549842
2026-08-01T02:05:02Z 1785549902
2026-08-01T02:06:02Z 1785549962
2026-08-01T02:07:02Z 1785550022
2026-08-01T02:08:02Z 1785550082
2026-08-01T02:09:02Z 1785550142
2026-08-01T02:10:02Z 1785550202
2026-08-01T02:11:02Z 1785550262
2026-08-01T02:12:02Z 1785550322
2026-08-01T02:13:02Z 1785550382
2026-08-01T02:14:02Z 1785550442
2026-08-01T02:15:02Z 1785550502
2026-08-01T02:16:02Z 1785550562
2026-08-01T02:17:02Z 1785550622
2026-08-01T02:18:02Z 1785550682
2026-08-01T02:19:02Z 1785550742
2026-08-01T02:20:02Z 1785550802
2026-08-01T02:21:02Z 1785550862
2026-08-01T02:22:02Z 1785550922
2026-08-01T02:23:02Z 1785550982
2026-08-01T02:24:02Z 1785551042
2026-08-01T02:25:02Z 1785551102
2026-08-01T02:26:02Z 1785551162
2026-08-01T02:27:02Z 1785551222
2026-08-01T02:28:02Z 1785551282
2026-08-01T02:29:02Z 1785551342
2026-08-01T02:30:02Z 1785551402
2026-08-01T02:31:02Z 1785551462
2026-08-01T02:32:02Z 1785551522
2026-08-01T02:33:02Z 1785551582
2026-08-01T02:34:02Z 1785551642
2026-08-01T02:35:02Z 1785551702
2026-08-01T02:36:02Z 1785551762
2026-08-01T02:37:02Z 1785551822
2026-08-01T02:38:02Z 1785551882
2026-08-01T02:39:02Z 1785551942
2026-08-01T02:40:02Z 1785552002
2026-08-01T02:41:02Z 1785552062
2026-08-01T02:42:02Z 1785552122
2026-08-01T02:43:02Z 1785552182
2026-08-01T02:44:02Z 1785552242
2026-08-01T02:45:02Z 1785552302
2026-08-01T02:46:02Z 1785552362
2026-08-01T02:47:02Z 1785552422
2026-08-01T02:48:02Z 1785552482
2026-08-01T02:49:02Z 1785552542
2026-08-01T02:50:02Z 1785552602
2026-08-01T02:51:02Z 1785552662
2026-08-01T02:52:02Z 1785552722
2026-08-01T02:53:02Z 1785552782
2026-08-01T02:54:02Z 1785552842
2026-08-01T02:55:02Z 1785552902
2026-08-01T02:56:02Z 1785552962
2026-08-01T02:57:02Z 1785553022
2026-08-01T02:58:02Z 1785553082
2026-08-01T02:59:02Z 1785553142
2026-08-01T03:00:02Z 1785553202
2026-08-01T03:01:02Z 1785553262
2026-08-01T03:02:02Z 1785553322
2026-08-01T03:03:02Z 1785553382
2026-08-01T03:04:02Z 1785553442
2026-08-01T03:05:02Z 1785553502
2026-08-01T03:06:02Z 1785553562
2026-08-01T03:07:02Z 1785553622
2026-08-01T03:08:02Z 1785553682
2026-08-01T03:09:02Z 1785553742
2026-08-01T03:10:02Z 1785553802
2026-08-01T03:11:02Z 1785553862
2026-08-01T03:12:02Z 1785553922
2026-08-01T03:13:02Z 1785553982
2026-08-01T03:14:02Z 1785554042
2026-08-01T03:15:02Z 1785554102
2026-08-01T03:16:02Z 1785554162
2026-08-01T03:17:02Z 1785554222
2026-08-01T03:18:02Z 1785554282
2026-08-01T03:19:02Z 1785554342
2026-08-01T03:20:02Z 1785554402
2026-08-01T03:21:02Z 1785554462
2026-08-01T03:22:02Z 1785554522
2026-08-01T03:23:02Z 1785554582
2026-08-01T03:24:02Z 1785554642
2026-08-01T03:25:02Z 1785554702
2026-08-01T03:26:02Z 1785554762
2026-08-01T03:27:02Z 1785554822
2026-08-01T03:28:02Z 1785554882
2026-08-01T03:29:02Z 1785554942
2026-08-01T03:30:02Z 1785555002
2026-08-01T03:31:02Z 1785555062
2026-08-01T03:32:02Z 1785555122
2026-08-01T03:33:02Z 1785555182
2026-08-01T03:34:02Z 1785555242
2026-08-01T03:35:02Z 1785555302
2026-08-01T03:36:02Z 1785555362
2026-08-01T03:37:02Z 1785555422
2026-08-01T03:38:02Z 1785555482
2026-08-01T03:39:02Z 1785555542
2026-08-01T03:40:02Z 1785555602
2026-08-01T03:41:02Z 1785555662
2026-08-01T03:42:02Z 1785555722
2026-08-01T03:43:02Z 1785555782
2026-08-01T03:44:02Z 1785555842
2026-08-01T03:45:02Z 1785555902
2026-08-01T03:46:02Z 1785555962
2026-08-01T03:47:02Z 1785556022
2026-08-01T03:48:02Z 1785556082
2026-08-01T03:49:02Z 1785556142
2026-08-01T03:50:02Z 1785556202
2026-08-01T03:51:02Z 1785556262
2026-08-01T03:52:02Z 1785556322
2026-08-01T03:53:02Z 1785556382
2026-08-01T03:54:02Z 1785556442
2026-08-01T03:55:02Z 1785556502
2026-08-01T03:56:02Z 1785556562
2026-08-01T03:57:02Z 1785556622
2026-08-01T03:58:02Z 1785556682
2026-08-01T03:59:02Z 1785556742
2026-08-01T04:00:02Z 1785556802
2026-08-01T04:01:02Z 1785556862
2026-08-01T04:02:02Z 1785556922
2026-08-01T04:03:02Z 1785556982
2026-08-01T04:04:02Z 1785557042
2026-08-01T04:05:02Z 1785557102
2026-08-01T04:06:02Z 1785557162
2026-08-01T04:07:02Z 1785557222
2026-08-01T04:08:02Z 1785557282
2026-08-01T04:09:02Z 1785557342
2026-08-01T04:10:02Z 1785557402
2026-08-01T04:11:02Z 1785557462
2026-08-01T04:12:02Z 1785557522
2026-08-01T04:13:02Z 1785557582
2026-08-01T04:14:02Z 1785557642
2026-08-01T04:15:02Z 1785557702
2026-08-01T04:16:02Z 1785557762
2026-08-01T04:17:02Z 1785557822
2026-08-01T04:18:02Z 1785557882
2026-08-01T04:19:02Z 1785557942
2026-08-01T04:20:02Z 1785558002
2026-08-01T04:21:02Z 1785558062
2026-08-01T04:22:02Z 1785558122
2026-08-01T04:23:02Z 1785558182
2026-08-01T04:24:02Z 1785558242
2026-08-01T04:25:02Z 1785558302
2026-08-01T04:26:02Z 1785558362
2026-08-01T04:27:02Z 1785558422
2026-08-01T04:28:02Z 1785558482
2026-08-01T04:29:02Z 1785558542
2026-08-01T04:30:02Z 1785558602
2026-08-01T04:31:02Z 1785558662
2026-08-01T04:32:02Z 1785558722
2026-08-01T04:33:02Z 1785558782
2026-08-01T04:34:02Z 1785558842
2026-08-01T04:35:02Z 1785558902
2026-08-01T04:36:02Z 1785558962
2026-08-01T04:37:02Z 1785559022
2026-08-01T04:38:02Z 1785559082
2026-08-01T04:39:02Z 1785559142
2026-08-01T04:40:02Z 1785559202
2026-08-01T04:41:02Z 1785559262
2026-08-01T04:42:02Z 1785559322
2026-08-01T04:43:02Z 1785559382
2026-08-01T04:44:02Z 1785559442
2026-08-01T04:45:02Z 1785559502
2026-08-01T04:46:02Z 1785559562
2026-08-01T04:47:02Z 1785559622
2026-08-01T04:48:02Z 1785559682
2026-08-01T04:49:02Z 1785559742
2026-08-01T04:50:02Z 1785559802
2026-08-01T04:51:02Z 1785559862
2026-08-01T04:52:02Z 1785559922
2026-08-01T04:53:02Z 1785559982
2026-08-01T04:54:02Z 1785560042
2026-08-01T04:55:02Z 1785560102
2026-08-01T04:56:02Z 1785560162
2026-08-01T04:57:02Z 1785560222
2026-08-01T04:58:02Z 1785560282
2026-08-01T04:59:02Z 1785560342
2026-08-01T05:00:02Z 1785560402
2026-08-01T05:01:02Z 1785560462
2026-08-01T05:02:02Z 1785560522
2026-08-01T05:03:02Z 1785560582
2026-08-01T05:04:02Z 1785560642
2026-08-01T05:05:02Z 1785560702
2026-08-01T05:06:02Z 1785560762
2026-08-01T05:07:02Z 1785560822
2026-08-01T05:08:02Z 1785560882
2026-08-01T05:09:02Z 1785560942
2026-08-01T05:10:02Z 1785561002
2026-08-01T05:11:02Z 1785561062
2026-08-01T05:12:02Z 1785561122
2026-08-01T05:13:02Z 1785561182
2026-08-01T05:14:02Z 1785561242
2026-08-01T05:15:02Z 1785561302
2026-08-01T05:16:02Z 1785561362
2026-08-01T05:17:02Z 1785561422
2026-08-01T05:18:02Z 1785561482
2026-08-01T05:19:02Z 1785561542
2026-08-01T05:20:02Z 1785561602
2026-08-01T05:21:02Z 1785561662
2026-08-01T05:22:02Z 1785561722
2026-08-01T05:23:02Z 1785561782
2026-08-01T05:24:02Z 1785561842
2026-08-01T05:25:02Z 1785561902
2026-08-01T05:26:02Z 1785561962
2026-08-01T05:27:02Z 1785562022
2026-08-01T05:28:02Z 1785562082
2026-08-01T05:29:02Z 1785562142
2026-08-01T05:30:02Z 1785562202
2026-08-01T05:31:02Z 1785562262
2026-08-01T05:32:02Z 1785562322
2026-08-01T05:33:02Z 1785562382
2026-08-01T05:34:02Z 1785562442
2026-08-01T05:35:02Z 1785562502
2026-08-01T05:36:02Z 1785562562
2026-08-01T05:37:02Z 1785562622
2026-08-01T05:38:02Z 1785562682
2026-08-01T05:39:02Z 1785562742
2026-08-01T05:40:02Z 1785562802
2026-08-01T05:41:02Z 1785562862
2026-08-01T05:42:02Z 1785562922
2026-08-01T05:43:02Z 1785562982
2026-08-01T05:44:02Z 1785563042
2026-08-01T05:45:02Z 1785563102
2026-08-01T05:46:02Z 1785563162
2026-08-01T05:47:02Z 1785563222
2026-08-01T05:48:02Z 1785563282
2026-08-01T05:49:02Z 1785563342
2026-08-01T05:50:02Z 1785563402
2026-08-01T05:51:02Z 1785563462
2026-08-01T05:52:02Z 1785563522
2026-08-01T05:53:02Z 1785563582
2026-08-01T05:54:02Z 1785563642
2026-08-01T05:55:02Z 1785563702
2026-08-01T05:56:02Z 1785563762
2026-08-01T05:57:02Z 1785563822
2026-08-01T05:58:02Z 1785563882
2026-08-01T05:59:02Z 1785563942
2026-08-01T06:00:02Z 1785564002
2026-08-01T06:01:02Z 1785564062
2026-08-01T06:02:02Z 1785564122
2026-08-01T06:03:02Z 1785564182
2026-08-01T06:04:02Z 1785564242
2026-08-01T06:05:02Z 1785564302
2026-08-01T06:06:02Z 1785564362
2026-08-01T06:07:02Z 1785564422
2026-08-01T06:08:02Z 1785564482
2026-08-01T06:09:02Z 1785564542
2026-08-01T06:10:02Z 1785564602
2026-08-01T06:11:02Z 1785564662
2026-08-01T06:12:02Z 1785564722
2026-08-01T06:13:02Z 1785564782
2026-08-01T06:14:02Z 1785564842
2026-08-01T06:15:02Z 1785564902
2026-08-01T06:16:02Z 1785564962
2026-08-01T06:17:02Z 1785565022
2026-08-01T06:18:02Z 1785565082
2026-08-01T06:19:02Z 1785565142
2026-08-01T06:20:02Z 1785565202
2026-08-01T06:21:02Z 1785565262
2026-08-01T06:22:02Z 1785565322
2026-08-01T06:23:02Z 1785565382
2026-08-01T06:24:02Z 1785565442
2026-08-01T06:25:02Z 1785565502
2026-08-01T06:26:02Z 1785565562
2026-08-01T06:27:02Z 1785565622
2026-08-01T06:28:02Z 1785565682
2026-08-01T06:29:02Z 1785565742
2026-08-01T06:30:02Z 1785565802
2026-08-01T06:31:02Z 1785565862
2026-08-01T06:32:02Z 1785565922
2026-08-01T06:33:02Z 1785565982
2026-08-01T06:34:02Z 1785566042
2026-08-01T06:35:02Z 1785566102
2026-08-01T06:36:02Z 1785566162
2026-08-01T06:37:02Z 1785566222
2026-08-01T06:38:02Z 1785566282
2026-08-01T06:39:02Z 1785566342
2026-08-01T06:40:02Z 1785566402
2026-08-01T06:41:02Z 1785566462
2026-08-01T06:42:02Z 1785566522
2026-08-01T06:43:02Z 1785566582
2026-08-01T06:44:02Z 1785566642
2026-08-01T06:45:02Z 1785566702
2026-08-01T06:46:02Z 1785566762
2026-08-01T06:47:02Z 1785566822
2026-08-01T06:48:02Z 1785566882
2026-08-01T06:49:02Z 1785566942
2026-08-01T06:50:02Z 1785567002
2026-08-01T06:51:02Z 1785567062
2026-08-01T06:52:02Z 1785567122
2026-08-01T06:53:02Z 1785567182
2026-08-01T06:54:02Z 1785567242
2026-08-01T06:55:02Z 1785567302
2026-08-01T06:56:02Z 1785567362
2026-08-01T06:57:02Z 1785567422
2026-08-01T06:58:02Z 1785567482
2026-08-01T06:59:02Z 1785567542
2026-08-01T07:00:02Z 1785567602
2026-08-01T07:01:02Z 1785567662
2026-08-01T07:02:02Z 1785567722
2026-08-01T07:03:02Z 1785567782
2026-08-01T07:04:02Z 1785567842
2026-08-01T07:05:02Z 1785567902
2026-08-01T07:06:02Z 1785567962
2026-08-01T07:07:02Z 1785568022
2026-08-01T07:08:02Z 1785568082
2026-08-01T07:09:02Z 1785568142
2026-08-01T07:10:02Z 1785568202
2026-08-01T07:11:02Z 1785568262
2026-08-01T07:12:02Z 1785568322
2026-08-01T07:13:02Z 1785568382
2026-08-01T07:14:02Z 1785568442
2026-08-01T07:15:02Z 1785568502
2026-08-01T07:16:02Z 1785568562
2026-08-01T07:17:02Z 1785568622
2026-08-01T07:18:02Z 1785568682
2026-08-01T07:19:02Z 1785568742
2026-08-01T07:20:02Z 1785568802
2026-08-01T07:21:02Z 1785568862
2026-08-01T07:22:02Z 1785568922
2026-08-01T07:23:02Z 1785568982
2026-08-01T07:24:02Z 1785569042
2026-08-01T07:25:02Z 1785569102
2026-08-01T07:26:02Z 1785569162
2026-08-01T07:27:02Z 1785569222
2026-08-01T07:28:02Z 1785569282
2026-08-01T07:29:02Z 1785569342
2026-08-01T07:30:02Z 1785569402
2026-08-01T07:31:02Z 1785569462
2026-08-01T07:32:02Z 1785569522
2026-08-01T07:33:02Z 1785569582
2026-08-01T07:34:02Z 1785569642
2026-08-01T07:35:02Z 1785569702
2026-08-01T07:36:02Z 1785569762
2026-08-01T07:37:02Z 1785569822
2026-08-01T07:38:02Z 1785569882
2026-08-01T07:39:02Z 1785569942
2026-08-01T07:40:02Z 1785570002
2026-08-01T07:41:02Z 1785570062
2026-08-01T07:42:02Z 1785570122
2026-08-01T07:43:02Z 1785570182
2026-08-01T07:44:02Z 1785570242
2026-08-01T07:45:02Z 1785570302
2026-08-01T07:46:02Z 1785570362
2026-08-01T07:47:02Z 1785570422
2026-08-01T07:48:02Z 1785570482
2026-08-01T07:49:02Z 1785570542
2026-08-01T07:50:02Z 1785570602
2026-08-01T07:51:02Z 1785570662
2026-08-01T07:52:02Z 1785570722
2026-08-01T07:53:02Z 1785570782
2026-08-01T07:54:02Z 1785570842
2026-08-01T07:55:02Z 1785570902
2026-08-01T07:56:02Z 1785570962
2026-08-01T07:57:02Z 1785571022
2026-08-01T07:58:02Z 1785571082
2026-08-01T07:59:02Z 1785571142
2026-08-01T08:00:02Z 1785571202
2026-08-01T08:01:02Z 1785571262
2026-08-01T08:02:02Z 1785571322
2026-08-01T08:03:02Z 1785571382
2026-08-01T08:04:02Z 1785571442
2026-08-01T08:05:02Z 1785571502
2026-08-01T08:06:02Z 1785571562
2026-08-01T08:07:02Z 1785571622
2026-08-01T08:08:02Z 1785571682
2026-08-01T08:09:02Z 1785571742
2026-08-01T08:10:02Z 1785571802
2026-08-01T08:11:02Z 1785571862
2026-08-01T08:12:02Z 1785571922
2026-08-01T08:13:02Z 1785571982
2026-08-01T08:14:02Z 1785572042
2026-08-01T08:15:02Z 1785572102
2026-08-01T08:16:02Z 1785572162
2026-08-01T08:17:02Z 1785572222
2026-08-01T08:18:02Z 1785572282
2026-08-01T08:19:02Z 1785572342
2026-08-01T08:20:02Z 1785572402
2026-08-01T08:21:02Z 1785572462
2026-08-01T08:22:02Z 1785572522
2026-08-01T08:23:02Z 1785572582
2026-08-01T08:24:02Z 1785572642
2026-08-01T08:25:02Z 1785572702
2026-08-01T08:26:02Z 1785572762
2026-08-01T08:27:02Z 1785572822
2026-08-01T08:28:02Z 1785572882
2026-08-01T08:29:02Z 1785572942
2026-08-01T08:30:02Z 1785573002
2026-08-01T08:31:02Z 1785573062
2026-08-01T08:32:02Z 1785573122
2026-08-01T08:33:02Z 1785573182
2026-08-01T08:34:02Z 1785573242
2026-08-01T08:35:02Z 1785573302
2026-08-01T08:36:02Z 1785573362
2026-08-01T08:37:02Z 1785573422
2026-08-01T08:38:02Z 1785573482
2026-08-01T08:39:02Z 1785573542
2026-08-01T08:40:02Z 1785573602
2026-08-01T08:41:02Z 1785573662
2026-08-01T08:42:02Z 1785573722
2026-08-01T08:43:02Z 1785573782
2026-08-01T08:44:02Z 1785573842
2026-08-01T08:45:02Z 1785573902
2026-08-01T08:46:02Z 1785573962
2026-08-01T08:47:02Z 1785574022
2026-08-01T08:48:02Z 1785574082
2026-08-01T08:49:02Z 1785574142
2026-08-01T08:50:02Z 1785574202
2026-08-01T08:51:02Z 1785574262
2026-08-01T08:52:02Z 1785574322
2026-08-01T08:53:02Z 1785574382
2026-08-01T08:54:02Z 1785574442
2026-08-01T08:55:02Z 1785574502
2026-08-01T08:56:02Z 1785574562
2026-08-01T08:57:02Z 1785574622
2026-08-01T08:58:02Z 1785574682
2026-08-01T08:59:02Z 1785574742
2026-08-01T09:00:02Z 1785574802
2026-08-01T09:01:02Z 1785574862
2026-08-01T09:02:02Z 1785574922
2026-08-01T09:03:02Z 1785574982
2026-08-01T09:04:02Z 1785575042
2026-08-01T09:05:02Z 1785575102
2026-08-01T09:06:02Z 1785575162
2026-08-01T09:07:02Z 1785575222
2026-08-01T09:08:02Z 1785575282
2026-08-01T09:09:02Z 1785575342
2026-08-01T09:10:02Z 1785575402
2026-08-01T09:11:00Z 1785575460
2026-08-01T09:12:02Z 1785575522
2026-08-01T09:13:02Z 1785575582
2026-08-01T09:14:02Z 1785575642
2026-08-01T09:15:02Z 1785575702
2026-08-01T09:16:02Z 1785575762
2026-08-01T09:17:02Z 1785575822
2026-08-01T09:18:02Z 1785575882
2026-08-01T09:19:02Z 1785575942
2026-08-01T09:20:02Z 1785576002
2026-08-01T09:21:02Z 1785576062
2026-08-01T09:22:02Z 1785576122
2026-08-01T09:23:02Z 1785576182
2026-08-01T09:24:02Z 1785576242
2026-08-01T09:25:02Z 1785576302
2026-08-01T09:26:02Z 1785576362
2026-08-01T09:27:02Z 1785576422
2026-08-01T09:28:02Z 1785576482
2026-08-01T09:29:02Z 1785576542
2026-08-01T09:30:02Z 1785576602
2026-08-01T09:31:02Z 1785576662
2026-08-01T09:32:02Z 1785576722
2026-08-01T09:33:02Z 1785576782
2026-08-01T09:34:02Z 1785576842
2026-08-01T09:35:02Z 1785576902
2026-08-01T09:36:02Z 1785576962
2026-08-01T09:37:02Z 1785577022
2026-08-01T09:38:02Z 1785577082
2026-08-01T09:39:02Z 1785577142
2026-08-01T09:40:02Z 1785577202
2026-08-01T09:41:02Z 1785577262
2026-08-01T09:42:02Z 1785577322
2026-08-01T09:43:02Z 1785577382
2026-08-01T09:44:02Z 1785577442
2026-08-01T09:45:02Z 1785577502
2026-08-01T09:46:02Z 1785577562
2026-08-01T09:47:02Z 1785577622
2026-08-01T09:48:02Z 1785577682
2026-08-01T09:49:02Z 1785577742
2026-08-01T09:50:02Z 1785577802
2026-08-01T09:51:02Z 1785577862
2026-08-01T09:52:02Z 1785577922
2026-08-01T09:53:02Z 1785577982
2026-08-01T09:54:02Z 1785578042
2026-08-01T09:55:02Z 1785578102
2026-08-01T09:56:02Z 1785578162
2026-08-01T09:57:02Z 1785578222
2026-08-01T09:58:02Z 1785578282
2026-08-01T09:59:02Z 1785578342
2026-08-01T10:00:02Z 1785578402
2026-08-01T10:01:02Z 1785578462
2026-08-01T10:02:02Z 1785578522
2026-08-01T10:03:02Z 1785578582
2026-08-01T10:04:02Z 1785578642
2026-08-01T10:05:02Z 1785578702
2026-08-01T10:06:02Z 1785578762
2026-08-01T10:07:02Z 1785578822
2026-08-01T10:08:02Z 1785578882
2026-08-01T10:09:02Z 1785578942
2026-08-01T10:10:02Z 1785579002
2026-08-01T10:11:02Z 1785579062
2026-08-01T10:12:02Z 1785579122
2026-08-01T10:13:02Z 1785579182
2026-08-01T10:14:02Z 1785579242
2026-08-01T10:15:02Z 1785579302
2026-08-01T10:16:02Z 1785579362
2026-08-01T10:17:02Z 1785579422
2026-08-01T10:18:02Z 1785579482
2026-08-01T10:19:02Z 1785579542
2026-08-01T10:20:02Z 1785579602
2026-08-01T10:21:02Z 1785579662
2026-08-01T10:22:02Z 1785579722
2026-08-01T10:23:02Z 1785579782
2026-08-01T10:24:02Z 1785579842
2026-08-01T10:25:02Z 1785579902
2026-08-01T10:26:02Z 1785579962
2026-08-01T10:27:02Z 1785580022
2026-08-01T10:28:02Z 1785580082
2026-08-01T10:29:02Z 1785580142
2026-08-01T10:30:01Z 1785580201
2026-08-01T10:31:02Z 1785580262
2026-08-01T10:32:02Z 1785580322
2026-08-01T10:33:02Z 1785580382
2026-08-01T10:34:02Z 1785580442
2026-08-01T10:35:02Z 1785580502
2026-08-01T10:36:02Z 1785580562
2026-08-01T10:37:02Z 1785580622
2026-08-01T10:38:02Z 1785580682
2026-08-01T10:39:02Z 1785580742
2026-08-01T10:40:02Z 1785580802
2026-08-01T10:41:02Z 1785580862
2026-08-01T10:42:02Z 1785580922
2026-08-01T10:43:02Z 1785580982
2026-08-01T10:44:02Z 1785581042
2026-08-01T10:45:02Z 1785581102
2026-08-01T10:46:02Z 1785581162
2026-08-01T10:47:02Z 1785581222
2026-08-01T10:48:02Z 1785581282
2026-08-01T10:49:02Z 1785581342
2026-08-01T10:50:02Z 1785581402
2026-08-01T10:51:02Z 1785581462
2026-08-01T10:52:02Z 1785581522
2026-08-01T10:53:02Z 1785581582
2026-08-01T10:54:02Z 1785581642
2026-08-01T10:55:02Z 1785581702
2026-08-01T10:56:02Z 1785581762
2026-08-01T10:57:02Z 1785581822
2026-08-01T10:58:02Z 1785581882
2026-08-01T10:59:02Z 1785581942
2026-08-01T11:00:02Z 1785582002
2026-08-01T11:01:02Z 1785582062
2026-08-01T11:02:02Z 1785582122
2026-08-01T11:03:02Z 1785582182
2026-08-01T11:04:02Z 1785582242
2026-08-01T11:05:02Z 1785582302
2026-08-01T11:06:02Z 1785582362
2026-08-01T11:07:02Z 1785582422
2026-08-01T11:08:02Z 1785582482
2026-08-01T11:09:02Z 1785582542
2026-08-01T11:10:02Z 1785582602
2026-08-01T11:11:02Z 1785582662
2026-08-01T11:12:02Z 1785582722
2026-08-01T11:13:02Z 1785582782
2026-08-01T11:14:02Z 1785582842
2026-08-01T11:15:02Z 1785582902
2026-08-01T11:16:02Z 1785582962
2026-08-01T11:17:02Z 1785583022
2026-08-01T11:18:02Z 1785583082
2026-08-01T11:19:02Z 1785583142
2026-08-01T11:20:02Z 1785583202
2026-08-01T11:21:02Z 1785583262
2026-08-01T11:22:02Z 1785583322
2026-08-01T11:23:02Z 1785583382
2026-08-01T11:24:02Z 1785583442
2026-08-01T11:25:02Z 1785583502
2026-08-01T11:26:02Z 1785583562
2026-08-01T11:27:02Z 1785583622
2026-08-01T11:28:02Z 1785583682
2026-08-01T11:29:02Z 1785583742
2026-08-01T11:30:02Z 1785583802
2026-08-01T11:31:02Z 1785583862
2026-08-01T11:32:02Z 1785583922
2026-08-01T11:33:02Z 1785583982
2026-08-01T11:34:02Z 1785584042
2026-08-01T11:35:02Z 1785584102
2026-08-01T11:36:02Z 1785584162
2026-08-01T11:37:02Z 1785584222
2026-08-01T11:38:02Z 1785584282
2026-08-01T11:39:02Z 1785584342
2026-08-01T11:40:02Z 1785584402
2026-08-01T11:41:02Z 1785584462
2026-08-01T11:42:02Z 1785584522
2026-08-01T11:43:02Z 1785584582
2026-08-01T11:44:02Z 1785584642
2026-08-01T11:45:02Z 1785584702
2026-08-01T11:46:02Z 1785584762
2026-08-01T11:47:02Z 1785584822
2026-08-01T11:48:02Z 1785584882
2026-08-01T11:49:02Z 1785584942
2026-08-01T11:50:02Z 1785585002
2026-08-01T11:51:02Z 1785585062
2026-08-01T11:52:02Z 1785585122
2026-08-01T11:53:02Z 1785585182
2026-08-01T11:54:02Z 1785585242
2026-08-01T11:55:02Z 1785585302
2026-08-01T11:56:02Z 1785585362
2026-08-01T11:57:02Z 1785585422
2026-08-01T11:58:02Z 1785585482
2026-08-01T11:59:02Z 1785585542
2026-08-01T12:00:02Z 1785585602
2026-08-01T12:01:02Z 1785585662
2026-08-01T12:02:02Z 1785585722
2026-08-01T12:03:02Z 1785585782
2026-08-01T12:04:02Z 1785585842
2026-08-01T12:05:02Z 1785585902
2026-08-01T12:06:02Z 1785585962
2026-08-01T12:07:02Z 1785586022
2026-08-01T12:08:02Z 1785586082
2026-08-01T12:09:02Z 1785586142
2026-08-01T12:10:02Z 1785586202
2026-08-01T12:11:02Z 1785586262
2026-08-01T12:12:02Z 1785586322
2026-08-01T12:13:02Z 1785586382
2026-08-01T12:14:02Z 1785586442
2026-08-01T12:15:02Z 1785586502
2026-08-01T12:16:02Z 1785586562
2026-08-01T12:17:02Z 1785586622
2026-08-01T12:18:02Z 1785586682
2026-08-01T12:19:02Z 1785586742
2026-08-01T12:20:02Z 1785586802
2026-08-01T12:21:02Z 1785586862
2026-08-01T12:22:02Z 1785586922
2026-08-01T12:23:02Z 1785586982
2026-08-01T12:24:02Z 1785587042
2026-08-01T12:25:02Z 1785587102
2026-08-01T12:26:02Z 1785587162
2026-08-01T12:27:02Z 1785587222
2026-08-01T12:28:02Z 1785587282
2026-08-01T12:29:02Z 1785587342
2026-08-01T12:30:02Z 1785587402
2026-08-01T12:31:02Z 1785587462
2026-08-01T12:32:02Z 1785587522
2026-08-01T12:33:02Z 1785587582
2026-08-01T12:34:02Z 1785587642
2026-08-01T12:35:02Z 1785587702
2026-08-01T12:36:02Z 1785587762
2026-08-01T12:37:02Z 1785587822
2026-08-01T12:38:02Z 1785587882
2026-08-01T12:39:02Z 1785587942
2026-08-01T12:40:02Z 1785588002
2026-08-01T12:41:02Z 1785588062
2026-08-01T12:42:02Z 1785588122
2026-08-01T12:43:02Z 1785588182
2026-08-01T12:44:02Z 1785588242
2026-08-01T12:45:02Z 1785588302
2026-08-01T12:46:02Z 1785588362
2026-08-01T12:47:02Z 1785588422
2026-08-01T12:48:02Z 1785588482
2026-08-01T12:49:02Z 1785588542
2026-08-01T12:50:02Z 1785588602
2026-08-01T12:51:02Z 1785588662
2026-08-01T12:52:02Z 1785588722
2026-08-01T12:53:02Z 1785588782
2026-08-01T12:54:02Z 1785588842
2026-08-01T12:55:02Z 1785588902
2026-08-01T12:56:02Z 1785588962
2026-08-01T12:57:02Z 1785589022
2026-08-01T12:58:02Z 1785589082
2026-08-01T12:59:02Z 1785589142
2026-08-01T13:00:02Z 1785589202
2026-08-01T13:01:02Z 1785589262
2026-08-01T13:02:02Z 1785589322
2026-08-01T13:03:02Z 1785589382
2026-08-01T13:04:02Z 1785589442
2026-08-01T13:05:02Z 1785589502
2026-08-01T13:06:02Z 1785589562
2026-08-01T13:07:02Z 1785589622
2026-08-01T13:08:02Z 1785589682
2026-08-01T13:09:02Z 1785589742
2026-08-01T13:10:02Z 1785589802
2026-08-01T13:11:02Z 1785589862
2026-08-01T13:12:02Z 1785589922
2026-08-01T13:13:02Z 1785589982
2026-08-01T13:14:02Z 1785590042
2026-08-01T13:15:02Z 1785590102
2026-08-01T13:16:02Z 1785590162
2026-08-01T13:17:02Z 1785590222
2026-08-01T13:18:02Z 1785590282
2026-08-01T13:19:02Z 1785590342
2026-08-01T13:20:01Z 1785590401
2026-08-01T13:21:02Z 1785590462
2026-08-01T13:22:02Z 1785590522
2026-08-01T13:23:02Z 1785590582
2026-08-01T13:24:02Z 1785590642
2026-08-01T13:25:02Z 1785590702
2026-08-01T13:26:02Z 1785590762
2026-08-01T13:27:02Z 1785590822
2026-08-01T13:28:02Z 1785590882
2026-08-01T13:29:02Z 1785590942
2026-08-01T13:30:02Z 1785591002
2026-08-01T13:31:02Z 1785591062
2026-08-01T13:32:02Z 1785591122
2026-08-01T13:33:02Z 1785591182
2026-08-01T13:34:02Z 1785591242
2026-08-01T13:35:02Z 1785591302
2026-08-01T13:36:02Z 1785591362
2026-08-01T13:37:02Z 1785591422
2026-08-01T13:38:02Z 1785591482
2026-08-01T13:39:02Z 1785591542
2026-08-01T13:40:02Z 1785591602
2026-08-01T13:41:02Z 1785591662
2026-08-01T13:42:02Z 1785591722
2026-08-01T13:43:02Z 1785591782
2026-08-01T13:44:02Z 1785591842
2026-08-01T13:45:02Z 1785591902
2026-08-01T13:46:02Z 1785591962
2026-08-01T13:47:02Z 1785592022
2026-08-01T13:48:02Z 1785592082
2026-08-01T13:49:02Z 1785592142
2026-08-01T13:50:02Z 1785592202
2026-08-01T13:51:02Z 1785592262
2026-08-01T13:52:02Z 1785592322
2026-08-01T13:53:02Z 1785592382
2026-08-01T13:54:02Z 1785592442
2026-08-01T13:55:02Z 1785592502
2026-08-01T13:56:02Z 1785592562
2026-08-01T13:57:02Z 1785592622
2026-08-01T13:58:02Z 1785592682
2026-08-01T13:59:02Z 1785592742
2026-08-01T14:00:02Z 1785592802
2026-08-01T14:01:02Z 1785592862
2026-08-01T14:02:02Z 1785592922
2026-08-01T14:03:02Z 1785592982
2026-08-01T14:04:02Z 1785593042
2026-08-01T14:05:02Z 1785593102
2026-08-01T14:06:02Z 1785593162
2026-08-01T14:07:03Z 1785593223
2026-08-01T14:08:02Z 1785593282
2026-08-01T14:09:02Z 1785593342
2026-08-01T14:10:02Z 1785593402
2026-08-01T14:11:02Z 1785593462
2026-08-01T14:12:02Z 1785593522
2026-08-01T14:13:02Z 1785593582
2026-08-01T14:14:02Z 1785593642
2026-08-01T14:15:02Z 1785593702
2026-08-01T14:16:02Z 1785593762
2026-08-01T14:17:02Z 1785593822
2026-08-01T14:18:02Z 1785593882
2026-08-01T14:19:02Z 1785593942
2026-08-01T14:20:02Z 1785594002
2026-08-01T14:21:02Z 1785594062
2026-08-01T14:22:02Z 1785594122
2026-08-01T14:23:02Z 1785594182
2026-08-01T14:24:02Z 1785594242
2026-08-01T14:25:02Z 1785594302
2026-08-01T14:26:02Z 1785594362
2026-08-01T14:27:02Z 1785594422
2026-08-01T14:28:02Z 1785594482
2026-08-01T14:29:02Z 1785594542
2026-08-01T14:30:02Z 1785594602
2026-08-01T14:31:02Z 1785594662
2026-08-01T14:32:02Z 1785594722
2026-08-01T14:33:02Z 1785594782
2026-08-01T14:34:02Z 1785594842
2026-08-01T14:35:02Z 1785594902
2026-08-01T14:36:02Z 1785594962
2026-08-01T14:37:02Z 1785595022
2026-08-01T14:38:02Z 1785595082
2026-08-01T14:39:02Z 1785595142
2026-08-01T14:40:02Z 1785595202
2026-08-01T14:41:02Z 1785595262
2026-08-01T14:42:02Z 1785595322
2026-08-01T14:43:02Z 1785595382
2026-08-01T14:44:02Z 1785595442
2026-08-01T14:45:02Z 1785595502
2026-08-01T14:46:02Z 1785595562
2026-08-01T14:47:02Z 1785595622
2026-08-01T14:48:02Z 1785595682
2026-08-01T14:49:02Z 1785595742
2026-08-01T14:50:02Z 1785595802
2026-08-01T14:51:02Z 1785595862
2026-08-01T14:52:02Z 1785595922
2026-08-01T14:53:02Z 1785595982
2026-08-01T14:54:02Z 1785596042
2026-08-01T14:55:02Z 1785596102
2026-08-01T14:56:02Z 1785596162
2026-08-01T14:57:02Z 1785596222
2026-08-01T14:58:02Z 1785596282
2026-08-01T14:59:02Z 1785596342
2026-08-01T15:00:02Z 1785596402
2026-08-01T15:01:02Z 1785596462
2026-08-01T15:02:02Z 1785596522
2026-08-01T15:03:02Z 1785596582
2026-08-01T15:04:02Z 1785596642
2026-08-01T15:05:02Z 1785596702
2026-08-01T15:06:02Z 1785596762
2026-08-01T15:07:00Z 1785596820
2026-08-01T15:08:01Z 1785596881
2026-08-01T15:09:02Z 1785596942
2026-08-01T15:10:02Z 1785597002
2026-08-01T15:11:02Z 1785597062
2026-08-01T15:12:02Z 1785597122
2026-08-01T15:13:02Z 1785597182
2026-08-01T15:14:02Z 1785597242
2026-08-01T15:15:02Z 1785597302
2026-08-01T15:16:02Z 1785597362
2026-08-01T15:17:02Z 1785597422
2026-08-01T15:18:02Z 1785597482
2026-08-01T15:19:02Z 1785597542
2026-08-01T15:20:02Z 1785597602
2026-08-01T15:21:02Z 1785597662
2026-08-01T15:22:02Z 1785597722
2026-08-01T15:23:02Z 1785597782
2026-08-01T15:24:02Z 1785597842
2026-08-01T15:25:02Z 1785597902
2026-08-01T15:26:02Z 1785597962
2026-08-01T15:27:02Z 1785598022
2026-08-01T15:28:02Z 1785598082
2026-08-01T15:29:02Z 1785598142
2026-08-01T15:30:02Z 1785598202
2026-08-01T15:31:02Z 1785598262
2026-08-01T15:32:02Z 1785598322
2026-08-01T15:33:02Z 1785598382
2026-08-01T15:34:02Z 1785598442
2026-08-01T15:35:02Z 1785598502
2026-08-01T15:36:02Z 1785598562
2026-08-01T15:37:02Z 1785598622
2026-08-01T15:38:02Z 1785598682
2026-08-01T15:39:02Z 1785598742
2026-08-01T15:40:02Z 1785598802
2026-08-01T15:41:02Z 1785598862
2026-08-01T15:42:02Z 1785598922
2026-08-01T15:43:02Z 1785598982
2026-08-01T15:44:02Z 1785599042
2026-08-01T15:45:02Z 1785599102
2026-08-01T15:46:02Z 1785599162
2026-08-01T15:47:02Z 1785599222
2026-08-01T15:48:02Z 1785599282
2026-08-01T15:49:02Z 1785599342
2026-08-01T15:50:02Z 1785599402
2026-08-01T15:51:02Z 1785599462
2026-08-01T15:52:02Z 1785599522
2026-08-01T15:53:02Z 1785599582
2026-08-01T15:54:02Z 1785599642
2026-08-01T15:55:02Z 1785599702
2026-08-01T15:56:02Z 1785599762
2026-08-01T15:57:02Z 1785599822
2026-08-01T15:58:02Z 1785599882
2026-08-01T15:59:02Z 1785599942
2026-08-01T16:00:02Z 1785600002
2026-08-01T16:01:02Z 1785600062
2026-08-01T16:02:02Z 1785600122
2026-08-01T16:03:02Z 1785600182
2026-08-01T16:04:02Z 1785600242
2026-08-01T16:05:02Z 1785600302
2026-08-01T16:06:02Z 1785600362
2026-08-01T16:07:02Z 1785600422
2026-08-01T16:08:02Z 1785600482
2026-08-01T16:09:02Z 1785600542
2026-08-01T16:10:02Z 1785600602
2026-08-01T16:11:02Z 1785600662
2026-08-01T16:12:02Z 1785600722
2026-08-01T16:13:02Z 1785600782
2026-08-01T16:14:02Z 1785600842
2026-08-01T16:15:02Z 1785600902
2026-08-01T16:16:02Z 1785600962
2026-08-01T16:17:02Z 1785601022
2026-08-01T16:18:02Z 1785601082
2026-08-01T16:19:02Z 1785601142
2026-08-01T16:20:02Z 1785601202
2026-08-01T16:21:02Z 1785601262
2026-08-01T16:22:02Z 1785601322
2026-08-01T16:23:02Z 1785601382
2026-08-01T16:24:02Z 1785601442
2026-08-01T16:25:02Z 1785601502
2026-08-01T16:26:02Z 1785601562
2026-08-01T16:27:02Z 1785601622
2026-08-01T16:28:02Z 1785601682
2026-08-01T16:29:02Z 1785601742
2026-08-01T16:30:02Z 1785601802
2026-08-01T16:31:02Z 1785601862
2026-08-01T16:32:02Z 1785601922
2026-08-01T16:33:02Z 1785601982
2026-08-01T16:34:02Z 1785602042
2026-08-01T16:35:02Z 1785602102
2026-08-01T16:36:02Z 1785602162
2026-08-01T16:37:02Z 1785602222
2026-08-01T16:38:02Z 1785602282
2026-08-01T16:39:02Z 1785602342
2026-08-01T16:40:02Z 1785602402
2026-08-01T16:41:02Z 1785602462
2026-08-01T16:42:02Z 1785602522
2026-08-01T16:43:02Z 1785602582
2026-08-01T16:44:02Z 1785602642
2026-08-01T16:45:02Z 1785602702
2026-08-01T16:46:02Z 1785602762
2026-08-01T16:47:02Z 1785602822
2026-08-01T16:48:02Z 1785602882
2026-08-01T16:49:02Z 1785602942
2026-08-01T16:50:02Z 1785603002
2026-08-01T16:51:02Z 1785603062
2026-08-01T16:52:02Z 1785603122
2026-08-01T16:53:02Z 1785603182
2026-08-01T16:54:02Z 1785603242
2026-08-01T16:55:02Z 1785603302
2026-08-01T16:56:02Z 1785603362
2026-08-01T16:57:02Z 1785603422
2026-08-01T16:58:02Z 1785603482
2026-08-01T16:59:02Z 1785603542
2026-08-01T17:00:02Z 1785603602
2026-08-01T17:01:00Z 1785603660
2026-08-01T17:02:02Z 1785603722
2026-08-01T17:03:02Z 1785603782
2026-08-01T17:04:02Z 1785603842
2026-08-01T17:05:02Z 1785603902
2026-08-01T17:06:02Z 1785603962
2026-08-01T17:07:02Z 1785604022
2026-08-01T17:08:02Z 1785604082
2026-08-01T17:09:02Z 1785604142
2026-08-01T17:10:02Z 1785604202
2026-08-01T17:11:02Z 1785604262
2026-08-01T17:12:02Z 1785604322
2026-08-01T17:13:02Z 1785604382
2026-08-01T17:14:02Z 1785604442
2026-08-01T17:15:02Z 1785604502
2026-08-01T17:16:02Z 1785604562
2026-08-01T17:17:02Z 1785604622
2026-08-01T17:18:02Z 1785604682
2026-08-01T17:19:02Z 1785604742
2026-08-01T17:20:02Z 1785604802
2026-08-01T17:21:02Z 1785604862
2026-08-01T17:22:02Z 1785604922
2026-08-01T17:23:02Z 1785604982
2026-08-01T17:24:02Z 1785605042
2026-08-01T17:25:02Z 1785605102
2026-08-01T17:26:02Z 1785605162
2026-08-01T17:27:02Z 1785605222
2026-08-01T17:28:02Z 1785605282
2026-08-01T17:29:02Z 1785605342
2026-08-01T17:30:02Z 1785605402
2026-08-01T17:31:02Z 1785605462
2026-08-01T17:32:02Z 1785605522
2026-08-01T17:33:02Z 1785605582
2026-08-01T17:34:02Z 1785605642
2026-08-01T17:35:02Z 1785605702
2026-08-01T17:36:02Z 1785605762
2026-08-01T17:37:02Z 1785605822
2026-08-01T17:38:02Z 1785605882
2026-08-01T17:39:02Z 1785605942
2026-08-01T17:40:02Z 1785606002
2026-08-01T17:41:02Z 1785606062
2026-08-01T17:42:02Z 1785606122
2026-08-01T17:43:02Z 1785606182
2026-08-01T17:44:02Z 1785606242
2026-08-01T17:45:02Z 1785606302
2026-08-01T17:46:02Z 1785606362
2026-08-01T17:47:02Z 1785606422
2026-08-01T17:48:02Z 1785606482
2026-08-01T17:49:02Z 1785606542
2026-08-01T17:50:02Z 1785606602
2026-08-01T17:51:02Z 1785606662
2026-08-01T17:52:02Z 1785606722
2026-08-01T17:53:02Z 1785606782
2026-08-01T17:54:02Z 1785606842
2026-08-01T17:55:02Z 1785606902
2026-08-01T17:56:02Z 1785606962
2026-08-01T17:57:02Z 1785607022
2026-08-01T17:58:02Z 1785607082
2026-08-01T17:59:02Z 1785607142
2026-08-01T18:00:02Z 1785607202
2026-08-01T18:01:02Z 1785607262
2026-08-01T18:02:02Z 1785607322
2026-08-01T18:03:02Z 1785607382
2026-08-01T18:04:02Z 1785607442
2026-08-01T18:05:02Z 1785607502
2026-08-01T18:06:02Z 1785607562
2026-08-01T18:07:02Z 1785607622
2026-08-01T18:08:02Z 1785607682
2026-08-01T18:09:02Z 1785607742
2026-08-01T18:10:02Z 1785607802
2026-08-01T18:11:02Z 1785607862
2026-08-01T18:12:02Z 1785607922
2026-08-01T18:13:02Z 1785607982
2026-08-01T18:14:02Z 1785608042
2026-08-01T18:15:02Z 1785608102
2026-08-01T18:16:02Z 1785608162
2026-08-01T18:17:02Z 1785608222
2026-08-01T18:18:02Z 1785608282
2026-08-01T18:19:02Z 1785608342
2026-08-01T18:20:02Z 1785608402
2026-08-01T18:21:02Z 1785608462
2026-08-01T18:22:02Z 1785608522
2026-08-01T18:23:02Z 1785608582
2026-08-01T18:24:02Z 1785608642
2026-08-01T18:25:02Z 1785608702
2026-08-01T18:26:02Z 1785608762
2026-08-01T18:27:02Z 1785608822
2026-08-01T18:28:02Z 1785608882
2026-08-01T18:29:02Z 1785608942
2026-08-01T18:30:02Z 1785609002
2026-08-01T18:31:02Z 1785609062
2026-08-01T18:32:02Z 1785609122
2026-08-01T18:33:02Z 1785609182
2026-08-01T18:34:02Z 1785609242
2026-08-01T18:35:02Z 1785609302
2026-08-01T18:36:02Z 1785609362
2026-08-01T18:37:02Z 1785609422
2026-08-01T18:38:02Z 1785609482
2026-08-01T18:39:02Z 1785609542
2026-08-01T18:40:02Z 1785609602
2026-08-01T18:41:02Z 1785609662
2026-08-01T18:42:02Z 1785609722
2026-08-01T18:43:02Z 1785609782
2026-08-01T18:44:02Z 1785609842
2026-08-01T18:45:02Z 1785609902
2026-08-01T18:46:02Z 1785609962
2026-08-01T18:47:02Z 1785610022
2026-08-01T18:48:02Z 1785610082
2026-08-01T18:49:02Z 1785610142
2026-08-01T18:50:02Z 1785610202
2026-08-01T18:51:02Z 1785610262
2026-08-01T18:52:02Z 1785610322
2026-08-01T18:53:02Z 1785610382
2026-08-01T18:54:02Z 1785610442
2026-08-01T18:55:02Z 1785610502
2026-08-01T18:56:02Z 1785610562
2026-08-01T18:57:02Z 1785610622
2026-08-01T18:58:02Z 1785610682
2026-08-01T18:59:02Z 1785610742
2026-08-01T19:00:02Z 1785610802
2026-08-01T19:01:02Z 1785610862
2026-08-01T19:02:02Z 1785610922
2026-08-01T19:03:02Z 1785610982
2026-08-01T19:04:02Z 1785611042
2026-08-01T19:05:02Z 1785611102
2026-08-01T19:06:02Z 1785611162
2026-08-01T19:07:02Z 1785611222
2026-08-01T19:08:02Z 1785611282
2026-08-01T19:09:02Z 1785611342
2026-08-01T19:10:02Z 1785611402
2026-08-01T19:11:02Z 1785611462
2026-08-01T19:12:02Z 1785611522
2026-08-01T19:13:02Z 1785611582
2026-08-01T19:14:02Z 1785611642
2026-08-01T19:15:02Z 1785611702
2026-08-01T19:16:02Z 1785611762
2026-08-01T19:17:02Z 1785611822
2026-08-01T19:18:02Z 1785611882
2026-08-01T19:19:02Z 1785611942
2026-08-01T19:20:02Z 1785612002
2026-08-01T19:21:02Z 1785612062
2026-08-01T19:22:02Z 1785612122
2026-08-01T19:23:02Z 1785612182
2026-08-01T19:24:02Z 1785612242
2026-08-01T19:25:02Z 1785612302
2026-08-01T19:26:02Z 1785612362
2026-08-01T19:27:02Z 1785612422
2026-08-01T19:28:02Z 1785612482
2026-08-01T19:29:02Z 1785612542
2026-08-01T19:30:02Z 1785612602
2026-08-01T19:31:02Z 1785612662
2026-08-01T19:32:02Z 1785612722
2026-08-01T19:33:02Z 1785612782
2026-08-01T19:34:02Z 1785612842
2026-08-01T19:35:02Z 1785612902
2026-08-01T19:36:02Z 1785612962
2026-08-01T19:37:02Z 1785613022
2026-08-01T19:38:02Z 1785613082
2026-08-01T19:39:02Z 1785613142
2026-08-01T19:40:02Z 1785613202
2026-08-01T19:41:02Z 1785613262
2026-08-01T19:42:02Z 1785613322
2026-08-01T19:43:02Z 1785613382
2026-08-01T19:44:02Z 1785613442
2026-08-01T19:45:02Z 1785613502
2026-08-01T19:46:02Z 1785613562
2026-08-01T19:47:02Z 1785613622
2026-08-01T19:48:02Z 1785613682
2026-08-01T19:49:02Z 1785613742
2026-08-01T19:50:02Z 1785613802
2026-08-01T19:51:02Z 1785613862
2026-08-01T19:52:02Z 1785613922
2026-08-01T19:53:02Z 1785613982
2026-08-01T19:54:02Z 1785614042
2026-08-01T19:55:02Z 1785614102
2026-08-01T19:56:02Z 1785614162
2026-08-01T19:57:02Z 1785614222
2026-08-01T19:58:02Z 1785614282
2026-08-01T19:59:02Z 1785614342
2026-08-01T20:00:02Z 1785614402
2026-08-01T20:01:02Z 1785614462
2026-08-01T20:02:02Z 1785614522
2026-08-01T20:03:02Z 1785614582
2026-08-01T20:04:02Z 1785614642
2026-08-01T20:05:02Z 1785614702
2026-08-01T20:06:02Z 1785614762
2026-08-01T20:07:02Z 1785614822
2026-08-01T20:08:02Z 1785614882
2026-08-01T20:09:02Z 1785614942
2026-08-01T20:10:02Z 1785615002
2026-08-01T20:11:02Z 1785615062
2026-08-01T20:12:02Z 1785615122
2026-08-01T20:13:02Z 1785615182
2026-08-01T20:14:02Z 1785615242
2026-08-01T20:15:02Z 1785615302
2026-08-01T20:16:02Z 1785615362
2026-08-01T20:17:02Z 1785615422
2026-08-01T20:18:02Z 1785615482
2026-08-01T20:19:02Z 1785615542
2026-08-01T20:20:02Z 1785615602
2026-08-01T20:21:02Z 1785615662
2026-08-01T20:22:02Z 1785615722
2026-08-01T20:23:02Z 1785615782
2026-08-01T20:24:02Z 1785615842
2026-08-01T20:25:02Z 1785615902
2026-08-01T20:26:02Z 1785615962
2026-08-01T20:27:02Z 1785616022
2026-08-01T20:28:02Z 1785616082
2026-08-01T20:29:02Z 1785616142
2026-08-01T20:30:02Z 1785616202
2026-08-01T20:31:02Z 1785616262
2026-08-01T20:32:02Z 1785616322
2026-08-01T20:33:02Z 1785616382
2026-08-01T20:34:02Z 1785616442
2026-08-01T20:35:02Z 1785616502
2026-08-01T20:36:02Z 1785616562
2026-08-01T20:37:02Z 1785616622
2026-08-01T20:38:02Z 1785616682
2026-08-01T20:39:02Z 1785616742
2026-08-01T20:40:02Z 1785616802
2026-08-01T20:41:02Z 1785616862
2026-08-01T20:42:02Z 1785616922
2026-08-01T20:43:02Z 1785616982
2026-08-01T20:44:02Z 1785617042
2026-08-01T20:45:02Z 1785617102
2026-08-01T20:46:02Z 1785617162
2026-08-01T20:47:02Z 1785617222
2026-08-01T20:48:02Z 1785617282
2026-08-01T20:49:02Z 1785617342
2026-08-01T20:50:02Z 1785617402
2026-08-01T20:51:02Z 1785617462
2026-08-01T20:52:02Z 1785617522
2026-08-01T20:53:02Z 1785617582
2026-08-01T20:54:02Z 1785617642
2026-08-01T20:55:02Z 1785617702
2026-08-01T20:56:02Z 1785617762
2026-08-01T20:57:02Z 1785617822
2026-08-01T20:58:02Z 1785617882
2026-08-01T20:59:02Z 1785617942
2026-08-01T21:00:02Z 1785618002
2026-08-01T21:01:02Z 1785618062
2026-08-01T21:02:02Z 1785618122
2026-08-01T21:03:02Z 1785618182
2026-08-01T21:04:02Z 1785618242
2026-08-01T21:05:02Z 1785618302
2026-08-01T21:06:02Z 1785618362
2026-08-01T21:07:02Z 1785618422
2026-08-01T21:08:02Z 1785618482
2026-08-01T21:09:02Z 1785618542
2026-08-01T21:10:02Z 1785618602
2026-08-01T21:11:02Z 1785618662
2026-08-01T21:12:02Z 1785618722
2026-08-01T21:13:02Z 1785618782
2026-08-01T21:14:02Z 1785618842
2026-08-01T21:15:02Z 1785618902
2026-08-01T21:16:02Z 1785618962
2026-08-01T21:17:02Z 1785619022
2026-08-01T21:18:02Z 1785619082
2026-08-01T21:19:02Z 1785619142
2026-08-01T21:20:02Z 1785619202
2026-08-01T21:21:02Z 1785619262
2026-08-01T21:22:02Z 1785619322
2026-08-01T21:23:02Z 1785619382
2026-08-01T21:24:02Z 1785619442
2026-08-01T21:25:02Z 1785619502
2026-08-01T21:26:02Z 1785619562
2026-08-01T21:27:02Z 1785619622
2026-08-01T21:28:02Z 1785619682
2026-08-01T21:29:02Z 1785619742
2026-08-01T21:30:02Z 1785619802
2026-08-01T21:31:02Z 1785619862
2026-08-01T21:32:02Z 1785619922
2026-08-01T21:33:02Z 1785619982
2026-08-01T21:34:02Z 1785620042
2026-08-01T21:35:02Z 1785620102
2026-08-01T21:36:02Z 1785620162
2026-08-01T21:37:02Z 1785620222
2026-08-01T21:38:02Z 1785620282
2026-08-01T21:39:02Z 1785620342
2026-08-01T21:40:02Z 1785620402
2026-08-01T21:41:02Z 1785620462
2026-08-01T21:42:02Z 1785620522
2026-08-01T21:43:02Z 1785620582
2026-08-01T21:44:02Z 1785620642
2026-08-01T21:45:02Z 1785620702
2026-08-01T21:46:02Z 1785620762
2026-08-01T21:47:02Z 1785620822
2026-08-01T21:48:02Z 1785620882
2026-08-01T21:49:02Z 1785620942
2026-08-01T21:50:02Z 1785621002
2026-08-01T21:51:02Z 1785621062
2026-08-01T21:52:02Z 1785621122
2026-08-01T21:53:02Z 1785621182
2026-08-01T21:54:02Z 1785621242
2026-08-01T21:55:02Z 1785621302
2026-08-01T21:56:02Z 1785621362
2026-08-01T21:57:02Z 1785621422
2026-08-01T21:58:02Z 1785621482
2026-08-01T21:59:02Z 1785621542
2026-08-01T22:00:02Z 1785621602
2026-08-01T22:01:02Z 1785621662
2026-08-01T22:02:02Z 1785621722
2026-08-01T22:03:02Z 1785621782
2026-08-01T22:04:02Z 1785621842
2026-08-01T22:05:02Z 1785621902
2026-08-01T22:06:02Z 1785621962
2026-08-01T22:07:02Z 1785622022
2026-08-01T22:08:02Z 1785622082
2026-08-01T22:09:02Z 1785622142
2026-08-01T22:10:02Z 1785622202
2026-08-01T22:11:02Z 1785622262
2026-08-01T22:12:02Z 1785622322
2026-08-01T22:13:02Z 1785622382
2026-08-01T22:14:02Z 1785622442
2026-08-01T22:15:02Z 1785622502
2026-08-01T22:16:02Z 1785622562
2026-08-01T22:17:02Z 1785622622
2026-08-01T22:18:02Z 1785622682
2026-08-01T22:19:02Z 1785622742
2026-08-01T22:20:02Z 1785622802
2026-08-01T22:21:02Z 1785622862
2026-08-01T22:22:02Z 1785622922
2026-08-01T22:23:02Z 1785622982
2026-08-01T22:24:02Z 1785623042
2026-08-01T22:25:02Z 1785623102
2026-08-01T22:26:02Z 1785623162
2026-08-01T22:27:02Z 1785623222
2026-08-01T22:28:02Z 1785623282
2026-08-01T22:29:02Z 1785623342
2026-08-01T22:30:02Z 1785623402
2026-08-01T22:31:02Z 1785623462
2026-08-01T22:32:02Z 1785623522
2026-08-01T22:33:02Z 1785623582
2026-08-01T22:34:02Z 1785623642
2026-08-01T22:35:02Z 1785623702
2026-08-01T22:36:02Z 1785623762
2026-08-01T22:37:02Z 1785623822
2026-08-01T22:38:02Z 1785623882
2026-08-01T22:39:02Z 1785623942
2026-08-01T22:40:02Z 1785624002
2026-08-01T22:41:02Z 1785624062
2026-08-01T22:42:02Z 1785624122
2026-08-01T22:43:02Z 1785624182
2026-08-01T22:44:02Z 1785624242
2026-08-01T22:45:02Z 1785624302
2026-08-01T22:46:02Z 1785624362
2026-08-01T22:47:02Z 1785624422
2026-08-01T22:48:02Z 1785624482
2026-08-01T22:49:02Z 1785624542
2026-08-01T22:50:02Z 1785624602
2026-08-01T22:51:02Z 1785624662
2026-08-01T22:52:02Z 1785624722
2026-08-01T22:53:02Z 1785624782
2026-08-01T22:54:02Z 1785624842
2026-08-01T22:55:02Z 1785624902
2026-08-01T22:56:02Z 1785624962
2026-08-01T22:57:02Z 1785625022
2026-08-01T22:58:02Z 1785625082
2026-08-01T22:59:02Z 1785625142
2026-08-01T23:00:02Z 1785625202
2026-08-01T23:01:02Z 1785625262
2026-08-01T23:02:02Z 1785625322
2026-08-01T23:03:02Z 1785625382
2026-08-01T23:04:02Z 1785625442
2026-08-01T23:05:02Z 1785625502
2026-08-01T23:06:02Z 1785625562
2026-08-01T23:07:02Z 1785625622
2026-08-01T23:08:02Z 1785625682
2026-08-01T23:09:02Z 1785625742
2026-08-01T23:10:02Z 1785625802
2026-08-01T23:11:02Z 1785625862
2026-08-01T23:12:02Z 1785625922
2026-08-01T23:13:02Z 1785625982
2026-08-01T23:14:02Z 1785626042
2026-08-01T23:15:02Z 1785626102
2026-08-01T23:16:02Z 1785626162
2026-08-01T23:17:02Z 1785626222
2026-08-01T23:18:02Z 1785626282
2026-08-01T23:19:02Z 1785626342
2026-08-01T23:20:02Z 1785626402
2026-08-01T23:21:02Z 1785626462
2026-08-01T23:22:02Z 1785626522
2026-08-01T23:23:02Z 1785626582
2026-08-01T23:24:02Z 1785626642
2026-08-01T23:25:02Z 1785626702
2026-08-01T23:26:02Z 1785626762
2026-08-01T23:27:02Z 1785626822
2026-08-01T23:28:02Z 1785626882
2026-08-01T23:29:02Z 1785626942
2026-08-01T23:30:02Z 1785627002
2026-08-01T23:31:02Z 1785627062
2026-08-01T23:32:02Z 1785627122
2026-08-01T23:33:02Z 1785627182
2026-08-01T23:34:02Z 1785627242
2026-08-01T23:35:02Z 1785627302
2026-08-01T23:36:02Z 1785627362
2026-08-01T23:37:02Z 1785627422
2026-08-01T23:38:02Z 1785627482
2026-08-01T23:39:02Z 1785627542
2026-08-01T23:40:02Z 1785627602
2026-08-01T23:41:02Z 1785627662
2026-08-01T23:42:02Z 1785627722
2026-08-01T23:43:02Z 1785627782
2026-08-01T23:44:02Z 1785627842
2026-08-01T23:45:02Z 1785627902
2026-08-01T23:46:02Z 1785627962
2026-08-01T23:47:02Z 1785628022
2026-08-01T23:48:02Z 1785628082
2026-08-01T23:49:02Z 1785628142
2026-08-01T23:50:02Z 1785628202
2026-08-01T23:51:02Z 1785628262
2026-08-01T23:52:02Z 1785628322
2026-08-01T23:53:02Z 1785628382
2026-08-01T23:54:02Z 1785628442
2026-08-01T23:55:02Z 1785628502
2026-08-01T23:56:02Z 1785628562
2026-08-01T23:57:02Z 1785628622
2026-08-01T23:58:02Z 1785628682
2026-08-01T23:59:02Z 1785628742
2026-08-02T00:00:02Z 1785628802
2026-08-02T00:01:02Z 1785628862
2026-08-02T00:02:02Z 1785628922
2026-08-02T00:03:02Z 1785628982
2026-08-02T00:04:02Z 1785629042
2026-08-02T00:05:02Z 1785629102
2026-08-02T00:06:02Z 1785629162
2026-08-02T00:07:02Z 1785629222
2026-08-02T00:08:02Z 1785629282
2026-08-02T00:09:02Z 1785629342
2026-08-02T00:10:02Z 1785629402
2026-08-02T00:11:02Z 1785629462
2026-08-02T00:12:02Z 1785629522
2026-08-02T00:13:02Z 1785629582
2026-08-02T00:14:02Z 1785629642
2026-08-02T00:15:02Z 1785629702
2026-08-02T00:16:02Z 1785629762
2026-08-02T00:17:02Z 1785629822
2026-08-02T00:18:02Z 1785629882
2026-08-02T00:19:02Z 1785629942
2026-08-02T00:20:02Z 1785630002
2026-08-02T00:21:02Z 1785630062
2026-08-02T00:22:02Z 1785630122
2026-08-02T00:23:02Z 1785630182
2026-08-02T00:24:02Z 1785630242
2026-08-02T00:25:02Z 1785630302
2026-08-02T00:26:02Z 1785630362
2026-08-02T00:27:02Z 1785630422
2026-08-02T00:28:02Z 1785630482
2026-08-02T00:29:02Z 1785630542
2026-08-02T00:30:02Z 1785630602
2026-08-02T00:31:02Z 1785630662
2026-08-02T00:32:02Z 1785630722
2026-08-02T00:33:02Z 1785630782
2026-08-02T00:34:02Z 1785630842
2026-08-02T00:35:02Z 1785630902
2026-08-02T00:36:02Z 1785630962
2026-08-02T00:37:02Z 1785631022
2026-08-02T00:38:02Z 1785631082
2026-08-02T00:39:02Z 1785631142
2026-08-02T00:40:02Z 1785631202
2026-08-02T00:41:02Z 1785631262
2026-08-02T00:42:02Z 1785631322
2026-08-02T00:43:02Z 1785631382
2026-08-02T00:44:02Z 1785631442
2026-08-02T00:45:02Z 1785631502
2026-08-02T00:46:02Z 1785631562
2026-08-02T00:47:02Z 1785631622
2026-08-02T00:48:02Z 1785631682
2026-08-02T00:49:00Z 1785631740
2026-08-02T00:50:00Z 1785631800
2026-08-02T00:51:02Z 1785631862
2026-08-02T00:52:02Z 1785631922
2026-08-02T00:53:00Z 1785631980
2026-08-02T00:54:00Z 1785632040
2026-08-02T00:55:00Z 1785632100
2026-08-02T00:56:02Z 1785632162
2026-08-02T00:57:02Z 1785632222
2026-08-02T00:58:00Z 1785632280
2026-08-02T00:59:02Z 1785632342
2026-08-02T01:00:02Z 1785632402
2026-08-02T01:01:02Z 1785632462
2026-08-02T01:02:02Z 1785632522
2026-08-02T01:03:02Z 1785632582
2026-08-02T01:04:00Z 1785632640
2026-08-02T01:05:02Z 1785632702
2026-08-02T01:06:00Z 1785632760
2026-08-02T01:07:02Z 1785632822
2026-08-02T01:08:02Z 1785632882
2026-08-02T01:09:02Z 1785632942
2026-08-02T01:10:02Z 1785633002
2026-08-02T01:11:02Z 1785633062
2026-08-02T01:12:02Z 1785633122
2026-08-02T01:13:02Z 1785633182
2026-08-02T01:14:02Z 1785633242
2026-08-02T01:15:02Z 1785633302
2026-08-02T01:16:02Z 1785633362
2026-08-02T01:17:02Z 1785633422
2026-08-02T01:18:02Z 1785633482
2026-08-02T01:19:02Z 1785633542
2026-08-02T01:20:02Z 1785633602
2026-08-02T01:21:02Z 1785633662
2026-08-02T01:22:02Z 1785633722
2026-08-02T01:23:02Z 1785633782
2026-08-02T01:24:02Z 1785633842
2026-08-02T01:25:02Z 1785633902
2026-08-02T01:26:02Z 1785633962
2026-08-02T01:27:02Z 1785634022
2026-08-02T01:28:02Z 1785634082
2026-08-02T01:29:02Z 1785634142
2026-08-02T01:30:02Z 1785634202
2026-08-02T01:31:02Z 1785634262
2026-08-02T01:32:02Z 1785634322
2026-08-02T01:33:02Z 1785634382
2026-08-02T01:34:02Z 1785634442
2026-08-02T01:35:02Z 1785634502
2026-08-02T01:36:02Z 1785634562
2026-08-02T01:37:02Z 1785634622
2026-08-02T01:38:02Z 1785634682
2026-08-02T01:39:02Z 1785634742
2026-08-02T01:40:02Z 1785634802
2026-08-02T01:41:02Z 1785634862
2026-08-02T01:42:02Z 1785634922
2026-08-02T01:43:02Z 1785634982
2026-08-02T01:44:02Z 1785635042
2026-08-02T01:45:02Z 1785635102
2026-08-02T01:46:02Z 1785635162
2026-08-02T01:47:02Z 1785635222
2026-08-02T01:48:02Z 1785635282
2026-08-02T01:49:02Z 1785635342
2026-08-02T01:50:02Z 1785635402
2026-08-02T01:51:02Z 1785635462
2026-08-02T01:52:02Z 1785635522
2026-08-02T01:53:02Z 1785635582
2026-08-02T01:54:02Z 1785635642
2026-08-02T01:55:02Z 1785635702
2026-08-02T01:56:02Z 1785635762
2026-08-02T01:57:02Z 1785635822
2026-08-02T01:58:02Z 1785635882
2026-08-02T01:59:02Z 1785635942
2026-08-02T02:00:02Z 1785636002
2026-08-02T02:01:02Z 1785636062
2026-08-02T02:02:02Z 1785636122
2026-08-02T02:03:02Z 1785636182
2026-08-02T02:04:02Z 1785636242
2026-08-02T02:05:02Z 1785636302
2026-08-02T02:06:02Z 1785636362
2026-08-02T02:07:02Z 1785636422
2026-08-02T02:08:02Z 1785636482
2026-08-02T02:09:02Z 1785636542
2026-08-02T02:10:02Z 1785636602
2026-08-02T02:11:02Z 1785636662
2026-08-02T02:12:02Z 1785636722
2026-08-02T02:13:02Z 1785636782
2026-08-02T02:14:02Z 1785636842
2026-08-02T02:15:02Z 1785636902
2026-08-02T02:16:02Z 1785636962
2026-08-02T02:17:02Z 1785637022
2026-08-02T02:18:02Z 1785637082
2026-08-02T02:19:02Z 1785637142
2026-08-02T02:20:02Z 1785637202
2026-08-02T02:21:02Z 1785637262
2026-08-02T02:22:02Z 1785637322
2026-08-02T02:23:02Z 1785637382
2026-08-02T02:24:02Z 1785637442
2026-08-02T02:25:02Z 1785637502
2026-08-02T02:26:02Z 1785637562
2026-08-02T02:27:02Z 1785637622
2026-08-02T02:28:02Z 1785637682
2026-08-02T02:29:02Z 1785637742
2026-08-02T02:30:02Z 1785637802
2026-08-02T02:31:02Z 1785637862
2026-08-02T02:32:02Z 1785637922
2026-08-02T02:33:02Z 1785637982
2026-08-02T02:34:02Z 1785638042
2026-08-02T02:35:02Z 1785638102
2026-08-02T02:36:02Z 1785638162
2026-08-02T02:37:02Z 1785638222
2026-08-02T02:38:02Z 1785638282
2026-08-02T02:39:02Z 1785638342
2026-08-02T02:40:02Z 1785638402
2026-08-02T02:41:02Z 1785638462
2026-08-02T02:42:02Z 1785638522
2026-08-02T02:43:02Z 1785638582
2026-08-02T02:44:02Z 1785638642
2026-08-02T02:45:02Z 1785638702
2026-08-02T02:46:02Z 1785638762
2026-08-02T02:47:02Z 1785638822
2026-08-02T02:48:02Z 1785638882
2026-08-02T02:49:02Z 1785638942
2026-08-02T02:50:02Z 1785639002
2026-08-02T02:51:02Z 1785639062
2026-08-02T02:52:02Z 1785639122
2026-08-02T02:53:02Z 1785639182
2026-08-02T02:54:02Z 1785639242
2026-08-02T02:55:02Z 1785639302
2026-08-02T02:56:02Z 1785639362
2026-08-02T02:57:02Z 1785639422
2026-08-02T02:58:02Z 1785639482
2026-08-02T02:59:02Z 1785639542
2026-08-02T03:00:02Z 1785639602
2026-08-02T03:01:02Z 1785639662
2026-08-02T03:02:02Z 1785639722
2026-08-02T03:03:02Z 1785639782
2026-08-02T03:04:02Z 1785639842
2026-08-02T03:05:02Z 1785639902
2026-08-02T03:06:02Z 1785639962
2026-08-02T03:07:02Z 1785640022
2026-08-02T03:08:02Z 1785640082
2026-08-02T03:09:02Z 1785640142
2026-08-02T03:10:02Z 1785640202
2026-08-02T03:11:02Z 1785640262
2026-08-02T03:12:02Z 1785640322
2026-08-02T03:13:02Z 1785640382
2026-08-02T03:14:02Z 1785640442
2026-08-02T03:15:02Z 1785640502
2026-08-02T03:16:02Z 1785640562
2026-08-02T03:17:02Z 1785640622
2026-08-02T03:18:02Z 1785640682
2026-08-02T03:19:02Z 1785640742
2026-08-02T03:20:02Z 1785640802
2026-08-02T03:21:02Z 1785640862
2026-08-02T03:22:02Z 1785640922
2026-08-02T03:23:02Z 1785640982
2026-08-02T03:24:02Z 1785641042
2026-08-02T03:25:02Z 1785641102
2026-08-02T03:26:02Z 1785641162
2026-08-02T03:27:02Z 1785641222
2026-08-02T03:28:02Z 1785641282
2026-08-02T03:29:02Z 1785641342
2026-08-02T03:30:02Z 1785641402
2026-08-02T03:31:02Z 1785641462
2026-08-02T03:32:02Z 1785641522
2026-08-02T03:33:02Z 1785641582
2026-08-02T03:34:02Z 1785641642
2026-08-02T03:35:02Z 1785641702
2026-08-02T03:36:02Z 1785641762
2026-08-02T03:37:02Z 1785641822
2026-08-02T03:38:02Z 1785641882
2026-08-02T03:39:02Z 1785641942
2026-08-02T03:40:02Z 1785642002
2026-08-02T03:41:02Z 1785642062
2026-08-02T03:42:02Z 1785642122
2026-08-02T03:43:02Z 1785642182
2026-08-02T03:44:02Z 1785642242
2026-08-02T03:45:02Z 1785642302
2026-08-02T03:46:02Z 1785642362
2026-08-02T03:47:02Z 1785642422
2026-08-02T03:48:02Z 1785642482
2026-08-02T03:49:02Z 1785642542
2026-08-02T03:50:02Z 1785642602
2026-08-02T03:51:02Z 1785642662
2026-08-02T03:52:02Z 1785642722
2026-08-02T03:53:02Z 1785642782
2026-08-02T03:54:02Z 1785642842
2026-08-02T03:55:02Z 1785642902
2026-08-02T03:56:02Z 1785642962
2026-08-02T03:57:02Z 1785643022
2026-08-02T03:58:02Z 1785643082
2026-08-02T03:59:02Z 1785643142
2026-08-02T04:00:02Z 1785643202
2026-08-02T04:01:02Z 1785643262
2026-08-02T04:02:02Z 1785643322
2026-08-02T04:03:02Z 1785643382
2026-08-02T04:04:02Z 1785643442
2026-08-02T04:05:02Z 1785643502
2026-08-02T04:06:02Z 1785643562
2026-08-02T04:07:02Z 1785643622
2026-08-02T04:08:02Z 1785643682
2026-08-02T04:09:02Z 1785643742
2026-08-02T04:10:02Z 1785643802
2026-08-02T04:11:02Z 1785643862
2026-08-02T04:12:02Z 1785643922
2026-08-02T04:13:02Z 1785643982
2026-08-02T04:14:02Z 1785644042
2026-08-02T04:15:02Z 1785644102
2026-08-02T04:16:02Z 1785644162
2026-08-02T04:17:02Z 1785644222
2026-08-02T04:18:02Z 1785644282
2026-08-02T04:19:02Z 1785644342
2026-08-02T04:20:02Z 1785644402
2026-08-02T04:21:02Z 1785644462
2026-08-02T04:22:02Z 1785644522
2026-08-02T04:23:02Z 1785644582
2026-08-02T04:24:02Z 1785644642
2026-08-02T04:25:02Z 1785644702
2026-08-02T04:26:02Z 1785644762
2026-08-02T04:27:02Z 1785644822
2026-08-02T04:28:02Z 1785644882
2026-08-02T04:29:02Z 1785644942
2026-08-02T04:30:02Z 1785645002
2026-08-02T04:31:02Z 1785645062
2026-08-02T04:32:02Z 1785645122
2026-08-02T04:33:02Z 1785645182
2026-08-02T04:34:02Z 1785645242
2026-08-02T04:35:02Z 1785645302
2026-08-02T04:36:02Z 1785645362
2026-08-02T04:37:02Z 1785645422
2026-08-02T04:38:02Z 1785645482
2026-08-02T04:39:02Z 1785645542
2026-08-02T04:40:02Z 1785645602
2026-08-02T04:41:02Z 1785645662
2026-08-02T04:42:02Z 1785645722
2026-08-02T04:43:02Z 1785645782
2026-08-02T04:44:02Z 1785645842
2026-08-02T04:45:02Z 1785645902
2026-08-02T04:46:02Z 1785645962
2026-08-02T04:47:02Z 1785646022
2026-08-02T04:48:02Z 1785646082
2026-08-02T04:49:02Z 1785646142
2026-08-02T04:50:02Z 1785646202
2026-08-02T04:51:02Z 1785646262
2026-08-02T04:52:02Z 1785646322
2026-08-02T04:53:02Z 1785646382
2026-08-02T04:54:02Z 1785646442
2026-08-02T04:55:02Z 1785646502
2026-08-02T04:56:02Z 1785646562
2026-08-02T04:57:02Z 1785646622
2026-08-02T04:58:02Z 1785646682
2026-08-02T04:59:02Z 1785646742
2026-08-02T05:00:02Z 1785646802
2026-08-02T05:01:02Z 1785646862
2026-08-02T05:02:02Z 1785646922
2026-08-02T05:03:02Z 1785646982
2026-08-02T05:04:02Z 1785647042
2026-08-02T05:05:02Z 1785647102
2026-08-02T05:06:02Z 1785647162
2026-08-02T05:07:02Z 1785647222
2026-08-02T05:08:02Z 1785647282
2026-08-02T05:09:02Z 1785647342
2026-08-02T05:10:02Z 1785647402
2026-08-02T05:11:02Z 1785647462
2026-08-02T05:12:02Z 1785647522
2026-08-02T05:13:02Z 1785647582
2026-08-02T05:14:02Z 1785647642
2026-08-02T05:15:02Z 1785647702
2026-08-02T05:16:02Z 1785647762
2026-08-02T05:17:02Z 1785647822
2026-08-02T05:18:02Z 1785647882
2026-08-02T05:19:02Z 1785647942
2026-08-02T05:20:02Z 1785648002
2026-08-02T05:21:02Z 1785648062
2026-08-02T05:22:02Z 1785648122
2026-08-02T05:23:02Z 1785648182
2026-08-02T05:24:02Z 1785648242
2026-08-02T05:25:02Z 1785648302
2026-08-02T05:26:02Z 1785648362
2026-08-02T05:27:02Z 1785648422
2026-08-02T05:28:02Z 1785648482
2026-08-02T05:29:02Z 1785648542
2026-08-02T05:30:02Z 1785648602
2026-08-02T05:31:02Z 1785648662
2026-08-02T05:32:02Z 1785648722
2026-08-02T05:33:02Z 1785648782
2026-08-02T05:34:02Z 1785648842
2026-08-02T05:35:02Z 1785648902
2026-08-02T05:36:02Z 1785648962
2026-08-02T05:37:02Z 1785649022
2026-08-02T05:38:02Z 1785649082
2026-08-02T05:39:02Z 1785649142
2026-08-02T05:40:02Z 1785649202
2026-08-02T05:41:02Z 1785649262
2026-08-02T05:42:02Z 1785649322
2026-08-02T05:43:02Z 1785649382
2026-08-02T05:44:02Z 1785649442
2026-08-02T05:45:02Z 1785649502
2026-08-02T05:46:02Z 1785649562
2026-08-02T05:47:02Z 1785649622
2026-08-02T05:48:02Z 1785649682
2026-08-02T05:49:02Z 1785649742
2026-08-02T05:50:02Z 1785649802
2026-08-02T05:51:02Z 1785649862
2026-08-02T05:52:02Z 1785649922
2026-08-02T05:53:02Z 1785649982
2026-08-02T05:54:02Z 1785650042
2026-08-02T05:55:02Z 1785650102
2026-08-02T05:56:02Z 1785650162
2026-08-02T05:57:02Z 1785650222
2026-08-02T05:58:02Z 1785650282
2026-08-02T05:59:02Z 1785650342
2026-08-02T06:00:02Z 1785650402
2026-08-02T06:01:02Z 1785650462
2026-08-02T06:02:02Z 1785650522
2026-08-02T06:03:02Z 1785650582
2026-08-02T06:04:02Z 1785650642
2026-08-02T06:05:02Z 1785650702
2026-08-02T06:06:02Z 1785650762
2026-08-02T06:07:02Z 1785650822
2026-08-02T06:08:02Z 1785650882
2026-08-02T06:09:02Z 1785650942
2026-08-02T06:10:02Z 1785651002
2026-08-02T06:11:02Z 1785651062
2026-08-02T06:12:02Z 1785651122
2026-08-02T06:13:02Z 1785651182
2026-08-02T06:14:02Z 1785651242
2026-08-02T06:15:02Z 1785651302
2026-08-02T06:16:02Z 1785651362
2026-08-02T06:17:02Z 1785651422
2026-08-02T06:18:02Z 1785651482
2026-08-02T06:19:02Z 1785651542
2026-08-02T06:20:02Z 1785651602
2026-08-02T06:21:02Z 1785651662
2026-08-02T06:22:02Z 1785651722
2026-08-02T06:23:02Z 1785651782
2026-08-02T06:24:02Z 1785651842
2026-08-02T06:25:02Z 1785651902
2026-08-02T06:26:02Z 1785651962
2026-08-02T06:27:02Z 1785652022
2026-08-02T06:28:02Z 1785652082
2026-08-02T06:29:02Z 1785652142
2026-08-02T06:30:02Z 1785652202
2026-08-02T06:31:02Z 1785652262
2026-08-02T06:32:02Z 1785652322
2026-08-02T06:33:02Z 1785652382
2026-08-02T06:34:02Z 1785652442
2026-08-02T06:35:02Z 1785652502
2026-08-02T06:36:02Z 1785652562
2026-08-02T06:37:02Z 1785652622
2026-08-02T06:38:02Z 1785652682
2026-08-02T06:39:02Z 1785652742
2026-08-02T06:40:02Z 1785652802
2026-08-02T06:41:02Z 1785652862
2026-08-02T06:42:02Z 1785652922
2026-08-02T06:43:02Z 1785652982
2026-08-02T06:44:02Z 1785653042
2026-08-02T06:45:02Z 1785653102
2026-08-02T06:46:02Z 1785653162
2026-08-02T06:47:02Z 1785653222
2026-08-02T06:48:02Z 1785653282
2026-08-02T06:49:02Z 1785653342
2026-08-02T06:50:02Z 1785653402
2026-08-02T06:51:02Z 1785653462
2026-08-02T06:52:02Z 1785653522
2026-08-02T06:53:02Z 1785653582
2026-08-02T06:54:02Z 1785653642
2026-08-02T06:55:02Z 1785653702
2026-08-02T06:56:02Z 1785653762
2026-08-02T06:57:02Z 1785653822
2026-08-02T06:58:02Z 1785653882
2026-08-02T06:59:02Z 1785653942
2026-08-02T07:00:02Z 1785654002
2026-08-02T07:01:02Z 1785654062
2026-08-02T07:02:02Z 1785654122
2026-08-02T07:03:02Z 1785654182
2026-08-02T07:04:02Z 1785654242
2026-08-02T07:05:02Z 1785654302
2026-08-02T07:06:02Z 1785654362
2026-08-02T07:07:02Z 1785654422
2026-08-02T07:08:02Z 1785654482
2026-08-02T07:09:02Z 1785654542
2026-08-02T07:10:02Z 1785654602
2026-08-02T07:11:02Z 1785654662
2026-08-02T07:12:02Z 1785654722
2026-08-02T07:13:02Z 1785654782
2026-08-02T07:14:02Z 1785654842
2026-08-02T07:15:02Z 1785654902
2026-08-02T07:16:02Z 1785654962
2026-08-02T07:17:02Z 1785655022
2026-08-02T07:18:02Z 1785655082
2026-08-02T07:19:02Z 1785655142
2026-08-02T07:20:02Z 1785655202
2026-08-02T07:21:02Z 1785655262
2026-08-02T07:22:02Z 1785655322
2026-08-02T07:23:02Z 1785655382
2026-08-02T07:24:02Z 1785655442
2026-08-02T07:25:02Z 1785655502
2026-08-02T07:26:02Z 1785655562
2026-08-02T07:27:02Z 1785655622
2026-08-02T07:28:02Z 1785655682
2026-08-02T07:29:02Z 1785655742
2026-08-02T07:30:02Z 1785655802
2026-08-02T07:31:02Z 1785655862
2026-08-02T07:32:02Z 1785655922
2026-08-02T07:33:02Z 1785655982
2026-08-02T07:34:02Z 1785656042
2026-08-02T07:35:02Z 1785656102
2026-08-02T07:36:02Z 1785656162
2026-08-02T07:37:02Z 1785656222
2026-08-02T07:38:02Z 1785656282
2026-08-02T07:39:02Z 1785656342
2026-08-02T07:40:02Z 1785656402
2026-08-02T07:41:02Z 1785656462
2026-08-02T07:42:02Z 1785656522
2026-08-02T07:43:02Z 1785656582
2026-08-02T07:44:02Z 1785656642
2026-08-02T07:45:02Z 1785656702
2026-08-02T07:46:02Z 1785656762
2026-08-02T07:47:02Z 1785656822
2026-08-02T07:48:02Z 1785656882
2026-08-02T07:49:02Z 1785656942
2026-08-02T07:50:02Z 1785657002
2026-08-02T07:51:02Z 1785657062
2026-08-02T07:52:02Z 1785657122
2026-08-02T07:53:02Z 1785657182
2026-08-02T07:54:02Z 1785657242
2026-08-02T07:55:02Z 1785657302
2026-08-02T07:56:02Z 1785657362
2026-08-02T07:57:02Z 1785657422
2026-08-02T07:58:02Z 1785657482
2026-08-02T07:59:02Z 1785657542
2026-08-02T08:00:02Z 1785657602
2026-08-02T08:01:02Z 1785657662
2026-08-02T08:02:02Z 1785657722
2026-08-02T08:03:02Z 1785657782
2026-08-02T08:04:02Z 1785657842
2026-08-02T08:05:02Z 1785657902
2026-08-02T08:06:02Z 1785657962
2026-08-02T08:07:02Z 1785658022
2026-08-02T08:08:02Z 1785658082
2026-08-02T08:09:02Z 1785658142
2026-08-02T08:10:02Z 1785658202
2026-08-02T08:11:02Z 1785658262
2026-08-02T08:12:02Z 1785658322
2026-08-02T08:13:02Z 1785658382
2026-08-02T08:14:02Z 1785658442
2026-08-02T08:15:02Z 1785658502
2026-08-02T08:16:02Z 1785658562
2026-08-02T08:17:02Z 1785658622
2026-08-02T08:18:02Z 1785658682
2026-08-02T08:19:02Z 1785658742
2026-08-02T08:20:02Z 1785658802
2026-08-02T08:21:02Z 1785658862
2026-08-02T08:22:02Z 1785658922
2026-08-02T08:23:02Z 1785658982
2026-08-02T08:24:02Z 1785659042
2026-08-02T08:25:02Z 1785659102
2026-08-02T08:26:02Z 1785659162
2026-08-02T08:27:02Z 1785659222
2026-08-02T08:28:02Z 1785659282
2026-08-02T08:29:02Z 1785659342
2026-08-02T08:30:02Z 1785659402
2026-08-02T08:31:02Z 1785659462
2026-08-02T08:32:02Z 1785659522
2026-08-02T08:33:02Z 1785659582
2026-08-02T08:34:02Z 1785659642
2026-08-02T08:35:02Z 1785659702
2026-08-02T08:36:02Z 1785659762
2026-08-02T08:37:02Z 1785659822
2026-08-02T08:38:02Z 1785659882
2026-08-02T08:39:02Z 1785659942
2026-08-02T08:40:02Z 1785660002
2026-08-02T08:41:02Z 1785660062
2026-08-02T08:42:02Z 1785660122
2026-08-02T08:43:02Z 1785660182
2026-08-02T08:44:02Z 1785660242
2026-08-02T08:45:02Z 1785660302
2026-08-02T08:46:02Z 1785660362
2026-08-02T08:47:02Z 1785660422
2026-08-02T08:48:02Z 1785660482
2026-08-02T08:49:02Z 1785660542
2026-08-02T08:50:02Z 1785660602
2026-08-02T08:51:02Z 1785660662
2026-08-02T08:52:02Z 1785660722
2026-08-02T08:53:02Z 1785660782
2026-08-02T08:54:02Z 1785660842
2026-08-02T08:55:02Z 1785660902
2026-08-02T08:56:02Z 1785660962
2026-08-02T08:57:02Z 1785661022
2026-08-02T08:58:02Z 1785661082
2026-08-02T08:59:02Z 1785661142
2026-08-02T09:00:02Z 1785661202
2026-08-02T09:01:02Z 1785661262
2026-08-02T09:02:02Z 1785661322
2026-08-02T09:03:02Z 1785661382
2026-08-02T09:04:02Z 1785661442
2026-08-02T09:05:02Z 1785661502
2026-08-02T09:06:02Z 1785661562
2026-08-02T09:07:02Z 1785661622
2026-08-02T09:08:02Z 1785661682
2026-08-02T09:09:02Z 1785661742
2026-08-02T09:10:02Z 1785661802
2026-08-02T09:11:00Z 1785661860
2026-08-02T09:12:02Z 1785661922
2026-08-02T09:13:02Z 1785661982
2026-08-02T09:14:02Z 1785662042
2026-08-02T09:15:02Z 1785662102
2026-08-02T09:16:02Z 1785662162
2026-08-02T09:17:02Z 1785662222
2026-08-02T09:18:02Z 1785662282
2026-08-02T09:19:02Z 1785662342
2026-08-02T09:20:02Z 1785662402
2026-08-02T09:21:02Z 1785662462
2026-08-02T09:22:02Z 1785662522
2026-08-02T09:23:02Z 1785662582
2026-08-02T09:24:02Z 1785662642
2026-08-02T09:25:02Z 1785662702
2026-08-02T09:26:02Z 1785662762
2026-08-02T09:27:02Z 1785662822
2026-08-02T09:28:02Z 1785662882
2026-08-02T09:29:02Z 1785662942
2026-08-02T09:30:02Z 1785663002
2026-08-02T09:31:02Z 1785663062
2026-08-02T09:32:02Z 1785663122
2026-08-02T09:33:02Z 1785663182
2026-08-02T09:34:02Z 1785663242
2026-08-02T09:35:02Z 1785663302
2026-08-02T09:36:02Z 1785663362
2026-08-02T09:37:02Z 1785663422
2026-08-02T09:38:02Z 1785663482
2026-08-02T09:39:02Z 1785663542
2026-08-02T09:40:02Z 1785663602
2026-08-02T09:41:02Z 1785663662
2026-08-02T09:42:02Z 1785663722
2026-08-02T09:43:02Z 1785663782
2026-08-02T09:44:02Z 1785663842
2026-08-02T09:45:02Z 1785663902
2026-08-02T09:46:02Z 1785663962
2026-08-02T09:47:02Z 1785664022
2026-08-02T09:48:02Z 1785664082
2026-08-02T09:49:02Z 1785664142
2026-08-02T09:50:02Z 1785664202
2026-08-02T09:51:02Z 1785664262
2026-08-02T09:52:02Z 1785664322
2026-08-02T09:53:02Z 1785664382
2026-08-02T09:54:02Z 1785664442
2026-08-02T09:55:02Z 1785664502
2026-08-02T09:56:02Z 1785664562
2026-08-02T09:57:02Z 1785664622
2026-08-02T09:58:02Z 1785664682
2026-08-02T09:59:02Z 1785664742
2026-08-02T10:00:02Z 1785664802
2026-08-02T10:01:02Z 1785664862
2026-08-02T10:02:02Z 1785664922
2026-08-02T10:03:02Z 1785664982
2026-08-02T10:04:02Z 1785665042
2026-08-02T10:05:02Z 1785665102
2026-08-02T10:06:02Z 1785665162
2026-08-02T10:07:02Z 1785665222
2026-08-02T10:08:02Z 1785665282
2026-08-02T10:09:02Z 1785665342
2026-08-02T10:10:02Z 1785665402
2026-08-02T10:11:02Z 1785665462
2026-08-02T10:12:02Z 1785665522
2026-08-02T10:13:02Z 1785665582
2026-08-02T10:14:02Z 1785665642
2026-08-02T10:15:02Z 1785665702
2026-08-02T10:16:02Z 1785665762
2026-08-02T10:17:02Z 1785665822
2026-08-02T10:18:02Z 1785665882
2026-08-02T10:19:02Z 1785665942
2026-08-02T10:20:02Z 1785666002
2026-08-02T10:21:02Z 1785666062
2026-08-02T10:22:02Z 1785666122
2026-08-02T10:23:02Z 1785666182
2026-08-02T10:24:02Z 1785666242
2026-08-02T10:25:02Z 1785666302
2026-08-02T10:26:02Z 1785666362
2026-08-02T10:27:02Z 1785666422
2026-08-02T10:28:02Z 1785666482
2026-08-02T10:29:02Z 1785666542
2026-08-02T10:30:02Z 1785666602
2026-08-02T10:31:02Z 1785666662
2026-08-02T10:32:02Z 1785666722
2026-08-02T10:33:02Z 1785666782
2026-08-02T10:34:02Z 1785666842
2026-08-02T10:35:02Z 1785666902
2026-08-02T10:36:02Z 1785666962
2026-08-02T10:37:02Z 1785667022
2026-08-02T10:38:02Z 1785667082
2026-08-02T10:39:02Z 1785667142
2026-08-02T10:40:02Z 1785667202
2026-08-02T10:41:02Z 1785667262
2026-08-02T10:42:02Z 1785667322
2026-08-02T10:43:02Z 1785667382
2026-08-02T10:44:02Z 1785667442
2026-08-02T10:45:02Z 1785667502
2026-08-02T10:46:02Z 1785667562
2026-08-02T10:47:02Z 1785667622
2026-08-02T10:48:02Z 1785667682
2026-08-02T10:49:02Z 1785667742
2026-08-02T10:50:02Z 1785667802
2026-08-02T10:51:02Z 1785667862
2026-08-02T10:52:02Z 1785667922
2026-08-02T10:53:02Z 1785667982
2026-08-02T10:54:02Z 1785668042
2026-08-02T10:55:02Z 1785668102
2026-08-02T10:56:02Z 1785668162
2026-08-02T10:57:02Z 1785668222
2026-08-02T10:58:02Z 1785668282
2026-08-02T10:59:02Z 1785668342
2026-08-02T11:00:02Z 1785668402
2026-08-02T11:01:02Z 1785668462
2026-08-02T11:02:02Z 1785668522
2026-08-02T11:03:02Z 1785668582
2026-08-02T11:04:02Z 1785668642
2026-08-02T11:05:02Z 1785668702
2026-08-02T11:06:02Z 1785668762
2026-08-02T11:07:02Z 1785668822
2026-08-02T11:08:02Z 1785668882
2026-08-02T11:09:02Z 1785668942
2026-08-02T11:10:02Z 1785669002
2026-08-02T11:11:02Z 1785669062
2026-08-02T11:12:02Z 1785669122
2026-08-02T11:13:02Z 1785669182
2026-08-02T11:14:02Z 1785669242
2026-08-02T11:15:02Z 1785669302
2026-08-02T11:16:02Z 1785669362
2026-08-02T11:17:02Z 1785669422
2026-08-02T11:18:02Z 1785669482
2026-08-02T11:19:02Z 1785669542
2026-08-02T11:20:02Z 1785669602
2026-08-02T11:21:02Z 1785669662
2026-08-02T11:22:02Z 1785669722
2026-08-02T11:23:02Z 1785669782
2026-08-02T11:24:02Z 1785669842
2026-08-02T11:25:02Z 1785669902
2026-08-02T11:26:02Z 1785669962
2026-08-02T11:27:02Z 1785670022
2026-08-02T11:28:02Z 1785670082
2026-08-02T11:29:02Z 1785670142
2026-08-02T11:30:02Z 1785670202
2026-08-02T11:31:02Z 1785670262
2026-08-02T11:32:02Z 1785670322
2026-08-02T11:33:02Z 1785670382
2026-08-02T11:34:02Z 1785670442
2026-08-02T11:35:02Z 1785670502
2026-08-02T11:36:02Z 1785670562
2026-08-02T11:37:02Z 1785670622
2026-08-02T11:38:02Z 1785670682
2026-08-02T11:39:02Z 1785670742
2026-08-02T11:40:02Z 1785670802
2026-08-02T11:41:02Z 1785670862
2026-08-02T11:42:02Z 1785670922
2026-08-02T11:43:02Z 1785670982
2026-08-02T11:44:02Z 1785671042
2026-08-02T11:45:02Z 1785671102
2026-08-02T11:46:02Z 1785671162
2026-08-02T11:47:02Z 1785671222
2026-08-02T11:48:02Z 1785671282
2026-08-02T11:49:02Z 1785671342
2026-08-02T11:50:02Z 1785671402
2026-08-02T11:51:02Z 1785671462
2026-08-02T11:52:02Z 1785671522
2026-08-02T11:53:02Z 1785671582
2026-08-02T11:54:02Z 1785671642
2026-08-02T11:55:02Z 1785671702
2026-08-02T11:56:02Z 1785671762
2026-08-02T11:57:02Z 1785671822
2026-08-02T11:58:02Z 1785671882
2026-08-02T11:59:02Z 1785671942
2026-08-02T12:00:02Z 1785672002
2026-08-02T12:01:02Z 1785672062
2026-08-02T12:02:02Z 1785672122
2026-08-02T12:03:02Z 1785672182
2026-08-02T12:04:02Z 1785672242
2026-08-02T12:05:02Z 1785672302
2026-08-02T12:06:02Z 1785672362
2026-08-02T12:07:02Z 1785672422
2026-08-02T12:08:02Z 1785672482
2026-08-02T12:09:02Z 1785672542
2026-08-02T12:10:02Z 1785672602
2026-08-02T12:11:02Z 1785672662
2026-08-02T12:12:02Z 1785672722
2026-08-02T12:13:02Z 1785672782
2026-08-02T12:14:02Z 1785672842
2026-08-02T12:15:02Z 1785672902
2026-08-02T12:16:02Z 1785672962
2026-08-02T12:17:02Z 1785673022
2026-08-02T12:18:02Z 1785673082
2026-08-02T12:19:02Z 1785673142
2026-08-02T12:20:02Z 1785673202
2026-08-02T12:21:02Z 1785673262
2026-08-02T12:22:02Z 1785673322
2026-08-02T12:23:02Z 1785673382
2026-08-02T12:24:02Z 1785673442
2026-08-02T12:25:02Z 1785673502
2026-08-02T12:26:02Z 1785673562
2026-08-02T12:27:02Z 1785673622
2026-08-02T12:28:02Z 1785673682
2026-08-02T12:29:02Z 1785673742
2026-08-02T12:30:02Z 1785673802
2026-08-02T12:31:02Z 1785673862
2026-08-02T12:32:02Z 1785673922
2026-08-02T12:33:02Z 1785673982
2026-08-02T12:34:02Z 1785674042
2026-08-02T12:35:02Z 1785674102
2026-08-02T12:36:02Z 1785674162
2026-08-02T12:37:02Z 1785674222
2026-08-02T12:38:02Z 1785674282
2026-08-02T12:39:02Z 1785674342
2026-08-02T12:40:02Z 1785674402
2026-08-02T12:41:02Z 1785674462
2026-08-02T12:42:02Z 1785674522
2026-08-02T12:43:02Z 1785674582
2026-08-02T12:44:02Z 1785674642
2026-08-02T12:45:02Z 1785674702
2026-08-02T12:46:02Z 1785674762
2026-08-02T12:47:02Z 1785674822
2026-08-02T12:48:02Z 1785674882
2026-08-02T12:49:02Z 1785674942
2026-08-02T12:50:02Z 1785675002
2026-08-02T12:51:02Z 1785675062
2026-08-02T12:52:02Z 1785675122
2026-08-02T12:53:02Z 1785675182
2026-08-02T12:54:02Z 1785675242
2026-08-02T12:55:02Z 1785675302
2026-08-02T12:56:02Z 1785675362
2026-08-02T12:57:02Z 1785675422
2026-08-02T12:58:02Z 1785675482
2026-08-02T12:59:02Z 1785675542
2026-08-02T13:00:02Z 1785675602
2026-08-02T13:01:02Z 1785675662
2026-08-02T13:02:02Z 1785675722
2026-08-02T13:03:02Z 1785675782
2026-08-02T13:04:02Z 1785675842
2026-08-02T13:05:02Z 1785675902
2026-08-02T13:06:02Z 1785675962
2026-08-02T13:07:02Z 1785676022
2026-08-02T13:08:02Z 1785676082
2026-08-02T13:09:02Z 1785676142
2026-08-02T13:10:02Z 1785676202
2026-08-02T13:11:02Z 1785676262
2026-08-02T13:12:02Z 1785676322
2026-08-02T13:13:02Z 1785676382
2026-08-02T13:14:02Z 1785676442
2026-08-02T13:15:02Z 1785676502
2026-08-02T13:16:02Z 1785676562
2026-08-02T13:17:02Z 1785676622
2026-08-02T13:18:02Z 1785676682
2026-08-02T13:19:02Z 1785676742
2026-08-02T13:20:02Z 1785676802
2026-08-02T13:21:02Z 1785676862
2026-08-02T13:22:02Z 1785676922
2026-08-02T13:23:02Z 1785676982
2026-08-02T13:24:02Z 1785677042
2026-08-02T13:25:02Z 1785677102
2026-08-02T13:26:02Z 1785677162
2026-08-02T13:27:02Z 1785677222
2026-08-02T13:28:02Z 1785677282
2026-08-02T13:29:02Z 1785677342
2026-08-02T13:30:02Z 1785677402
2026-08-02T13:31:02Z 1785677462
2026-08-02T13:32:02Z 1785677522
2026-08-02T13:33:02Z 1785677582
2026-08-02T13:34:02Z 1785677642
2026-08-02T13:35:02Z 1785677702
2026-08-02T13:36:02Z 1785677762
2026-08-02T13:37:02Z 1785677822
2026-08-02T13:38:02Z 1785677882
2026-08-02T13:39:02Z 1785677942
2026-08-02T13:40:02Z 1785678002
2026-08-02T13:41:02Z 1785678062
2026-08-02T13:42:02Z 1785678122
2026-08-02T13:43:02Z 1785678182
2026-08-02T13:44:02Z 1785678242
2026-08-02T13:45:02Z 1785678302
2026-08-02T13:46:02Z 1785678362
2026-08-02T13:47:02Z 1785678422
2026-08-02T13:48:02Z 1785678482
2026-08-02T13:49:02Z 1785678542
2026-08-02T13:50:02Z 1785678602
2026-08-02T13:51:02Z 1785678662
2026-08-02T13:52:02Z 1785678722
2026-08-02T13:53:02Z 1785678782
2026-08-02T13:54:02Z 1785678842
2026-08-02T13:55:02Z 1785678902
2026-08-02T13:56:02Z 1785678962
2026-08-02T13:57:02Z 1785679022
2026-08-02T13:58:02Z 1785679082
2026-08-02T13:59:02Z 1785679142
2026-08-02T14:00:02Z 1785679202
2026-08-02T14:01:02Z 1785679262
2026-08-02T14:02:02Z 1785679322
2026-08-02T14:03:02Z 1785679382
2026-08-02T14:04:02Z 1785679442
2026-08-02T14:05:02Z 1785679502
2026-08-02T14:06:02Z 1785679562
2026-08-02T14:07:02Z 1785679622
2026-08-02T14:08:02Z 1785679682
2026-08-02T14:09:02Z 1785679742
2026-08-02T14:10:02Z 1785679802
2026-08-02T14:11:02Z 1785679862
2026-08-02T14:12:02Z 1785679922
2026-08-02T14:13:02Z 1785679982
2026-08-02T14:14:02Z 1785680042
2026-08-02T14:15:02Z 1785680102
2026-08-02T14:16:02Z 1785680162
2026-08-02T14:17:02Z 1785680222
2026-08-02T14:18:02Z 1785680282
2026-08-02T14:19:02Z 1785680342
2026-08-02T14:20:02Z 1785680402
2026-08-02T14:21:02Z 1785680462
2026-08-02T14:22:02Z 1785680522
2026-08-02T14:23:02Z 1785680582
2026-08-02T14:24:02Z 1785680642
2026-08-02T14:25:02Z 1785680702
2026-08-02T14:26:02Z 1785680762
2026-08-02T14:27:02Z 1785680822
2026-08-02T14:28:02Z 1785680882
2026-08-02T14:29:02Z 1785680942
2026-08-02T14:30:02Z 1785681002
2026-08-02T14:31:02Z 1785681062
2026-08-02T14:32:02Z 1785681122
2026-08-02T14:33:02Z 1785681182
2026-08-02T14:34:02Z 1785681242
2026-08-02T14:35:02Z 1785681302
2026-08-02T14:36:02Z 1785681362
2026-08-02T14:37:02Z 1785681422
2026-08-02T14:38:02Z 1785681482
2026-08-02T14:39:02Z 1785681542
2026-08-02T14:40:02Z 1785681602
2026-08-02T14:41:02Z 1785681662
2026-08-02T14:42:02Z 1785681722
2026-08-02T14:43:02Z 1785681782
2026-08-02T14:44:02Z 1785681842
2026-08-02T14:45:02Z 1785681902
2026-08-02T14:46:02Z 1785681962
2026-08-02T14:47:02Z 1785682022
2026-08-02T14:48:02Z 1785682082
2026-08-02T14:49:02Z 1785682142
2026-08-02T14:50:02Z 1785682202
2026-08-02T14:51:02Z 1785682262
2026-08-02T14:52:02Z 1785682322
2026-08-02T14:53:02Z 1785682382
2026-08-02T14:54:02Z 1785682442
2026-08-05T03:52:00Z 1785901920
2026-08-05T03:53:00Z 1785901980
2026-08-05T03:54:00Z 1785902040
2026-08-05T03:55:00Z 1785902100
2026-08-05T03:56:00Z 1785902160
2026-08-05T03:57:00Z 1785902220
2026-08-05T03:58:00Z 1785902280
2026-08-05T03:59:00Z 1785902340
2026-08-05T04:00:00Z 1785902400
2026-08-05T04:01:00Z 1785902460
2026-08-05T04:02:00Z 1785902520
2026-08-05T04:03:00Z 1785902580
2026-08-05T04:04:00Z 1785902640
2026-08-05T04:05:00Z 1785902700
2026-08-05T04:06:00Z 1785902760
2026-08-05T04:07:00Z 1785902820
2026-08-05T04:08:00Z 1785902880
2026-08-05T04:09:00Z 1785902940
2026-08-05T04:10:00Z 1785903000
2026-08-05T04:11:00Z 1785903060
2026-08-05T04:12:00Z 1785903120
2026-08-05T04:13:00Z 1785903180
2026-08-05T04:14:00Z 1785903240
2026-08-05T04:15:00Z 1785903300
2026-08-05T04:16:00Z 1785903360
2026-08-05T04:17:00Z 1785903420
2026-08-05T04:18:00Z 1785903480
2026-08-05T04:19:00Z 1785903540
2026-08-05T04:20:00Z 1785903600
2026-08-05T04:21:00Z 1785903660
2026-08-05T04:22:00Z 1785903720
2026-08-05T04:23:00Z 1785903780
2026-08-05T04:24:00Z 1785903840
2026-08-05T04:25:00Z 1785903900
2026-08-05T04:26:00Z 1785903960
2026-08-05T04:27:00Z 1785904020
2026-08-05T04:28:00Z 1785904080
2026-08-05T04:29:00Z 1785904140
2026-08-05T04:30:00Z 1785904200
2026-08-05T04:31:00Z 1785904260
2026-08-05T04:32:00Z 1785904320
2026-08-05T04:33:00Z 1785904380
2026-08-05T04:34:00Z 1785904440
2026-08-05T04:35:00Z 1785904500
2026-08-05T04:36:00Z 1785904560
2026-08-05T04:37:00Z 1785904620
2026-08-05T04:38:00Z 1785904680
2026-08-05T04:39:00Z 1785904740
2026-08-05T04:40:00Z 1785904800
2026-08-05T04:41:00Z 1785904860
2026-08-05T04:42:00Z 1785904920
2026-08-05T04:43:00Z 1785904980
2026-08-05T04:44:00Z 1785905040
2026-08-05T04:45:00Z 1785905100
2026-08-05T04:46:00Z 1785905160
2026-08-05T04:47:00Z 1785905220
2026-08-05T04:48:00Z 1785905280
2026-08-05T04:49:00Z 1785905340
2026-08-05T04:50:00Z 1785905400
2026-08-05T04:51:00Z 1785905460
2026-08-05T04:52:00Z 1785905520
2026-08-05T04:53:00Z 1785905580
2026-08-05T04:54:00Z 1785905640
2026-08-05T04:55:00Z 1785905700
2026-08-05T04:56:00Z 1785905760
2026-08-05T04:57:00Z 1785905820
2026-08-05T04:58:00Z 1785905880
2026-08-05T04:59:00Z 1785905940
2026-08-05T05:00:00Z 1785906000
2026-08-05T05:01:00Z 1785906060
2026-08-05T05:02:00Z 1785906120
2026-08-05T05:03:00Z 1785906180
2026-08-05T05:04:00Z 1785906240
2026-08-05T05:05:00Z 1785906300
2026-08-05T05:06:00Z 1785906360
2026-08-05T05:07:00Z 1785906420
2026-08-05T05:08:00Z 1785906480
2026-08-05T05:09:00Z 1785906540
2026-08-05T05:10:00Z 1785906600
2026-08-05T05:11:00Z 1785906660
2026-08-05T05:12:00Z 1785906720
2026-08-05T05:13:00Z 1785906780
2026-08-05T05:14:00Z 1785906840
2026-08-05T05:15:00Z 1785906900
2026-08-05T05:16:00Z 1785906960
2026-08-05T05:17:00Z 1785907020
2026-08-05T05:18:00Z 1785907080
2026-08-05T05:19:00Z 1785907140
2026-08-05T05:20:00Z 1785907200
2026-08-05T05:21:00Z 1785907260
2026-08-05T05:22:00Z 1785907320
2026-08-05T05:23:00Z 1785907380
2026-08-05T05:24:00Z 1785907440
2026-08-05T05:25:00Z 1785907500
2026-08-05T05:26:00Z 1785907560
2026-08-05T05:27:00Z 1785907620
2026-08-05T05:28:00Z 1785907680
2026-08-05T05:29:00Z 1785907740
2026-08-05T05:30:00Z 1785907800
2026-08-05T05:31:00Z 1785907860
2026-08-05T05:32:00Z 1785907920
2026-08-05T05:33:00Z 1785907980
2026-08-05T05:34:00Z 1785908040
2026-08-05T05:35:00Z 1785908100
2026-08-05T05:36:00Z 1785908160
2026-08-05T05:37:00Z 1785908220
2026-08-05T05:38:00Z 1785908280
2026-08-05T05:39:00Z 1785908340
2026-08-05T05:40:00Z 1785908400
2026-08-05T05:41:00Z 1785908460
2026-08-05T05:42:00Z 1785908520
2026-08-05T05:43:00Z 1785908580
2026-08-05T05:44:00Z 1785908640
2026-08-05T05:45:00Z 1785908700
2026-08-05T05:46:00Z 1785908760
2026-08-05T05:47:00Z 1785908820
2026-08-05T05:48:00Z 1785908880
2026-08-05T05:49:00Z 1785908940
2026-08-05T05:50:00Z 1785909000
2026-08-05T05:51:00Z 1785909060
2026-08-05T05:52:00Z 1785909120
2026-08-05T05:53:00Z 1785909180
2026-08-05T05:54:00Z 1785909240
2026-08-05T05:55:00Z 1785909300
2026-08-05T05:56:00Z 1785909360
2026-08-05T05:57:00Z 1785909420
2026-08-05T05:58:00Z 1785909480
2026-08-05T05:59:00Z 1785909540
2026-08-05T06:00:00Z 1785909600
2026-08-05T06:01:00Z 1785909660
2026-08-05T06:02:00Z 1785909720
2026-08-05T06:03:00Z 1785909780
2026-08-05T06:04:00Z 1785909840
2026-08-05T06:05:00Z 1785909900
2026-08-05T06:06:00Z 1785909960
2026-08-05T06:07:00Z 1785910020
2026-08-05T06:08:00Z 1785910080
2026-08-05T06:09:00Z 1785910140
2026-08-05T06:10:00Z 1785910200
2026-08-05T06:11:00Z 1785910260
2026-08-05T06:12:00Z 1785910320
2026-08-05T06:13:00Z 1785910380
2026-08-05T06:14:00Z 1785910440
2026-08-05T06:15:00Z 1785910500
2026-08-05T06:16:00Z 1785910560
2026-08-05T06:17:00Z 1785910620
2026-08-05T06:18:00Z 1785910680
2026-08-05T06:19:00Z 1785910740
2026-08-05T06:20:00Z 1785910800
2026-08-05T06:21:00Z 1785910860
2026-08-05T06:22:00Z 1785910920
2026-08-05T06:23:00Z 1785910980
2026-08-05T06:24:00Z 1785911040
2026-08-05T06:25:00Z 1785911100
2026-08-05T06:26:00Z 1785911160
2026-08-05T06:27:00Z 1785911220
2026-08-05T06:28:00Z 1785911280
2026-08-05T06:29:00Z 1785911340
2026-08-05T06:30:00Z 1785911400
2026-08-05T06:31:00Z 1785911460
2026-08-05T06:32:00Z 1785911520
2026-08-05T06:33:00Z 1785911580
2026-08-05T06:34:00Z 1785911640
2026-08-05T06:35:00Z 1785911700
2026-08-05T06:36:00Z 1785911760
2026-08-05T06:37:00Z 1785911820
2026-08-05T06:38:00Z 1785911880
2026-08-05T06:39:00Z 1785911940
2026-08-05T06:40:00Z 1785912000
2026-08-05T06:41:00Z 1785912060
2026-08-05T06:42:00Z 1785912120
2026-08-05T06:43:00Z 1785912180
2026-08-05T06:44:00Z 1785912240
2026-08-05T06:45:00Z 1785912300
2026-08-05T06:46:00Z 1785912360
2026-08-05T06:47:00Z 1785912420
2026-08-05T06:48:00Z 1785912480
2026-08-05T06:49:00Z 1785912540
2026-08-05T06:50:00Z 1785912600
2026-08-05T06:51:00Z 1785912660
2026-08-05T06:52:00Z 1785912720
2026-08-05T06:53:00Z 1785912780
2026-08-05T06:54:00Z 1785912840
2026-08-05T06:55:00Z 1785912900
2026-08-05T06:56:00Z 1785912960
2026-08-05T06:57:00Z 1785913020
2026-08-05T06:58:00Z 1785913080
2026-08-05T06:59:00Z 1785913140
2026-08-05T07:00:00Z 1785913200
2026-08-05T07:01:00Z 1785913260
2026-08-05T07:02:00Z 1785913320
2026-08-05T07:03:00Z 1785913380
2026-08-05T07:04:00Z 1785913440
2026-08-05T07:05:00Z 1785913500
2026-08-05T07:06:00Z 1785913560
2026-08-05T07:07:00Z 1785913620
2026-08-05T07:08:00Z 1785913680
2026-08-05T07:09:00Z 1785913740
2026-08-05T07:10:00Z 1785913800
2026-08-05T07:11:00Z 1785913860
2026-08-05T07:12:00Z 1785913920
2026-08-05T07:13:00Z 1785913980
2026-08-05T07:14:00Z 1785914040
2026-08-05T07:15:00Z 1785914100
2026-08-05T07:16:00Z 1785914160
2026-08-05T07:17:00Z 1785914220
2026-08-05T07:18:00Z 1785914280
2026-08-05T07:19:00Z 1785914340
2026-08-05T07:20:00Z 1785914400
2026-08-05T07:21:00Z 1785914460
2026-08-05T07:22:00Z 1785914520
2026-08-05T07:23:00Z 1785914580
2026-08-05T07:24:00Z 1785914640
2026-08-05T07:25:00Z 1785914700
2026-08-05T07:26:00Z 1785914760
2026-08-05T07:27:00Z 1785914820
2026-08-05T07:28:00Z 1785914880
2026-08-05T07:29:00Z 1785914940
2026-08-05T07:30:00Z 1785915000
2026-08-05T07:31:00Z 1785915060
2026-08-05T07:32:00Z 1785915120
2026-08-05T07:33:00Z 1785915180
2026-08-05T07:34:00Z 1785915240
2026-08-05T07:35:00Z 1785915300
2026-08-05T07:36:00Z 1785915360
2026-08-05T07:37:00Z 1785915420
2026-08-05T07:38:00Z 1785915480
2026-08-05T07:39:00Z 1785915540
2026-08-05T07:40:00Z 1785915600
2026-08-05T07:41:00Z 1785915660
2026-08-05T07:42:00Z 1785915720
2026-08-05T07:43:00Z 1785915780
2026-08-05T07:44:00Z 1785915840
2026-08-05T07:45:00Z 1785915900
2026-08-05T07:46:00Z 1785915960
2026-08-05T07:47:00Z 1785916020
2026-08-05T07:48:00Z 1785916080
2026-08-05T07:49:00Z 1785916140
2026-08-05T07:50:00Z 1785916200
2026-08-05T07:51:00Z 1785916260
2026-08-05T07:52:00Z 1785916320
2026-08-05T07:53:00Z 1785916380
2026-08-05T07:54:00Z 1785916440
2026-08-05T07:55:00Z 1785916500
2026-08-05T07:56:00Z 1785916560
2026-08-05T07:57:00Z 1785916620
2026-08-05T07:58:00Z 1785916680
2026-08-05T07:59:00Z 1785916740
2026-08-05T08:00:00Z 1785916800
2026-08-05T08:01:00Z 1785916860
2026-08-05T08:02:00Z 1785916920
2026-08-05T08:03:00Z 1785916980
2026-08-05T08:04:00Z 1785917040
2026-08-05T08:05:00Z 1785917100
2026-08-05T08:06:00Z 1785917160
2026-08-05T08:07:00Z 1785917220
2026-08-05T08:08:00Z 1785917280
2026-08-05T08:09:00Z 1785917340
2026-08-05T08:10:00Z 1785917400
2026-08-05T08:11:00Z 1785917460
2026-08-05T08:12:00Z 1785917520
2026-08-05T08:13:00Z 1785917580
2026-08-05T08:14:00Z 1785917640
2026-08-05T08:15:00Z 1785917700
2026-08-05T08:16:00Z 1785917760
2026-08-05T08:17:00Z 1785917820
2026-08-05T08:18:00Z 1785917880
2026-08-05T08:19:00Z 1785917940
2026-08-05T08:20:00Z 1785918000
2026-08-05T08:21:00Z 1785918060
2026-08-05T08:22:00Z 1785918120
2026-08-05T08:23:00Z 1785918180
2026-08-05T08:24:00Z 1785918240
2026-08-05T08:25:00Z 1785918300
2026-08-05T08:26:00Z 1785918360
2026-08-05T08:27:00Z 1785918420
2026-08-05T08:28:00Z 1785918480
2026-08-05T08:29:00Z 1785918540
2026-08-05T08:30:00Z 1785918600
2026-08-05T08:31:00Z 1785918660
2026-08-05T08:32:00Z 1785918720
2026-08-05T08:33:00Z 1785918780
2026-08-05T08:34:00Z 1785918840
2026-08-05T08:35:00Z 1785918900
2026-08-05T08:36:00Z 1785918960
2026-08-05T08:37:00Z 1785919020
2026-08-05T08:38:00Z 1785919080
2026-08-05T08:39:00Z 1785919140
2026-08-05T08:40:00Z 1785919200
2026-08-05T08:41:00Z 1785919260
2026-08-05T08:42:00Z 1785919320
2026-08-05T08:43:00Z 1785919380
2026-08-05T08:44:00Z 1785919440
2026-08-05T08:45:00Z 1785919500
2026-08-05T08:46:00Z 1785919560
2026-08-05T08:47:00Z 1785919620
2026-08-05T08:48:00Z 1785919680
2026-08-05T08:49:00Z 1785919740
2026-08-05T08:50:00Z 1785919800
2026-08-05T08:51:00Z 1785919860
2026-08-05T08:52:00Z 1785919920
2026-08-05T08:53:00Z 1785919980
2026-08-05T08:54:00Z 1785920040
2026-08-05T08:55:00Z 1785920100
2026-08-05T08:56:00Z 1785920160
2026-08-05T08:57:00Z 1785920220
2026-08-05T08:58:00Z 1785920280
2026-08-05T08:59:00Z 1785920340
2026-08-05T09:00:00Z 1785920400
2026-08-05T09:01:00Z 1785920460
2026-08-05T09:02:00Z 1785920520
2026-08-05T09:03:00Z 1785920580
2026-08-05T09:04:00Z 1785920640
2026-08-05T09:05:00Z 1785920700
2026-08-05T09:06:00Z 1785920760
2026-08-05T09:07:00Z 1785920820
2026-08-05T09:08:00Z 1785920880
2026-08-05T09:09:00Z 1785920940
2026-08-05T09:10:00Z 1785921000
2026-08-05T09:11:00Z 1785921060
2026-08-05T09:12:00Z 1785921120
2026-08-05T09:13:00Z 1785921180
2026-08-05T09:14:00Z 1785921240
2026-08-05T09:15:00Z 1785921300
2026-08-05T09:16:00Z 1785921360
2026-08-05T09:17:00Z 1785921420
2026-08-05T09:18:00Z 1785921480
2026-08-05T09:19:00Z 1785921540
2026-08-05T09:20:00Z 1785921600
2026-08-05T09:21:00Z 1785921660
2026-08-05T09:22:00Z 1785921720
2026-08-05T09:23:00Z 1785921780
2026-08-05T09:24:00Z 1785921840
2026-08-05T09:25:00Z 1785921900
2026-08-05T09:26:00Z 1785921960
2026-08-05T09:27:00Z 1785922020
2026-08-05T09:28:00Z 1785922080
2026-08-05T09:29:00Z 1785922140
2026-08-05T09:30:00Z 1785922200
2026-08-05T09:31:00Z 1785922260
2026-08-05T09:32:00Z 1785922320
2026-08-05T09:33:00Z 1785922380
2026-08-05T09:34:00Z 1785922440
2026-08-05T09:35:00Z 1785922500
2026-08-05T09:36:00Z 1785922560
2026-08-05T09:37:00Z 1785922620
2026-08-05T09:38:00Z 1785922680
2026-08-05T09:39:00Z 1785922740
2026-08-05T09:40:00Z 1785922800
2026-08-05T09:41:00Z 1785922860
2026-08-05T09:42:00Z 1785922920
2026-08-05T09:43:00Z 1785922980
2026-08-05T09:44:00Z 1785923040
2026-08-05T09:45:00Z 1785923100
2026-08-05T09:46:00Z 1785923160
2026-08-05T09:47:00Z 1785923220
2026-08-05T09:48:00Z 1785923280
2026-08-05T09:49:00Z 1785923340
2026-08-05T09:50:00Z 1785923400
2026-08-05T09:51:00Z 1785923460
2026-08-05T09:52:00Z 1785923520
2026-08-05T09:53:00Z 1785923580
2026-08-05T09:54:00Z 1785923640
2026-08-05T09:55:00Z 1785923700
2026-08-05T09:56:00Z 1785923760
2026-08-05T09:57:00Z 1785923820
2026-08-05T09:58:00Z 1785923880
2026-08-05T09:59:00Z 1785923940
2026-08-05T10:00:00Z 1785924000
2026-08-05T10:01:00Z 1785924060
2026-08-05T10:02:00Z 1785924120
2026-08-05T10:03:00Z 1785924180
2026-08-05T10:04:00Z 1785924240
2026-08-05T10:05:00Z 1785924300
2026-08-05T10:06:00Z 1785924360
2026-08-05T10:07:00Z 1785924420
2026-08-05T10:08:00Z 1785924480
2026-08-05T10:09:00Z 1785924540
2026-08-05T10:10:00Z 1785924600
2026-08-05T10:11:00Z 1785924660
2026-08-05T10:12:00Z 1785924720
2026-08-05T10:13:00Z 1785924780
2026-08-05T10:14:00Z 1785924840
2026-08-05T10:15:00Z 1785924900
2026-08-05T10:16:00Z 1785924960
2026-08-05T10:17:00Z 1785925020
2026-08-05T10:18:00Z 1785925080
2026-08-05T10:19:00Z 1785925140
2026-08-05T10:20:00Z 1785925200
2026-08-05T10:21:00Z 1785925260
2026-08-05T10:22:00Z 1785925320
2026-08-05T10:23:00Z 1785925380
2026-08-05T10:24:00Z 1785925440
2026-08-05T10:25:00Z 1785925500
2026-08-05T10:26:00Z 1785925560
2026-08-05T10:27:00Z 1785925620
2026-08-05T10:28:00Z 1785925680
2026-08-05T10:29:00Z 1785925740
2026-08-05T10:30:00Z 1785925800
2026-08-05T10:31:00Z 1785925860
2026-08-05T10:32:00Z 1785925920
2026-08-05T10:33:00Z 1785925980
2026-08-05T10:34:00Z 1785926040
2026-08-05T10:35:00Z 1785926100
2026-08-05T10:36:00Z 1785926160
2026-08-05T10:37:00Z 1785926220
2026-08-05T10:38:00Z 1785926280
2026-08-05T10:39:00Z 1785926340
2026-08-05T10:40:00Z 1785926400
2026-08-05T10:41:00Z 1785926460
2026-08-05T10:42:00Z 1785926520
2026-08-05T10:43:00Z 1785926580
2026-08-05T10:44:00Z 1785926640
2026-08-05T10:45:00Z 1785926700
2026-08-05T10:46:00Z 1785926760
2026-08-05T10:47:00Z 1785926820
2026-08-05T10:48:00Z 1785926880
2026-08-05T10:49:00Z 1785926940
2026-08-05T10:50:00Z 1785927000
2026-08-05T10:51:00Z 1785927060
2026-08-05T10:52:00Z 1785927120
2026-08-05T10:53:00Z 1785927180
2026-08-05T10:54:00Z 1785927240
2026-08-05T10:55:00Z 1785927300
2026-08-05T10:56:00Z 1785927360
2026-08-05T10:57:00Z 1785927420
2026-08-05T10:58:00Z 1785927480
2026-08-05T10:59:00Z 1785927540
2026-08-05T11:00:00Z 1785927600
2026-08-05T11:01:00Z 1785927660
2026-08-05T11:02:00Z 1785927720
2026-08-05T11:03:00Z 1785927780
2026-08-05T11:04:00Z 1785927840
2026-08-05T11:05:00Z 1785927900
2026-08-05T11:06:00Z 1785927960
2026-08-05T11:07:00Z 1785928020
2026-08-05T11:08:00Z 1785928080
2026-08-05T11:09:00Z 1785928140
2026-08-05T11:10:00Z 1785928200
2026-08-05T11:11:00Z 1785928260
2026-08-05T11:12:00Z 1785928320
2026-08-05T11:13:00Z 1785928380
2026-08-05T11:14:00Z 1785928440
2026-08-05T11:15:00Z 1785928500
2026-08-05T11:16:00Z 1785928560
2026-08-05T11:17:00Z 1785928620
2026-08-05T11:18:00Z 1785928680
2026-08-05T11:19:00Z 1785928740
2026-08-05T11:20:00Z 1785928800
2026-08-05T11:21:00Z 1785928860
2026-08-05T11:22:00Z 1785928920
2026-08-05T11:23:00Z 1785928980
2026-08-05T11:24:00Z 1785929040
2026-08-05T11:25:00Z 1785929100
2026-08-05T11:26:00Z 1785929160
2026-08-05T11:27:00Z 1785929220
2026-08-05T11:28:00Z 1785929280
2026-08-05T11:29:00Z 1785929340
2026-08-05T11:30:00Z 1785929400
2026-08-05T11:31:00Z 1785929460
2026-08-05T11:32:00Z 1785929520
2026-08-05T11:33:00Z 1785929580
2026-08-05T11:34:00Z 1785929640
2026-08-05T11:35:00Z 1785929700
2026-08-05T11:36:00Z 1785929760
2026-08-05T11:37:00Z 1785929820
2026-08-05T11:38:00Z 1785929880
2026-08-05T11:39:00Z 1785929940
2026-08-05T11:40:00Z 1785930000
2026-08-05T11:41:00Z 1785930060
2026-08-05T11:42:00Z 1785930120
2026-08-05T11:43:00Z 1785930180
2026-08-05T11:44:00Z 1785930240
2026-08-05T11:45:00Z 1785930300
2026-08-05T11:46:00Z 1785930360
2026-08-05T11:47:00Z 1785930420
2026-08-05T11:48:00Z 1785930480
2026-08-05T11:49:00Z 1785930540
2026-08-05T11:50:00Z 1785930600
2026-08-05T11:51:00Z 1785930660
2026-08-05T11:52:00Z 1785930720
2026-08-05T11:53:00Z 1785930780
2026-08-05T11:54:00Z 1785930840
2026-08-05T11:55:00Z 1785930900
2026-08-05T11:56:00Z 1785930960
2026-08-05T11:57:00Z 1785931020
2026-08-05T11:58:00Z 1785931080
2026-08-05T11:59:00Z 1785931140
2026-08-05T12:00:00Z 1785931200
2026-08-05T12:01:00Z 1785931260
2026-08-05T12:02:00Z 1785931320
2026-08-05T12:03:00Z 1785931380
2026-08-05T12:04:00Z 1785931440
2026-08-05T12:05:00Z 1785931500
2026-08-05T12:06:00Z 1785931560
2026-08-05T12:07:00Z 1785931620
2026-08-05T12:08:00Z 1785931680
2026-08-05T12:09:00Z 1785931740
2026-08-05T12:10:00Z 1785931800
2026-08-05T12:11:00Z 1785931860
2026-08-05T12:12:00Z 1785931920
2026-08-05T12:13:00Z 1785931980
2026-08-05T12:14:00Z 1785932040
2026-08-05T12:15:00Z 1785932100
2026-08-05T12:16:00Z 1785932160
2026-08-05T12:17:00Z 1785932220
2026-08-05T12:18:00Z 1785932280
2026-08-05T12:19:00Z 1785932340
2026-08-05T12:20:00Z 1785932400
2026-08-05T12:21:00Z 1785932460
2026-08-05T12:22:00Z 1785932520
2026-08-05T12:23:00Z 1785932580
2026-08-05T12:24:00Z 1785932640
2026-08-05T12:25:00Z 1785932700
2026-08-05T12:26:00Z 1785932760
2026-08-05T12:27:00Z 1785932820
2026-08-05T12:28:00Z 1785932880
2026-08-05T12:29:00Z 1785932940
2026-08-05T12:30:00Z 1785933000
2026-08-05T12:31:00Z 1785933060
2026-08-05T12:32:00Z 1785933120
2026-08-05T12:33:00Z 1785933180
2026-08-05T12:34:00Z 1785933240
2026-08-05T12:35:00Z 1785933300
2026-08-05T12:36:00Z 1785933360
2026-08-05T12:37:00Z 1785933420
2026-08-05T12:38:00Z 1785933480
2026-08-05T12:39:00Z 1785933540
2026-08-05T12:40:00Z 1785933600
2026-08-05T12:41:00Z 1785933660
2026-08-05T12:42:00Z 1785933720
2026-08-05T12:43:00Z 1785933780
2026-08-05T12:44:00Z 1785933840
2026-08-05T12:45:00Z 1785933900
2026-08-05T12:46:00Z 1785933960
2026-08-05T12:47:00Z 1785934020
2026-08-05T12:48:00Z 1785934080
2026-08-05T12:49:00Z 1785934140
2026-08-05T12:50:00Z 1785934200
2026-08-05T12:51:00Z 1785934260
2026-08-05T12:52:00Z 1785934320
2026-08-05T12:53:00Z 1785934380
2026-08-05T12:54:00Z 1785934440
2026-08-05T12:55:00Z 1785934500
2026-08-05T12:56:00Z 1785934560
2026-08-05T12:57:00Z 1785934620
2026-08-05T12:58:00Z 1785934680
2026-08-05T12:59:00Z 1785934740
2026-08-05T13:00:00Z 1785934800
2026-08-05T13:01:00Z 1785934860
2026-08-05T13:02:00Z 1785934920
2026-08-05T13:03:00Z 1785934980
2026-08-05T13:04:00Z 1785935040
2026-08-05T13:05:00Z 1785935100
2026-08-05T13:06:00Z 1785935160
2026-08-05T13:07:00Z 1785935220
2026-08-05T13:08:00Z 1785935280
2026-08-05T13:09:00Z 1785935340
2026-08-05T13:10:00Z 1785935400
2026-08-05T13:11:00Z 1785935460
2026-08-05T13:12:00Z 1785935520
2026-08-05T13:13:00Z 1785935580
2026-08-05T13:14:00Z 1785935640
2026-08-05T13:15:00Z 1785935700
2026-08-05T13:16:00Z 1785935760
2026-08-05T13:17:00Z 1785935820
2026-08-05T13:18:00Z 1785935880
2026-08-05T13:19:00Z 1785935940
2026-08-05T13:20:00Z 1785936000
2026-08-05T13:21:00Z 1785936060
2026-08-05T13:22:00Z 1785936120
2026-08-05T13:23:00Z 1785936180
2026-08-05T13:24:00Z 1785936240
2026-08-05T13:25:00Z 1785936300
2026-08-05T13:26:00Z 1785936360
2026-08-05T13:27:00Z 1785936420
2026-08-05T13:28:00Z 1785936480
2026-08-05T13:29:00Z 1785936540
2026-08-05T13:30:00Z 1785936600
2026-08-05T13:31:00Z 1785936660
2026-08-05T13:32:00Z 1785936720
2026-08-05T13:33:00Z 1785936780
2026-08-05T13:34:00Z 1785936840
2026-08-05T13:35:00Z 1785936900
2026-08-05T13:36:00Z 1785936960
2026-08-05T13:37:00Z 1785937020
2026-08-05T13:38:00Z 1785937080
2026-08-05T13:39:00Z 1785937140
2026-08-05T13:40:00Z 1785937200
2026-08-05T13:41:00Z 1785937260
2026-08-05T13:42:00Z 1785937320
2026-08-05T13:43:00Z 1785937380
2026-08-05T13:44:00Z 1785937440
2026-08-05T13:45:00Z 1785937500
2026-08-05T13:46:00Z 1785937560
2026-08-05T13:47:00Z 1785937620
2026-08-05T13:48:00Z 1785937680
2026-08-05T13:49:00Z 1785937740
2026-08-05T13:50:00Z 1785937800
2026-08-05T13:51:00Z 1785937860
2026-08-05T13:52:00Z 1785937920
2026-08-05T13:53:00Z 1785937980
2026-08-05T13:54:00Z 1785938040
2026-08-05T13:55:00Z 1785938100
2026-08-05T13:56:00Z 1785938160
2026-08-05T13:57:00Z 1785938220
2026-08-05T13:58:00Z 1785938280
2026-08-05T13:59:00Z 1785938340
2026-08-05T14:00:00Z 1785938400
2026-08-05T14:01:00Z 1785938460
2026-08-05T14:02:00Z 1785938520
2026-08-05T14:03:00Z 1785938580
2026-08-05T14:04:00Z 1785938640
2026-08-05T14:05:00Z 1785938700
2026-08-05T14:06:00Z 1785938760
2026-08-05T14:07:00Z 1785938820
2026-08-05T14:08:00Z 1785938880
2026-08-05T14:09:00Z 1785938940
2026-08-05T14:10:00Z 1785939000
2026-08-05T14:11:00Z 1785939060
2026-08-05T14:12:00Z 1785939120
2026-08-05T14:13:00Z 1785939180
2026-08-05T14:14:00Z 1785939240
2026-08-05T14:15:00Z 1785939300
2026-08-05T14:16:00Z 1785939360
2026-08-05T14:17:00Z 1785939420
2026-08-05T14:18:00Z 1785939480
2026-08-05T14:19:00Z 1785939540
2026-08-05T14:20:00Z 1785939600
2026-08-05T14:21:00Z 1785939660
2026-08-05T14:22:00Z 1785939720
2026-08-05T14:23:00Z 1785939780
2026-08-05T14:24:00Z 1785939840
2026-08-05T14:25:00Z 1785939900
2026-08-05T14:26:00Z 1785939960
2026-08-05T14:27:00Z 1785940020
2026-08-05T14:28:00Z 1785940080
2026-08-05T14:29:00Z 1785940140
2026-08-05T14:30:00Z 1785940200
2026-08-05T14:31:00Z 1785940260
2026-08-05T14:32:00Z 1785940320
2026-08-05T14:33:00Z 1785940380
2026-08-05T14:34:00Z 1785940440
2026-08-05T14:35:00Z 1785940500
2026-08-05T14:36:00Z 1785940560
2026-08-05T14:37:00Z 1785940620
2026-08-05T14:38:00Z 1785940680
2026-08-05T14:39:00Z 1785940740
2026-08-05T14:40:00Z 1785940800
2026-08-05T14:41:00Z 1785940860
2026-08-05T14:42:00Z 1785940920
2026-08-05T14:43:00Z 1785940980
2026-08-05T14:44:00Z 1785941040
2026-08-05T14:45:00Z 1785941100
2026-08-05T14:46:00Z 1785941160
2026-08-05T14:47:00Z 1785941220
2026-08-05T14:48:00Z 1785941280
2026-08-05T14:49:00Z 1785941340
2026-08-05T14:50:00Z 1785941400
2026-08-05T14:51:00Z 1785941460
2026-08-05T14:52:00Z 1785941520
2026-08-05T14:53:00Z 1785941580
2026-08-05T14:54:00Z 1785941640
2026-08-05T14:55:00Z 1785941700
2026-08-05T14:56:00Z 1785941760
2026-08-05T14:57:00Z 1785941820
2026-08-05T14:58:00Z 1785941880
2026-08-05T14:59:00Z 1785941940
2026-08-05T15:00:00Z 1785942000
2026-08-05T15:01:00Z 1785942060
2026-08-05T15:02:00Z 1785942120
2026-08-05T15:03:00Z 1785942180
2026-08-05T15:04:00Z 1785942240
2026-08-05T15:05:00Z 1785942300
2026-08-05T15:06:00Z 1785942360
2026-08-05T15:07:00Z 1785942420
2026-08-05T15:08:00Z 1785942480
2026-08-05T15:09:00Z 1785942540
2026-08-05T15:10:00Z 1785942600
2026-08-05T15:11:00Z 1785942660
2026-08-05T15:12:00Z 1785942720
2026-08-05T15:13:00Z 1785942780
2026-08-05T15:14:00Z 1785942840
2026-08-05T15:15:00Z 1785942900
2026-08-05T15:16:00Z 1785942960
2026-08-05T15:17:00Z 1785943020
2026-08-05T15:18:00Z 1785943080
2026-08-05T15:19:00Z 1785943140
2026-08-05T15:20:00Z 1785943200
2026-08-05T15:21:00Z 1785943260
2026-08-05T15:22:00Z 1785943320
2026-08-05T15:23:00Z 1785943380
2026-08-05T15:24:00Z 1785943440
2026-08-05T15:25:00Z 1785943500
2026-08-05T15:26:00Z 1785943560
2026-08-05T15:27:00Z 1785943620
2026-08-05T15:28:00Z 1785943680
2026-08-05T15:29:00Z 1785943740
2026-08-05T15:30:00Z 1785943800
2026-08-05T15:31:00Z 1785943860
2026-08-05T15:32:00Z 1785943920
2026-08-05T15:33:00Z 1785943980
2026-08-05T15:34:00Z 1785944040
2026-08-05T15:35:00Z 1785944100
2026-08-05T15:36:00Z 1785944160
2026-08-05T15:37:00Z 1785944220
2026-08-05T15:38:00Z 1785944280
2026-08-05T15:39:00Z 1785944340
2026-08-05T15:40:00Z 1785944400
2026-08-05T15:41:00Z 1785944460
2026-08-05T15:42:00Z 1785944520
2026-08-05T15:43:00Z 1785944580
2026-08-05T15:44:00Z 1785944640
2026-08-05T15:45:00Z 1785944700
2026-08-05T15:46:00Z 1785944760
2026-08-05T15:47:00Z 1785944820
2026-08-05T15:48:00Z 1785944880
2026-08-05T15:49:00Z 1785944940
2026-08-05T15:50:00Z 1785945000
2026-08-05T15:51:00Z 1785945060
2026-08-05T15:52:00Z 1785945120
2026-08-05T15:53:00Z 1785945180
2026-08-05T15:54:00Z 1785945240
2026-08-05T15:55:00Z 1785945300
2026-08-05T15:56:00Z 1785945360
2026-08-05T15:57:00Z 1785945420
2026-08-05T15:58:00Z 1785945480
2026-08-05T15:59:00Z 1785945540
2026-08-05T16:00:00Z 1785945600
2026-08-05T16:01:00Z 1785945660
2026-08-05T16:02:00Z 1785945720
2026-08-05T16:03:00Z 1785945780
2026-08-05T16:04:00Z 1785945840
2026-08-05T16:05:00Z 1785945900
2026-08-05T16:06:00Z 1785945960
2026-08-05T16:07:00Z 1785946020
2026-08-05T16:08:00Z 1785946080
2026-08-05T16:09:00Z 1785946140
2026-08-05T16:10:00Z 1785946200
2026-08-05T16:11:00Z 1785946260
2026-08-05T16:12:00Z 1785946320
2026-08-05T16:13:00Z 1785946380
2026-08-05T16:14:00Z 1785946440
2026-08-05T16:15:00Z 1785946500
2026-08-05T16:16:00Z 1785946560
2026-08-05T16:17:00Z 1785946620
2026-08-05T16:18:00Z 1785946680
2026-08-05T16:19:00Z 1785946740
2026-08-05T16:20:00Z 1785946800
2026-08-05T16:21:00Z 1785946860
2026-08-05T16:22:00Z 1785946920
2026-08-05T16:23:00Z 1785946980
2026-08-05T16:24:00Z 1785947040
2026-08-05T16:25:00Z 1785947100
2026-08-05T16:26:00Z 1785947160
2026-08-05T16:27:00Z 1785947220
2026-08-05T16:28:00Z 1785947280
2026-08-05T16:29:00Z 1785947340
2026-08-05T16:30:00Z 1785947400
2026-08-05T16:31:00Z 1785947460
2026-08-05T16:32:00Z 1785947520
2026-08-05T16:33:00Z 1785947580
2026-08-05T16:34:00Z 1785947640
2026-08-05T16:35:00Z 1785947700
2026-08-05T16:36:00Z 1785947760
2026-08-05T16:37:00Z 1785947820
2026-08-05T16:38:00Z 1785947880
2026-08-05T16:39:00Z 1785947940
2026-08-05T16:40:00Z 1785948000
2026-08-05T16:41:00Z 1785948060
2026-08-05T16:42:00Z 1785948120
2026-08-05T16:43:00Z 1785948180
2026-08-05T16:44:00Z 1785948240
2026-08-05T16:45:00Z 1785948300
2026-08-05T16:46:00Z 1785948360
2026-08-05T16:47:00Z 1785948420
2026-08-05T16:48:00Z 1785948480
2026-08-05T16:49:00Z 1785948540
2026-08-05T16:50:00Z 1785948600
2026-08-05T16:51:00Z 1785948660
2026-08-05T16:52:00Z 1785948720
2026-08-05T16:53:00Z 1785948780
2026-08-05T16:54:00Z 1785948840
2026-08-05T16:55:00Z 1785948900
2026-08-05T16:56:00Z 1785948960
2026-08-05T16:57:00Z 1785949020
2026-08-05T16:58:00Z 1785949080
2026-08-05T16:59:00Z 1785949140
2026-08-05T17:00:00Z 1785949200
2026-08-05T17:01:00Z 1785949260
2026-08-05T17:02:00Z 1785949320
2026-08-05T17:03:00Z 1785949380
2026-08-05T17:04:00Z 1785949440
2026-08-05T17:05:00Z 1785949500
2026-08-05T17:06:00Z 1785949560
2026-08-05T17:07:00Z 1785949620
2026-08-05T17:08:00Z 1785949680
2026-08-05T17:09:00Z 1785949740
2026-08-05T17:10:00Z 1785949800
2026-08-05T17:11:00Z 1785949860
2026-08-05T17:12:00Z 1785949920
2026-08-05T17:13:00Z 1785949980
2026-08-05T17:14:00Z 1785950040
2026-08-05T17:15:00Z 1785950100
2026-08-05T17:16:00Z 1785950160
2026-08-05T17:17:00Z 1785950220
2026-08-05T17:18:00Z 1785950280
2026-08-05T17:19:00Z 1785950340
2026-08-05T17:20:00Z 1785950400
2026-08-05T17:21:00Z 1785950460
2026-08-05T17:22:00Z 1785950520
2026-08-05T17:23:00Z 1785950580
2026-08-05T17:24:00Z 1785950640
2026-08-05T17:25:00Z 1785950700
2026-08-05T17:26:00Z 1785950760
2026-08-05T17:27:00Z 1785950820
2026-08-05T17:28:00Z 1785950880
2026-08-05T17:29:00Z 1785950940
2026-08-05T17:30:00Z 1785951000
2026-08-05T17:31:00Z 1785951060
2026-08-05T17:32:00Z 1785951120
2026-08-05T17:33:00Z 1785951180
2026-08-05T17:34:00Z 1785951240
2026-08-05T17:35:00Z 1785951300
2026-08-05T17:36:00Z 1785951360
2026-08-05T17:37:00Z 1785951420
2026-08-05T17:38:00Z 1785951480
2026-08-05T17:39:00Z 1785951540
2026-08-05T17:40:00Z 1785951600
2026-08-05T17:41:00Z 1785951660
2026-08-05T17:42:00Z 1785951720
2026-08-05T17:43:00Z 1785951780
2026-08-05T17:44:00Z 1785951840
2026-08-05T17:45:00Z 1785951900
2026-08-05T17:46:00Z 1785951960
2026-08-05T17:47:00Z 1785952020
2026-08-05T17:48:00Z 1785952080
2026-08-05T17:49:00Z 1785952140
2026-08-05T17:50:00Z 1785952200
2026-08-05T17:51:00Z 1785952260
2026-08-05T17:52:00Z 1785952320
2026-08-05T17:53:00Z 1785952380
2026-08-05T17:54:00Z 1785952440
2026-08-05T17:55:00Z 1785952500
2026-08-05T17:56:00Z 1785952560
2026-08-05T17:57:00Z 1785952620
2026-08-05T17:58:00Z 1785952680
2026-08-05T17:59:00Z 1785952740
2026-08-05T18:00:00Z 1785952800
2026-08-05T18:01:00Z 1785952860
2026-08-05T18:02:00Z 1785952920
2026-08-05T18:03:00Z 1785952980
2026-08-05T18:04:00Z 1785953040
2026-08-05T18:05:00Z 1785953100
2026-08-05T18:06:00Z 1785953160
2026-08-05T18:07:00Z 1785953220
2026-08-05T18:08:00Z 1785953280
2026-08-05T18:09:00Z 1785953340
2026-08-05T18:10:00Z 1785953400
2026-08-05T18:11:00Z 1785953460
2026-08-05T18:12:00Z 1785953520
2026-08-05T18:13:00Z 1785953580
2026-08-05T18:14:00Z 1785953640
2026-08-05T18:15:00Z 1785953700
2026-08-05T18:16:00Z 1785953760
2026-08-05T18:17:00Z 1785953820
2026-08-05T18:18:00Z 1785953880
2026-08-05T18:19:00Z 1785953940
2026-08-05T18:20:00Z 1785954000
2026-08-05T18:21:00Z 1785954060
2026-08-05T18:22:00Z 1785954120
2026-08-05T18:23:00Z 1785954180
2026-08-05T18:24:00Z 1785954240
2026-08-05T18:25:00Z 1785954300
2026-08-05T18:26:00Z 1785954360
2026-08-05T18:27:00Z 1785954420
2026-08-05T18:28:00Z 1785954480
2026-08-05T18:29:00Z 1785954540
2026-08-05T18:30:00Z 1785954600
2026-08-05T18:31:00Z 1785954660
2026-08-05T18:32:00Z 1785954720
2026-08-05T18:33:00Z 1785954780
2026-08-05T18:34:00Z 1785954840
2026-08-05T18:35:00Z 1785954900
2026-08-05T18:36:00Z 1785954960
2026-08-05T18:37:00Z 1785955020
2026-08-05T18:38:00Z 1785955080
2026-08-05T18:39:00Z 1785955140
2026-08-05T18:40:00Z 1785955200
2026-08-05T18:41:00Z 1785955260
2026-08-05T18:42:00Z 1785955320
2026-08-05T18:43:00Z 1785955380
2026-08-05T18:44:00Z 1785955440
2026-08-05T18:45:00Z 1785955500
2026-08-05T18:46:00Z 1785955560
2026-08-05T18:47:00Z 1785955620
2026-08-05T18:48:00Z 1785955680
2026-08-05T18:49:00Z 1785955740
2026-08-05T18:50:00Z 1785955800
2026-08-05T18:51:00Z 1785955860
2026-08-05T18:52:00Z 1785955920
2026-08-05T18:53:00Z 1785955980
2026-08-05T18:54:00Z 1785956040
2026-08-05T18:55:00Z 1785956100
2026-08-05T18:56:00Z 1785956160
2026-08-05T18:57:00Z 1785956220
2026-08-05T18:58:00Z 1785956280
2026-08-05T18:59:00Z 1785956340
2026-08-05T19:00:00Z 1785956400
2026-08-05T19:01:00Z 1785956460
2026-08-05T19:02:00Z 1785956520
2026-08-05T19:03:00Z 1785956580
2026-08-05T19:04:00Z 1785956640
2026-08-05T19:05:00Z 1785956700
2026-08-05T19:06:00Z 1785956760
2026-08-05T19:07:00Z 1785956820
2026-08-05T19:08:00Z 1785956880
2026-08-05T19:09:00Z 1785956940
2026-08-05T19:10:00Z 1785957000
2026-08-05T19:11:00Z 1785957060
2026-08-05T19:12:00Z 1785957120
2026-08-05T19:13:00Z 1785957180
2026-08-05T19:14:00Z 1785957240
2026-08-05T19:15:00Z 1785957300
2026-08-05T19:16:00Z 1785957360
2026-08-05T19:17:00Z 1785957420
2026-08-05T19:18:00Z 1785957480
2026-08-05T19:19:00Z 1785957540
2026-08-05T19:20:00Z 1785957600
2026-08-05T19:21:00Z 1785957660
2026-08-05T19:22:00Z 1785957720
2026-08-05T19:23:00Z 1785957780
2026-08-05T19:24:00Z 1785957840
2026-08-05T19:25:00Z 1785957900
2026-08-05T19:26:00Z 1785957960
2026-08-05T19:27:00Z 1785958020
2026-08-05T19:28:00Z 1785958080
2026-08-05T19:29:00Z 1785958140
2026-08-05T19:30:00Z 1785958200
2026-08-05T19:31:00Z 1785958260
2026-08-05T19:32:00Z 1785958320
2026-08-05T19:33:00Z 1785958380
2026-08-05T19:34:00Z 1785958440
2026-08-05T19:35:00Z 1785958500
2026-08-05T19:36:00Z 1785958560
2026-08-05T19:37:00Z 1785958620
2026-08-05T19:38:00Z 1785958680
2026-08-05T19:39:00Z 1785958740
2026-08-05T19:40:00Z 1785958800
2026-08-05T19:41:00Z 1785958860
2026-08-05T19:42:00Z 1785958920
2026-08-05T19:43:00Z 1785958980
2026-08-05T19:44:00Z 1785959040
2026-08-05T19:45:00Z 1785959100
2026-08-05T19:46:00Z 1785959160
2026-08-05T19:47:00Z 1785959220
2026-08-05T19:48:00Z 1785959280
2026-08-05T19:49:00Z 1785959340
2026-08-05T19:50:00Z 1785959400
2026-08-05T19:51:00Z 1785959460
2026-08-05T19:52:00Z 1785959520
2026-08-05T19:53:00Z 1785959580
2026-08-05T19:54:00Z 1785959640
2026-08-05T19:55:00Z 1785959700
2026-08-05T19:56:00Z 1785959760
2026-08-05T19:57:00Z 1785959820
2026-08-05T19:58:00Z 1785959880
2026-08-05T19:59:00Z 1785959940
2026-08-05T20:00:00Z 1785960000
2026-08-05T20:01:00Z 1785960060
2026-08-05T20:02:00Z 1785960120
2026-08-05T20:03:00Z 1785960180
2026-08-05T20:04:00Z 1785960240
2026-08-05T20:05:00Z 1785960300
2026-08-05T20:06:00Z 1785960360
2026-08-05T20:07:00Z 1785960420
2026-08-05T20:08:00Z 1785960480
2026-08-05T20:09:00Z 1785960540
2026-08-05T20:10:00Z 1785960600
2026-08-05T20:11:00Z 1785960660
2026-08-05T20:12:00Z 1785960720
2026-08-05T20:13:00Z 1785960780
2026-08-05T20:14:00Z 1785960840
2026-08-05T20:15:00Z 1785960900
2026-08-05T20:16:00Z 1785960960
2026-08-05T20:17:00Z 1785961020
2026-08-05T20:18:00Z 1785961080
2026-08-05T20:19:00Z 1785961140
2026-08-05T20:20:00Z 1785961200
2026-08-05T20:21:00Z 1785961260
2026-08-05T20:22:00Z 1785961320
2026-08-05T20:23:00Z 1785961380
2026-08-05T20:24:00Z 1785961440
2026-08-05T20:25:00Z 1785961500
2026-08-05T20:26:00Z 1785961560
2026-08-05T20:27:00Z 1785961620
2026-08-05T20:28:00Z 1785961680
2026-08-05T20:29:00Z 1785961740
2026-08-05T20:30:00Z 1785961800
2026-08-05T20:31:00Z 1785961860
2026-08-05T20:32:00Z 1785961920
2026-08-05T20:33:00Z 1785961980
2026-08-05T20:34:00Z 1785962040
2026-08-05T20:35:00Z 1785962100
2026-08-05T20:36:00Z 1785962160
2026-08-05T20:37:00Z 1785962220
2026-08-05T20:38:00Z 1785962280
2026-08-05T20:39:00Z 1785962340
2026-08-05T20:40:00Z 1785962400
2026-08-05T20:41:00Z 1785962460
2026-08-05T20:42:00Z 1785962520
2026-08-05T20:43:00Z 1785962580
2026-08-05T20:44:00Z 1785962640
2026-08-05T20:45:00Z 1785962700
2026-08-05T20:46:00Z 1785962760
2026-08-05T20:47:00Z 1785962820
2026-08-05T20:48:00Z 1785962880
2026-08-05T20:49:00Z 1785962940
2026-08-05T20:50:00Z 1785963000
2026-08-05T20:51:00Z 1785963060
2026-08-05T20:52:00Z 1785963120
2026-08-05T20:53:00Z 1785963180
2026-08-05T20:54:00Z 1785963240
2026-08-05T20:55:00Z 1785963300
2026-08-05T20:56:00Z 1785963360
2026-08-05T20:57:00Z 1785963420
2026-08-05T20:58:00Z 1785963480
2026-08-05T20:59:00Z 1785963540
2026-08-05T21:00:00Z 1785963600
2026-08-05T21:01:00Z 1785963660
2026-08-05T21:02:00Z 1785963720
2026-08-05T21:03:00Z 1785963780
2026-08-05T21:04:00Z 1785963840
2026-08-05T21:05:00Z 1785963900
2026-08-05T21:06:00Z 1785963960
2026-08-05T21:07:00Z 1785964020
2026-08-05T21:08:00Z 1785964080
2026-08-05T21:09:00Z 1785964140
2026-08-05T21:10:00Z 1785964200
2026-08-05T21:11:00Z 1785964260
2026-08-05T21:12:00Z 1785964320
2026-08-05T21:13:00Z 1785964380
2026-08-05T21:14:00Z 1785964440
2026-08-05T21:15:00Z 1785964500
2026-08-05T21:16:00Z 1785964560
2026-08-05T21:17:00Z 1785964620
2026-08-05T21:18:00Z 1785964680
2026-08-05T21:19:00Z 1785964740
2026-08-05T21:20:00Z 1785964800
2026-08-05T21:21:00Z 1785964860
2026-08-05T21:22:00Z 1785964920
2026-08-05T21:23:00Z 1785964980
2026-08-05T21:24:00Z 1785965040
2026-08-05T21:25:00Z 1785965100
2026-08-05T21:26:00Z 1785965160
2026-08-05T21:27:00Z 1785965220
2026-08-05T21:28:00Z 1785965280
2026-08-05T21:29:00Z 1785965340
2026-08-05T21:30:00Z 1785965400
2026-08-05T21:31:00Z 1785965460
2026-08-05T21:32:00Z 1785965520
2026-08-05T21:33:00Z 1785965580
2026-08-05T21:34:00Z 1785965640
2026-08-05T21:35:00Z 1785965700
2026-08-05T21:36:00Z 1785965760
2026-08-05T21:37:00Z 1785965820
2026-08-05T21:38:00Z 1785965880
2026-08-05T21:39:00Z 1785965940
2026-08-05T21:40:00Z 1785966000
2026-08-05T21:41:00Z 1785966060
2026-08-05T21:42:00Z 1785966120
2026-08-05T21:43:00Z 1785966180
2026-08-05T21:44:00Z 1785966240
2026-08-05T21:45:00Z 1785966300
2026-08-05T21:46:00Z 1785966360
2026-08-05T21:47:00Z 1785966420
2026-08-05T21:48:00Z 1785966480
2026-08-05T21:49:00Z 1785966540
2026-08-05T21:50:00Z 1785966600
2026-08-05T21:51:00Z 1785966660
2026-08-05T21:52:00Z 1785966720
2026-08-05T21:53:00Z 1785966780
2026-08-05T21:54:00Z 1785966840
2026-08-05T21:55:00Z 1785966900
2026-08-05T21:56:00Z 1785966960
2026-08-05T21:57:00Z 1785967020
2026-08-05T21:58:00Z 1785967080
2026-08-05T21:59:00Z 1785967140
2026-08-05T22:00:00Z 1785967200
2026-08-05T22:01:00Z 1785967260
2026-08-05T22:02:00Z 1785967320
2026-08-05T22:03:00Z 1785967380
2026-08-05T22:04:00Z 1785967440
2026-08-05T22:05:00Z 1785967500
2026-08-05T22:06:00Z 1785967560
2026-08-05T22:07:00Z 1785967620
2026-08-05T22:08:00Z 1785967680
2026-08-05T22:09:00Z 1785967740
2026-08-05T22:10:00Z 1785967800
2026-08-05T22:11:00Z 1785967860
2026-08-05T22:12:00Z 1785967920
2026-08-05T22:13:00Z 1785967980
2026-08-05T22:14:00Z 1785968040
2026-08-05T22:15:00Z 1785968100
2026-08-05T22:16:00Z 1785968160
2026-08-05T22:17:00Z 1785968220
2026-08-05T22:18:00Z 1785968280
2026-08-05T22:19:00Z 1785968340
2026-08-05T22:20:00Z 1785968400
2026-08-05T22:21:00Z 1785968460
2026-08-05T22:22:00Z 1785968520
2026-08-05T22:23:00Z 1785968580
2026-08-05T22:24:00Z 1785968640
2026-08-05T22:25:00Z 1785968700
2026-08-05T22:26:00Z 1785968760
2026-08-05T22:27:00Z 1785968820
2026-08-05T22:28:00Z 1785968880
2026-08-05T22:29:00Z 1785968940
2026-08-05T22:30:00Z 1785969000
2026-08-05T22:31:00Z 1785969060
2026-08-05T22:32:00Z 1785969120
2026-08-05T22:33:00Z 1785969180
2026-08-05T22:34:00Z 1785969240
2026-08-05T22:35:00Z 1785969300
2026-08-05T22:36:00Z 1785969360
2026-08-05T22:37:00Z 1785969420
2026-08-05T22:38:00Z 1785969480
2026-08-05T22:39:00Z 1785969540
2026-08-05T22:40:00Z 1785969600
2026-08-05T22:41:00Z 1785969660
2026-08-05T22:42:00Z 1785969720
2026-08-05T22:43:00Z 1785969780
2026-08-05T22:44:00Z 1785969840
2026-08-05T22:45:00Z 1785969900
2026-08-05T22:46:00Z 1785969960
2026-08-05T22:47:00Z 1785970020
2026-08-05T22:48:00Z 1785970080
2026-08-05T22:49:00Z 1785970140
2026-08-05T22:50:00Z 1785970200
2026-08-05T22:51:00Z 1785970260
2026-08-05T22:52:00Z 1785970320
2026-08-05T22:53:00Z 1785970380
2026-08-05T22:54:00Z 1785970440
2026-08-05T22:55:00Z 1785970500
2026-08-05T22:56:00Z 1785970560
2026-08-05T22:57:00Z 1785970620
2026-08-05T22:58:00Z 1785970680
2026-08-05T22:59:00Z 1785970740
2026-08-05T23:00:00Z 1785970800
2026-08-05T23:01:00Z 1785970860
2026-08-05T23:02:00Z 1785970920
2026-08-05T23:03:00Z 1785970980
2026-08-05T23:04:00Z 1785971040
2026-08-05T23:05:00Z 1785971100
2026-08-05T23:06:00Z 1785971160
2026-08-05T23:07:00Z 1785971220
2026-08-05T23:08:00Z 1785971280
2026-08-05T23:09:00Z 1785971340
2026-08-05T23:10:00Z 1785971400
2026-08-05T23:11:00Z 1785971460
2026-08-05T23:12:00Z 1785971520
2026-08-05T23:13:00Z 1785971580
2026-08-05T23:14:00Z 1785971640
2026-08-05T23:15:00Z 1785971700
2026-08-05T23:16:00Z 1785971760
2026-08-05T23:17:00Z 1785971820
2026-08-05T23:18:00Z 1785971880
2026-08-05T23:19:00Z 1785971940
2026-08-05T23:20:00Z 1785972000
2026-08-05T23:21:00Z 1785972060
2026-08-05T23:22:00Z 1785972120
2026-08-05T23:23:00Z 1785972180
2026-08-05T23:24:00Z 1785972240
2026-08-05T23:25:00Z 1785972300
2026-08-05T23:26:00Z 1785972360
2026-08-05T23:27:00Z 1785972420
2026-08-05T23:28:00Z 1785972480
2026-08-05T23:29:00Z 1785972540
2026-08-05T23:30:00Z 1785972600
2026-08-05T23:31:00Z 1785972660
2026-08-05T23:32:00Z 1785972720
2026-08-05T23:33:00Z 1785972780
2026-08-05T23:34:00Z 1785972840
2026-08-05T23:35:00Z 1785972900
2026-08-05T23:36:00Z 1785972960
2026-08-05T23:37:00Z 1785973020
2026-08-05T23:38:00Z 1785973080
2026-08-05T23:39:00Z 1785973140
2026-08-05T23:40:00Z 1785973200
2026-08-05T23:41:00Z 1785973260
2026-08-05T23:42:00Z 1785973320
2026-08-05T23:43:00Z 1785973380
2026-08-05T23:44:00Z 1785973440
2026-08-05T23:45:00Z 1785973500
2026-08-05T23:46:00Z 1785973560
2026-08-05T23:47:00Z 1785973620
2026-08-05T23:48:00Z 1785973680
2026-08-05T23:49:00Z 1785973740
2026-08-05T23:50:00Z 1785973800
2026-08-05T23:51:00Z 1785973860
2026-08-05T23:52:00Z 1785973920
2026-08-05T23:53:00Z 1785973980
2026-08-05T23:54:00Z 1785974040
2026-08-05T23:55:00Z 1785974100
2026-08-05T23:56:00Z 1785974160
2026-08-05T23:57:00Z 1785974220
2026-08-05T23:58:00Z 1785974280
2026-08-05T23:59:00Z 1785974340
2026-08-06T00:00:00Z 1785974400
2026-08-06T00:01:00Z 1785974460
2026-08-06T00:02:00Z 1785974520
2026-08-06T00:03:00Z 1785974580
2026-08-06T00:04:00Z 1785974640
2026-08-06T00:05:00Z 1785974700
2026-08-06T00:06:00Z 1785974760
2026-08-06T00:07:00Z 1785974820
2026-08-06T00:08:00Z 1785974880
2026-08-06T00:09:00Z 1785974940
2026-08-06T00:10:00Z 1785975000
2026-08-06T00:11:00Z 1785975060
2026-08-06T00:12:00Z 1785975120
2026-08-06T00:13:00Z 1785975180
2026-08-06T00:14:00Z 1785975240
2026-08-06T00:15:00Z 1785975300
2026-08-06T00:16:00Z 1785975360
2026-08-06T00:17:00Z 1785975420
2026-08-06T00:18:00Z 1785975480
2026-08-06T00:19:00Z 1785975540
2026-08-06T00:20:00Z 1785975600
2026-08-06T00:21:00Z 1785975660
2026-08-06T00:22:00Z 1785975720
2026-08-06T00:23:00Z 1785975780
2026-08-06T00:24:00Z 1785975840
2026-08-06T00:25:00Z 1785975900
2026-08-06T00:26:00Z 1785975960
2026-08-06T00:27:00Z 1785976020
2026-08-06T00:28:00Z 1785976080
2026-08-06T00:29:00Z 1785976140
2026-08-06T00:30:00Z 1785976200
2026-08-06T00:31:00Z 1785976260
2026-08-06T00:32:00Z 1785976320
2026-08-06T00:33:00Z 1785976380
2026-08-06T00:34:00Z 1785976440
2026-08-06T00:35:00Z 1785976500
2026-08-06T00:36:00Z 1785976560
2026-08-06T00:37:00Z 1785976620
2026-08-06T00:38:00Z 1785976680
2026-08-06T00:39:00Z 1785976740
2026-08-06T00:40:00Z 1785976800
2026-08-06T00:41:00Z 1785976860
2026-08-06T00:42:00Z 1785976920
2026-08-06T00:43:00Z 1785976980
2026-08-06T00:44:00Z 1785977040
2026-08-06T00:45:00Z 1785977100
2026-08-06T00:46:00Z 1785977160
2026-08-06T00:47:00Z 1785977220
2026-08-06T00:48:00Z 1785977280
2026-08-06T00:49:00Z 1785977340
2026-08-06T00:50:00Z 1785977400
2026-08-06T00:51:00Z 1785977460
2026-08-06T00:52:00Z 1785977520
2026-08-06T00:53:00Z 1785977580
2026-08-06T00:54:00Z 1785977640
2026-08-06T00:55:00Z 1785977700
2026-08-06T00:56:00Z 1785977760
2026-08-06T00:57:00Z 1785977820
2026-08-06T00:58:00Z 1785977880
2026-08-06T00:59:00Z 1785977940
2026-08-06T01:00:00Z 1785978000
2026-08-06T01:01:00Z 1785978060
2026-08-06T01:02:00Z 1785978120
2026-08-06T01:03:00Z 1785978180
2026-08-06T01:04:00Z 1785978240
2026-08-06T01:05:00Z 1785978300
2026-08-06T01:06:00Z 1785978360
2026-08-06T01:07:00Z 1785978420
2026-08-06T01:08:00Z 1785978480
2026-08-06T01:09:00Z 1785978540
2026-08-06T01:10:00Z 1785978600
2026-08-06T01:11:00Z 1785978660
2026-08-06T01:12:00Z 1785978720
2026-08-06T01:13:00Z 1785978780
2026-08-06T01:14:00Z 1785978840
2026-08-06T01:15:00Z 1785978900
2026-08-06T01:16:00Z 1785978960
2026-08-06T01:17:00Z 1785979020
2026-08-06T01:18:00Z 1785979080
2026-08-06T01:19:00Z 1785979140
2026-08-06T01:20:00Z 1785979200
2026-08-06T01:21:00Z 1785979260
2026-08-06T01:22:00Z 1785979320
2026-08-06T01:23:00Z 1785979380
2026-08-06T01:24:00Z 1785979440
2026-08-06T01:25:00Z 1785979500
2026-08-06T01:26:00Z 1785979560
2026-08-06T01:27:00Z 1785979620
2026-08-06T01:28:00Z 1785979680
2026-08-06T01:29:00Z 1785979740
2026-08-06T01:30:00Z 1785979800
2026-08-06T01:31:00Z 1785979860
2026-08-06T01:32:00Z 1785979920
2026-08-06T01:33:00Z 1785979980
2026-08-06T01:34:00Z 1785980040
2026-08-06T01:35:00Z 1785980100
2026-08-06T01:36:00Z 1785980160
2026-08-06T01:37:00Z 1785980220
2026-08-06T01:38:00Z 1785980280
2026-08-06T01:39:00Z 1785980340
2026-08-06T01:40:00Z 1785980400
2026-08-06T01:41:00Z 1785980460
2026-08-06T01:42:00Z 1785980520
2026-08-06T01:43:00Z 1785980580
2026-08-06T01:44:00Z 1785980640
2026-08-06T01:45:00Z 1785980700
2026-08-06T01:46:00Z 1785980760
2026-08-06T01:47:00Z 1785980820
2026-08-06T01:48:00Z 1785980880
2026-08-06T01:49:00Z 1785980940
2026-08-06T01:50:00Z 1785981000
2026-08-06T01:51:00Z 1785981060
2026-08-06T01:52:00Z 1785981120
2026-08-06T01:53:00Z 1785981180
2026-08-06T01:54:00Z 1785981240
2026-08-06T01:55:00Z 1785981300
2026-08-06T01:56:00Z 1785981360
2026-08-06T01:57:00Z 1785981420
2026-08-06T01:58:00Z 1785981480
2026-08-06T01:59:00Z 1785981540
2026-08-06T02:00:00Z 1785981600
2026-08-06T02:01:00Z 1785981660
2026-08-06T02:02:00Z 1785981720
2026-08-06T02:03:00Z 1785981780
2026-08-06T02:04:00Z 1785981840
2026-08-06T02:05:00Z 1785981900
2026-08-06T02:06:00Z 1785981960
2026-08-06T02:07:00Z 1785982020
2026-08-06T02:08:00Z 1785982080
2026-08-06T02:09:00Z 1785982140
2026-08-06T02:10:00Z 1785982200
2026-08-06T02:11:00Z 1785982260
2026-08-06T02:12:00Z 1785982320
2026-08-06T02:13:00Z 1785982380
2026-08-06T02:14:00Z 1785982440
2026-08-06T02:15:00Z 1785982500
2026-08-06T02:16:00Z 1785982560
2026-08-06T02:17:00Z 1785982620
2026-08-06T02:18:00Z 1785982680
2026-08-06T02:19:00Z 1785982740
2026-08-06T02:20:00Z 1785982800
2026-08-06T02:21:00Z 1785982860
2026-08-06T02:22:00Z 1785982920
2026-08-06T02:23:00Z 1785982980
2026-08-06T02:24:00Z 1785983040
2026-08-06T02:25:00Z 1785983100
2026-08-06T02:26:00Z 1785983160
2026-08-06T02:27:00Z 1785983220
2026-08-06T02:28:00Z 1785983280
2026-08-06T02:29:00Z 1785983340
2026-08-06T02:30:00Z 1785983400
2026-08-06T02:31:00Z 1785983460
2026-08-06T02:32:00Z 1785983520
2026-08-06T02:33:00Z 1785983580
2026-08-06T02:34:00Z 1785983640
2026-08-06T02:35:00Z 1785983700
2026-08-06T02:36:00Z 1785983760
2026-08-06T02:37:00Z 1785983820
2026-08-06T02:38:00Z 1785983880
2026-08-06T02:39:00Z 1785983940
2026-08-06T02:40:00Z 1785984000
2026-08-06T02:41:00Z 1785984060
2026-08-06T02:42:00Z 1785984120
2026-08-06T02:43:00Z 1785984180
2026-08-06T02:44:00Z 1785984240
2026-08-06T02:45:00Z 1785984300
2026-08-06T02:46:00Z 1785984360
2026-08-06T02:47:00Z 1785984420
2026-08-06T02:48:00Z 1785984480
2026-08-06T02:49:00Z 1785984540
2026-08-06T02:50:00Z 1785984600
2026-08-06T02:51:00Z 1785984660
2026-08-06T02:52:00Z 1785984720
2026-08-06T02:53:00Z 1785984780
2026-08-06T02:54:00Z 1785984840
2026-08-06T02:55:00Z 1785984900
2026-08-06T02:56:00Z 1785984960
2026-08-06T02:57:00Z 1785985020
2026-08-06T02:58:00Z 1785985080
2026-08-06T02:59:00Z 1785985140
2026-08-06T03:00:00Z 1785985200
2026-08-06T03:01:00Z 1785985260
2026-08-06T03:02:00Z 1785985320
2026-08-06T03:03:00Z 1785985380
2026-08-06T03:04:00Z 1785985440
2026-08-06T03:05:00Z 1785985500
2026-08-06T03:06:00Z 1785985560
2026-08-06T03:07:00Z 1785985620
2026-08-06T03:08:00Z 1785985680
2026-08-06T03:09:00Z 1785985740
2026-08-06T03:10:00Z 1785985800
2026-08-06T03:11:00Z 1785985860
2026-08-06T03:12:00Z 1785985920
2026-08-06T03:13:00Z 1785985980
2026-08-06T03:14:00Z 1785986040
2026-08-06T03:15:00Z 1785986100
2026-08-06T03:16:00Z 1785986160
2026-08-06T03:17:00Z 1785986220
2026-08-06T03:18:00Z 1785986280
2026-08-06T03:19:00Z 1785986340
2026-08-06T03:20:00Z 1785986400
2026-08-06T03:21:00Z 1785986460
2026-08-06T03:22:00Z 1785986520
2026-08-06T03:23:00Z 1785986580
2026-08-06T03:24:00Z 1785986640
2026-08-06T03:25:00Z 1785986700
2026-08-06T03:26:00Z 1785986760
2026-08-06T03:27:00Z 1785986820
2026-08-06T03:28:00Z 1785986880
2026-08-06T03:29:00Z 1785986940
2026-08-06T03:30:00Z 1785987000
2026-08-06T03:31:00Z 1785987060
2026-08-06T03:32:00Z 1785987120
2026-08-06T03:33:00Z 1785987180
2026-08-06T03:34:00Z 1785987240
2026-08-06T03:35:00Z 1785987300
2026-08-06T03:36:00Z 1785987360
2026-08-06T03:37:00Z 1785987420
2026-08-06T03:38:00Z 1785987480
2026-08-06T03:39:00Z 1785987540
2026-08-06T03:40:00Z 1785987600
2026-08-06T03:41:00Z 1785987660
2026-08-06T03:42:00Z 1785987720
2026-08-06T03:43:00Z 1785987780
2026-08-06T03:44:00Z 1785987840
2026-08-06T03:45:00Z 1785987900
2026-08-06T03:46:00Z 1785987960
2026-08-06T03:47:00Z 1785988020
2026-08-06T03:48:00Z 1785988080
2026-08-06T03:49:00Z 1785988140
2026-08-06T03:50:00Z 1785988200
2026-08-06T03:51:00Z 1785988260
2026-08-06T03:52:00Z 1785988320
2026-08-06T03:53:00Z 1785988380
2026-08-06T03:54:00Z 1785988440
2026-08-06T03:55:00Z 1785988500
2026-08-06T03:56:00Z 1785988560
2026-08-06T03:57:00Z 1785988620
2026-08-06T03:58:00Z 1785988680
2026-08-06T03:59:00Z 1785988740
2026-08-06T04:00:00Z 1785988800
2026-08-06T04:01:00Z 1785988860
2026-08-06T04:02:00Z 1785988920
2026-08-06T04:03:00Z 1785988980
2026-08-06T04:04:00Z 1785989040
2026-08-06T04:05:00Z 1785989100
2026-08-06T04:06:00Z 1785989160
2026-08-06T04:07:00Z 1785989220
2026-08-06T04:08:00Z 1785989280
2026-08-06T04:09:00Z 1785989340
2026-08-06T04:10:00Z 1785989400
2026-08-06T04:11:00Z 1785989460
2026-08-06T04:12:00Z 1785989520
2026-08-06T04:13:00Z 1785989580
2026-08-06T04:14:00Z 1785989640
2026-08-06T04:15:00Z 1785989700
2026-08-06T04:16:00Z 1785989760
2026-08-06T04:17:00Z 1785989820
2026-08-06T04:18:00Z 1785989880
2026-08-06T04:19:00Z 1785989940
2026-08-06T04:20:00Z 1785990000
2026-08-06T04:21:00Z 1785990060
2026-08-06T04:22:00Z 1785990120
2026-08-06T04:23:00Z 1785990180
2026-08-06T04:24:00Z 1785990240
2026-08-06T04:25:00Z 1785990300
2026-08-06T04:26:00Z 1785990360
2026-08-06T04:27:00Z 1785990420
2026-08-06T04:28:00Z 1785990480
2026-08-06T04:29:00Z 1785990540
2026-08-06T04:30:00Z 1785990600
2026-08-06T04:31:00Z 1785990660
2026-08-06T04:32:00Z 1785990720
2026-08-06T04:33:00Z 1785990780
2026-08-06T04:34:00Z 1785990840
2026-08-06T04:35:00Z 1785990900
2026-08-06T04:36:00Z 1785990960
2026-08-06T04:37:00Z 1785991020
2026-08-06T04:38:00Z 1785991080
2026-08-06T04:39:00Z 1785991140
2026-08-06T04:40:00Z 1785991200
2026-08-06T04:41:00Z 1785991260
2026-08-06T04:42:00Z 1785991320
2026-08-06T04:43:00Z 1785991380
2026-08-06T04:44:00Z 1785991440
2026-08-06T04:45:00Z 1785991500
2026-08-06T04:46:00Z 1785991560
2026-08-06T04:47:00Z 1785991620
2026-08-06T04:48:00Z 1785991680
2026-08-06T04:49:00Z 1785991740
2026-08-06T04:50:00Z 1785991800
2026-08-06T04:51:00Z 1785991860
2026-08-06T04:52:00Z 1785991920
2026-08-06T04:53:00Z 1785991980
2026-08-06T04:54:00Z 1785992040
2026-08-06T04:55:00Z 1785992100
2026-08-06T04:56:00Z 1785992160
2026-08-06T04:57:00Z 1785992220
2026-08-06T04:58:00Z 1785992280
2026-08-06T04:59:00Z 1785992340
2026-08-06T05:00:00Z 1785992400
2026-08-06T05:01:00Z 1785992460
2026-08-06T05:02:00Z 1785992520
2026-08-06T05:03:00Z 1785992580
2026-08-06T05:04:00Z 1785992640
2026-08-06T05:05:00Z 1785992700
2026-08-06T05:06:00Z 1785992760
2026-08-06T05:07:00Z 1785992820
2026-08-06T05:08:00Z 1785992880
2026-08-06T05:09:00Z 1785992940
2026-08-06T05:10:00Z 1785993000
2026-08-06T05:11:00Z 1785993060
2026-08-06T05:12:00Z 1785993120
2026-08-06T05:13:00Z 1785993180
2026-08-06T05:14:00Z 1785993240
2026-08-06T05:15:00Z 1785993300
2026-08-06T05:16:00Z 1785993360
2026-08-06T05:17:00Z 1785993420
2026-08-06T05:18:00Z 1785993480
2026-08-06T05:19:00Z 1785993540
2026-08-06T05:20:00Z 1785993600
2026-08-06T05:21:00Z 1785993660
2026-08-06T05:22:00Z 1785993720
2026-08-06T05:23:00Z 1785993780
2026-08-06T05:24:00Z 1785993840
2026-08-06T05:25:00Z 1785993900
2026-08-06T05:26:00Z 1785993960
2026-08-06T05:27:00Z 1785994020
2026-08-06T05:28:00Z 1785994080
2026-08-06T05:29:00Z 1785994140
2026-08-06T05:30:00Z 1785994200
2026-08-06T05:31:00Z 1785994260
2026-08-06T05:32:00Z 1785994320
2026-08-06T05:33:00Z 1785994380
2026-08-06T05:34:00Z 1785994440
2026-08-06T05:35:00Z 1785994500
2026-08-06T05:36:00Z 1785994560
2026-08-06T05:37:00Z 1785994620
2026-08-06T05:38:00Z 1785994680
2026-08-06T05:39:00Z 1785994740
2026-08-06T05:40:00Z 1785994800
2026-08-06T05:41:00Z 1785994860
2026-08-06T05:42:00Z 1785994920
2026-08-06T05:43:00Z 1785994980
2026-08-06T05:44:00Z 1785995040
2026-08-06T05:45:00Z 1785995100
2026-08-06T05:46:00Z 1785995160
2026-08-06T05:47:00Z 1785995220
2026-08-06T05:48:00Z 1785995280
2026-08-06T05:49:00Z 1785995340
2026-08-06T05:50:00Z 1785995400
2026-08-06T05:51:00Z 1785995460
2026-08-06T05:52:00Z 1785995520
2026-08-06T05:53:00Z 1785995580
2026-08-06T05:54:00Z 1785995640
2026-08-06T05:55:00Z 1785995700
2026-08-06T05:56:00Z 1785995760
2026-08-06T05:57:00Z 1785995820
2026-08-06T05:58:00Z 1785995880
2026-08-06T05:59:00Z 1785995940
2026-08-06T06:00:00Z 1785996000
2026-08-06T06:01:00Z 1785996060
2026-08-06T06:02:00Z 1785996120
2026-08-06T06:03:00Z 1785996180
2026-08-06T06:04:00Z 1785996240
2026-08-06T06:05:00Z 1785996300
2026-08-06T06:06:00Z 1785996360
2026-08-06T06:07:00Z 1785996420
2026-08-06T06:08:00Z 1785996480
2026-08-06T06:09:00Z 1785996540
2026-08-06T06:10:00Z 1785996600
2026-08-06T06:11:00Z 1785996660
2026-08-06T06:12:00Z 1785996720
2026-08-06T06:13:00Z 1785996780
2026-08-06T06:14:00Z 1785996840
2026-08-06T06:15:00Z 1785996900
2026-08-06T06:16:00Z 1785996960
2026-08-06T06:17:00Z 1785997020
2026-08-06T06:18:00Z 1785997080
2026-08-06T06:19:00Z 1785997140
2026-08-06T06:20:00Z 1785997200
2026-08-06T06:21:00Z 1785997260
2026-08-06T06:22:00Z 1785997320
2026-08-06T06:23:00Z 1785997380
2026-08-06T06:24:00Z 1785997440
2026-08-06T06:25:00Z 1785997500
2026-08-06T06:26:00Z 1785997560
2026-08-06T06:27:00Z 1785997620
2026-08-06T06:28:00Z 1785997680
2026-08-06T06:29:00Z 1785997740
2026-08-06T06:30:00Z 1785997800
2026-08-06T06:31:00Z 1785997860
2026-08-06T06:32:00Z 1785997920
2026-08-06T06:33:00Z 1785997980
2026-08-06T06:34:00Z 1785998040
2026-08-06T06:35:00Z 1785998100
2026-08-06T06:36:00Z 1785998160
2026-08-06T06:37:00Z 1785998220
2026-08-06T06:38:00Z 1785998280
2026-08-06T06:39:00Z 1785998340
2026-08-06T06:40:00Z 1785998400
2026-08-06T06:41:00Z 1785998460
2026-08-06T06:42:00Z 1785998520
2026-08-06T06:43:00Z 1785998580
2026-08-06T06:44:00Z 1785998640
2026-08-06T06:45:00Z 1785998700
2026-08-06T06:46:00Z 1785998760
2026-08-06T06:47:00Z 1785998820
2026-08-06T06:48:00Z 1785998880
2026-08-06T06:49:00Z 1785998940
2026-08-06T06:50:00Z 1785999000
2026-08-06T06:51:00Z 1785999060
2026-08-06T06:52:00Z 1785999120
2026-08-06T06:53:00Z 1785999180
2026-08-06T06:54:00Z 1785999240
2026-08-06T06:55:00Z 1785999300
2026-08-06T06:56:00Z 1785999360
2026-08-06T06:57:00Z 1785999420
2026-08-06T06:58:00Z 1785999480
2026-08-06T06:59:00Z 1785999540
2026-08-06T07:00:00Z 1785999600
2026-08-06T07:01:00Z 1785999660
2026-08-06T07:02:00Z 1785999720
2026-08-06T07:03:00Z 1785999780
2026-08-06T07:04:00Z 1785999840
2026-08-06T07:05:00Z 1785999900
2026-08-06T07:06:00Z 1785999960
2026-08-06T07:07:00Z 1786000020
2026-08-06T07:08:00Z 1786000080
2026-08-06T07:09:00Z 1786000140
2026-08-06T07:10:00Z 1786000200
2026-08-06T07:11:00Z 1786000260
2026-08-06T07:12:00Z 1786000320
2026-08-06T07:13:00Z 1786000380
2026-08-06T07:14:00Z 1786000440
2026-08-06T07:15:00Z 1786000500
2026-08-06T07:16:00Z 1786000560
2026-08-06T07:17:00Z 1786000620
2026-08-06T07:18:00Z 1786000680
2026-08-06T07:19:00Z 1786000740
2026-08-06T07:20:00Z 1786000800
2026-08-06T07:21:00Z 1786000860
2026-08-06T07:22:00Z 1786000920
2026-08-06T07:23:00Z 1786000980
2026-08-06T07:24:00Z 1786001040
2026-08-06T07:25:00Z 1786001100
2026-08-06T07:26:00Z 1786001160
2026-08-06T07:27:00Z 1786001220
2026-08-06T07:28:00Z 1786001280
2026-08-06T07:29:00Z 1786001340
2026-08-06T07:30:00Z 1786001400
2026-08-06T07:31:00Z 1786001460
2026-08-06T07:32:00Z 1786001520
2026-08-06T07:33:00Z 1786001580
2026-08-06T07:34:00Z 1786001640
2026-08-06T07:35:00Z 1786001700
2026-08-06T07:36:00Z 1786001760
2026-08-06T07:37:00Z 1786001820
2026-08-06T07:38:00Z 1786001880
2026-08-06T07:39:00Z 1786001940
2026-08-06T07:40:00Z 1786002000
2026-08-06T07:41:00Z 1786002060
2026-08-06T07:42:00Z 1786002120
2026-08-06T07:43:00Z 1786002180
2026-08-06T07:44:00Z 1786002240
2026-08-06T07:45:00Z 1786002300
2026-08-06T07:46:00Z 1786002360
2026-08-06T07:47:00Z 1786002420
2026-08-06T07:48:00Z 1786002480
2026-08-06T07:49:00Z 1786002540
2026-08-06T07:50:00Z 1786002600
2026-08-06T07:51:00Z 1786002660
2026-08-06T07:52:00Z 1786002720
2026-08-06T07:53:00Z 1786002780
2026-08-06T07:54:00Z 1786002840
2026-08-06T07:55:00Z 1786002900
2026-08-06T07:56:00Z 1786002960
2026-08-06T07:57:00Z 1786003020
2026-08-06T07:58:00Z 1786003080
2026-08-06T07:59:00Z 1786003140
2026-08-06T08:00:00Z 1786003200
2026-08-06T08:01:00Z 1786003260
2026-08-06T08:02:00Z 1786003320
2026-08-06T08:03:00Z 1786003380
2026-08-06T08:04:00Z 1786003440
2026-08-06T08:05:00Z 1786003500
2026-08-06T08:06:00Z 1786003560
2026-08-06T08:07:00Z 1786003620
2026-08-06T08:08:00Z 1786003680
2026-08-06T08:09:00Z 1786003740
2026-08-06T08:10:00Z 1786003800
2026-08-06T08:11:00Z 1786003860
2026-08-06T08:12:00Z 1786003920
2026-08-06T08:13:00Z 1786003980
2026-08-06T08:14:00Z 1786004040
2026-08-06T08:15:00Z 1786004100
2026-08-06T08:16:00Z 1786004160
2026-08-06T08:17:00Z 1786004220
2026-08-06T08:18:00Z 1786004280
2026-08-06T08:19:00Z 1786004340
2026-08-06T08:20:00Z 1786004400
2026-08-06T08:21:00Z 1786004460
2026-08-06T08:22:00Z 1786004520
2026-08-06T08:23:00Z 1786004580
2026-08-06T08:24:00Z 1786004640
2026-08-06T08:25:00Z 1786004700
2026-08-06T08:26:00Z 1786004760
2026-08-06T08:27:00Z 1786004820
2026-08-06T08:28:00Z 1786004880
2026-08-06T08:29:00Z 1786004940
2026-08-06T08:30:00Z 1786005000
2026-08-06T08:31:00Z 1786005060
2026-08-06T08:32:00Z 1786005120
2026-08-06T08:33:00Z 1786005180
2026-08-06T08:34:00Z 1786005240
2026-08-06T08:35:00Z 1786005300
2026-08-06T08:36:00Z 1786005360
2026-08-06T08:37:00Z 1786005420
2026-08-06T08:38:00Z 1786005480
2026-08-06T08:39:00Z 1786005540
2026-08-06T08:40:00Z 1786005600
2026-08-06T08:41:00Z 1786005660
2026-08-06T08:42:00Z 1786005720
2026-08-06T08:43:00Z 1786005780
2026-08-06T08:44:00Z 1786005840
2026-08-06T08:45:00Z 1786005900
2026-08-06T08:46:00Z 1786005960
2026-08-06T08:47:00Z 1786006020
2026-08-06T08:48:00Z 1786006080
2026-08-06T08:49:00Z 1786006140
2026-08-06T08:50:00Z 1786006200
2026-08-06T08:51:00Z 1786006260
2026-08-06T08:52:00Z 1786006320
2026-08-06T08:53:00Z 1786006380
2026-08-06T08:54:00Z 1786006440
2026-08-06T08:55:00Z 1786006500
2026-08-06T08:56:00Z 1786006560
2026-08-06T08:57:00Z 1786006620
2026-08-06T08:58:00Z 1786006680
2026-08-06T08:59:00Z 1786006740
2026-08-06T09:00:00Z 1786006800
2026-08-06T09:01:00Z 1786006860
2026-08-06T09:02:00Z 1786006920
2026-08-06T09:03:00Z 1786006980
2026-08-06T09:04:00Z 1786007040
2026-08-06T09:05:00Z 1786007100
2026-08-06T09:06:00Z 1786007160
2026-08-06T09:07:00Z 1786007220
2026-08-06T09:08:00Z 1786007280
2026-08-06T09:09:00Z 1786007340
2026-08-06T09:10:00Z 1786007400
2026-08-06T09:11:00Z 1786007460
2026-08-06T09:12:00Z 1786007520
2026-08-06T09:13:00Z 1786007580
2026-08-06T09:14:00Z 1786007640
2026-08-06T09:15:00Z 1786007700
2026-08-06T09:16:00Z 1786007760
2026-08-06T09:17:00Z 1786007820
2026-08-06T09:18:00Z 1786007880
2026-08-06T09:19:00Z 1786007940
2026-08-06T09:20:00Z 1786008000
2026-08-06T09:21:00Z 1786008060
2026-08-06T09:22:00Z 1786008120
2026-08-06T09:23:00Z 1786008180
2026-08-06T09:24:00Z 1786008240
2026-08-06T09:25:00Z 1786008300
2026-08-06T09:26:00Z 1786008360
2026-08-06T09:27:00Z 1786008420
2026-08-06T09:28:00Z 1786008480
2026-08-06T09:29:00Z 1786008540
2026-08-06T09:30:00Z 1786008600
2026-08-06T09:31:00Z 1786008660
2026-08-06T09:32:00Z 1786008720
2026-08-06T09:33:00Z 1786008780
2026-08-06T09:34:00Z 1786008840
2026-08-06T09:35:00Z 1786008900
2026-08-06T09:36:00Z 1786008960
2026-08-06T09:37:00Z 1786009020
2026-08-06T09:38:00Z 1786009080
2026-08-06T09:39:00Z 1786009140
2026-08-06T09:40:00Z 1786009200
2026-08-06T09:41:00Z 1786009260
2026-08-06T09:42:00Z 1786009320
2026-08-06T09:43:00Z 1786009380
2026-08-06T09:44:00Z 1786009440
2026-08-06T09:45:00Z 1786009500
2026-08-06T09:46:00Z 1786009560
2026-08-06T09:47:00Z 1786009620
2026-08-06T09:48:00Z 1786009680
2026-08-06T09:49:00Z 1786009740
2026-08-06T09:50:00Z 1786009800
2026-08-06T09:51:00Z 1786009860
2026-08-06T09:52:00Z 1786009920
2026-08-06T09:53:00Z 1786009980
2026-08-06T09:54:00Z 1786010040
2026-08-06T09:55:00Z 1786010100
2026-08-06T09:56:00Z 1786010160
2026-08-06T09:57:00Z 1786010220
2026-08-06T09:58:00Z 1786010280
2026-08-06T09:59:00Z 1786010340
2026-08-06T10:00:00Z 1786010400
2026-08-06T10:01:00Z 1786010460
2026-08-06T10:02:00Z 1786010520
2026-08-06T10:03:00Z 1786010580
2026-08-06T10:04:00Z 1786010640
2026-08-06T10:05:00Z 1786010700
2026-08-06T10:06:00Z 1786010760
2026-08-06T10:07:00Z 1786010820
2026-08-06T10:08:00Z 1786010880
2026-08-06T10:09:00Z 1786010940
2026-08-06T10:10:00Z 1786011000
2026-08-06T10:11:00Z 1786011060
2026-08-06T10:12:00Z 1786011120
2026-08-06T10:13:00Z 1786011180
2026-08-06T10:14:00Z 1786011240
2026-08-06T10:15:00Z 1786011300
2026-08-06T10:16:00Z 1786011360
2026-08-06T10:17:00Z 1786011420
2026-08-06T10:18:00Z 1786011480
2026-08-06T10:19:00Z 1786011540
2026-08-06T10:20:00Z 1786011600
2026-08-06T10:21:00Z 1786011660
2026-08-06T10:22:00Z 1786011720
2026-08-06T10:23:00Z 1786011780
2026-08-06T10:24:00Z 1786011840
2026-08-06T10:25:00Z 1786011900
2026-08-06T10:26:00Z 1786011960
2026-08-06T10:27:00Z 1786012020
2026-08-06T10:28:00Z 1786012080
2026-08-06T10:29:00Z 1786012140
2026-08-06T10:30:00Z 1786012200
2026-08-06T10:31:00Z 1786012260
2026-08-06T10:32:00Z 1786012320
2026-08-06T10:33:00Z 1786012380
2026-08-06T10:34:00Z 1786012440
2026-08-06T10:35:00Z 1786012500
2026-08-06T10:36:00Z 1786012560
2026-08-06T10:37:00Z 1786012620
2026-08-06T10:38:00Z 1786012680
2026-08-06T10:39:00Z 1786012740
2026-08-06T10:40:00Z 1786012800
2026-08-06T10:41:00Z 1786012860
2026-08-06T10:42:00Z 1786012920
2026-08-06T10:43:00Z 1786012980
2026-08-06T10:44:00Z 1786013040
2026-08-06T10:45:00Z 1786013100
2026-08-06T10:46:00Z 1786013160
2026-08-06T10:47:00Z 1786013220
2026-08-06T10:48:00Z 1786013280
2026-08-06T10:49:00Z 1786013340
2026-08-06T10:50:00Z 1786013400
2026-08-06T10:51:00Z 1786013460
2026-08-06T10:52:00Z 1786013520
2026-08-06T10:53:00Z 1786013580
2026-08-06T10:54:00Z 1786013640
2026-08-06T10:55:00Z 1786013700
2026-08-06T10:56:00Z 1786013760
2026-08-06T10:57:00Z 1786013820
2026-08-06T10:58:00Z 1786013880
2026-08-06T10:59:00Z 1786013940
2026-08-06T11:00:00Z 1786014000
2026-08-06T11:01:00Z 1786014060
2026-08-06T11:02:00Z 1786014120
2026-08-06T11:03:00Z 1786014180
2026-08-06T11:04:00Z 1786014240
2026-08-06T11:05:00Z 1786014300
2026-08-06T11:06:00Z 1786014360
2026-08-06T11:07:00Z 1786014420
2026-08-06T11:08:00Z 1786014480
2026-08-06T11:09:00Z 1786014540
2026-08-06T11:10:00Z 1786014600
2026-08-06T11:11:00Z 1786014660
2026-08-06T11:12:00Z 1786014720
2026-08-06T11:13:00Z 1786014780
2026-08-06T11:14:00Z 1786014840
2026-08-06T11:15:00Z 1786014900
2026-08-06T11:16:00Z 1786014960
2026-08-06T11:17:00Z 1786015020
2026-08-06T11:18:00Z 1786015080
2026-08-06T11:19:00Z 1786015140
2026-08-06T11:20:00Z 1786015200
2026-08-06T11:21:00Z 1786015260
2026-08-06T11:22:00Z 1786015320
2026-08-06T11:23:00Z 1786015380
2026-08-06T11:24:00Z 1786015440
2026-08-06T11:25:00Z 1786015500
2026-08-06T11:26:00Z 1786015560
2026-08-06T11:27:00Z 1786015620
2026-08-06T11:28:00Z 1786015680
2026-08-06T11:29:00Z 1786015740
2026-08-06T11:30:00Z 1786015800
2026-08-06T11:31:00Z 1786015860
2026-08-06T11:32:00Z 1786015920
2026-08-06T11:33:00Z 1786015980
2026-08-06T11:34:00Z 1786016040
2026-08-06T11:35:00Z 1786016100
2026-08-06T11:36:00Z 1786016160
2026-08-06T11:37:00Z 1786016220
2026-08-06T11:38:00Z 1786016280
2026-08-06T11:39:00Z 1786016340
2026-08-06T11:40:00Z 1786016400
2026-08-06T11:41:00Z 1786016460
2026-08-06T11:42:00Z 1786016520
2026-08-06T11:43:00Z 1786016580
2026-08-06T11:44:00Z 1786016640
2026-08-06T11:45:00Z 1786016700
2026-08-06T11:46:00Z 1786016760
2026-08-06T11:47:00Z 1786016820
2026-08-06T11:48:00Z 1786016880
2026-08-06T11:49:00Z 1786016940
2026-08-06T11:50:00Z 1786017000
2026-08-06T11:51:00Z 1786017060
2026-08-06T11:52:00Z 1786017120
2026-08-06T11:53:00Z 1786017180
2026-08-06T11:54:00Z 1786017240
2026-08-06T11:55:00Z 1786017300
2026-08-06T11:56:00Z 1786017360
2026-08-06T11:57:00Z 1786017420
2026-08-06T11:58:00Z 1786017480
2026-08-06T11:59:00Z 1786017540
2026-08-06T12:00:00Z 1786017600
2026-08-06T12:01:00Z 1786017660
2026-08-06T12:02:00Z 1786017720
2026-08-06T12:03:00Z 1786017780
2026-08-06T12:04:00Z 1786017840
2026-08-06T12:05:00Z 1786017900
2026-08-06T12:06:00Z 1786017960
2026-08-06T12:07:00Z 1786018020
2026-08-06T12:08:00Z 1786018080
2026-08-06T12:09:00Z 1786018140
2026-08-06T12:10:00Z 1786018200
2026-08-06T12:11:00Z 1786018260
2026-08-06T12:12:00Z 1786018320
2026-08-06T12:13:00Z 1786018380
2026-08-06T12:14:00Z 1786018440
2026-08-06T12:15:00Z 1786018500
2026-08-06T12:16:00Z 1786018560
2026-08-06T12:17:00Z 1786018620
2026-08-06T12:18:00Z 1786018680
2026-08-06T12:19:00Z 1786018740
2026-08-06T12:20:00Z 1786018800
2026-08-06T12:21:00Z 1786018860
2026-08-06T12:22:00Z 1786018920
2026-08-06T12:23:00Z 1786018980
2026-08-06T12:24:00Z 1786019040
2026-08-06T12:25:00Z 1786019100
2026-08-06T12:26:00Z 1786019160
2026-08-06T12:27:00Z 1786019220
2026-08-06T12:28:00Z 1786019280
2026-08-06T12:29:00Z 1786019340
2026-08-06T12:30:00Z 1786019400
2026-08-06T12:31:00Z 1786019460
2026-08-06T12:32:00Z 1786019520
2026-08-06T12:33:00Z 1786019580
2026-08-06T12:34:00Z 1786019640
2026-08-06T12:35:00Z 1786019700
2026-08-06T12:36:00Z 1786019760
2026-08-06T12:37:00Z 1786019820
2026-08-06T12:38:00Z 1786019880
2026-08-06T12:39:00Z 1786019940
2026-08-06T12:40:00Z 1786020000
2026-08-06T12:41:00Z 1786020060
2026-08-06T12:42:00Z 1786020120
2026-08-06T12:43:00Z 1786020180
2026-08-06T12:44:00Z 1786020240
2026-08-06T12:45:00Z 1786020300
2026-08-06T12:46:00Z 1786020360
2026-08-06T12:47:00Z 1786020420
2026-08-06T12:48:00Z 1786020480
2026-08-06T12:49:00Z 1786020540
2026-08-06T12:50:00Z 1786020600
2026-08-06T12:51:00Z 1786020660
2026-08-06T12:52:00Z 1786020720
2026-08-06T12:53:00Z 1786020780
2026-08-06T12:54:00Z 1786020840
2026-08-06T12:55:00Z 1786020900
2026-08-06T12:56:00Z 1786020960
2026-08-06T12:57:00Z 1786021020
2026-08-06T12:58:00Z 1786021080
2026-08-06T12:59:00Z 1786021140
2026-08-06T13:00:00Z 1786021200
2026-08-06T13:01:00Z 1786021260
2026-08-06T13:02:00Z 1786021320
2026-08-06T13:03:00Z 1786021380
2026-08-06T13:04:00Z 1786021440
2026-08-06T13:05:00Z 1786021500
2026-08-06T13:06:00Z 1786021560
2026-08-06T13:07:00Z 1786021620
2026-08-06T13:08:00Z 1786021680
2026-08-06T13:09:00Z 1786021740
2026-08-06T13:10:00Z 1786021800
2026-08-06T13:11:00Z 1786021860
2026-08-06T13:12:00Z 1786021920
2026-08-06T13:13:00Z 1786021980
2026-08-06T13:14:00Z 1786022040
2026-08-06T13:15:00Z 1786022100
2026-08-06T13:16:00Z 1786022160
2026-08-06T13:17:00Z 1786022220
2026-08-06T13:18:00Z 1786022280
2026-08-06T13:19:00Z 1786022340
2026-08-06T13:20:00Z 1786022400
2026-08-06T13:21:00Z 1786022460
2026-08-06T13:22:00Z 1786022520
2026-08-06T13:23:00Z 1786022580
2026-08-06T13:24:00Z 1786022640
2026-08-06T13:25:00Z 1786022700
2026-08-06T13:26:00Z 1786022760
2026-08-06T13:27:00Z 1786022820
2026-08-06T13:28:00Z 1786022880
2026-08-06T13:29:00Z 1786022940
2026-08-06T13:30:00Z 1786023000
2026-08-06T13:31:00Z 1786023060
2026-08-06T13:32:00Z 1786023120
2026-08-06T13:33:00Z 1786023180
2026-08-06T13:34:00Z 1786023240
2026-08-06T13:35:00Z 1786023300
2026-08-06T13:36:00Z 1786023360
2026-08-06T13:37:00Z 1786023420
2026-08-06T13:38:00Z 1786023480
2026-08-06T13:39:00Z 1786023540
2026-08-06T13:40:00Z 1786023600
2026-08-06T13:41:00Z 1786023660
2026-08-06T13:42:00Z 1786023720
2026-08-06T13:43:00Z 1786023780
2026-08-06T13:44:00Z 1786023840
2026-08-06T13:45:00Z 1786023900
2026-08-06T13:46:00Z 1786023960
2026-08-06T13:47:00Z 1786024020
2026-08-06T13:48:00Z 1786024080
2026-08-06T13:49:00Z 1786024140
2026-08-06T13:50:00Z 1786024200
2026-08-06T13:51:00Z 1786024260
2026-08-06T13:52:00Z 1786024320
2026-08-06T13:53:00Z 1786024380
2026-08-06T13:54:00Z 1786024440
2026-08-06T13:55:00Z 1786024500
2026-08-06T13:56:00Z 1786024560
2026-08-06T13:57:00Z 1786024620
2026-08-06T13:58:00Z 1786024680
2026-08-06T13:59:00Z 1786024740
2026-08-06T14:00:00Z 1786024800
2026-08-06T14:01:00Z 1786024860
2026-08-06T14:02:00Z 1786024920
2026-08-06T14:03:00Z 1786024980
2026-08-06T14:04:00Z 1786025040
2026-08-06T14:05:00Z 1786025100
2026-08-06T14:06:00Z 1786025160
2026-08-06T14:07:00Z 1786025220
2026-08-06T14:08:00Z 1786025280
2026-08-06T14:09:00Z 1786025340
2026-08-06T14:10:00Z 1786025400
2026-08-06T14:11:00Z 1786025460
2026-08-06T14:12:00Z 1786025520
2026-08-06T14:13:00Z 1786025580
2026-08-06T14:14:00Z 1786025640
2026-08-06T14:15:00Z 1786025700
2026-08-06T14:16:00Z 1786025760
2026-08-06T14:17:00Z 1786025820
2026-08-06T14:18:00Z 1786025880
2026-08-06T14:19:00Z 1786025940
2026-08-06T14:20:00Z 1786026000
2026-08-06T14:21:00Z 1786026060
2026-08-06T14:22:00Z 1786026120
2026-08-06T14:23:00Z 1786026180
2026-08-06T14:24:00Z 1786026240
2026-08-06T14:25:00Z 1786026300
2026-08-06T14:26:00Z 1786026360
2026-08-06T14:27:00Z 1786026420
2026-08-06T14:28:00Z 1786026480
2026-08-06T14:29:00Z 1786026540
2026-08-06T14:30:00Z 1786026600
2026-08-06T14:31:00Z 1786026660
2026-08-06T14:32:00Z 1786026720
2026-08-06T14:33:00Z 1786026780
2026-08-06T14:34:00Z 1786026840
2026-08-06T14:35:00Z 1786026900
2026-08-06T14:36:00Z 1786026960
2026-08-06T14:37:00Z 1786027020
2026-08-06T14:38:00Z 1786027080
2026-08-06T14:39:00Z 1786027140
2026-08-06T14:40:00Z 1786027200
2026-08-06T14:41:00Z 1786027260
2026-08-06T14:42:00Z 1786027320
2026-08-06T14:43:00Z 1786027380
2026-08-06T14:44:00Z 1786027440
2026-08-06T14:45:00Z 1786027500
2026-08-06T14:46:00Z 1786027560
2026-08-06T14:47:00Z 1786027620
2026-08-06T14:48:00Z 1786027680
2026-08-06T14:49:00Z 1786027740
2026-08-06T14:50:00Z 1786027800
2026-08-06T14:51:00Z 1786027860
2026-08-06T14:52:00Z 1786027920
2026-08-06T14:53:00Z 1786027980
2026-08-06T14:54:00Z 1786028040
2026-08-06T14:55:00Z 1786028100
2026-08-06T14:56:00Z 1786028160
2026-08-06T14:57:00Z 1786028220
2026-08-06T14:58:00Z 1786028280
2026-08-06T14:59:00Z 1786028340
2026-08-06T15:00:00Z 1786028400
2026-08-06T15:01:00Z 1786028460
2026-08-06T15:02:00Z 1786028520
2026-08-06T15:03:00Z 1786028580
2026-08-06T15:04:00Z 1786028640
2026-08-06T15:05:00Z 1786028700
2026-08-06T15:06:00Z 1786028760
2026-08-06T15:07:00Z 1786028820
2026-08-06T15:08:00Z 1786028880
2026-08-06T15:09:00Z 1786028940
2026-08-06T15:10:00Z 1786029000
2026-08-06T15:11:00Z 1786029060
2026-08-06T15:12:00Z 1786029120
2026-08-06T15:13:00Z 1786029180
2026-08-06T15:14:00Z 1786029240
2026-08-06T15:15:00Z 1786029300
2026-08-06T15:16:00Z 1786029360
2026-08-06T15:17:00Z 1786029420
2026-08-06T15:18:00Z 1786029480
2026-08-06T15:19:00Z 1786029540
2026-08-06T15:20:00Z 1786029600
2026-08-06T15:21:00Z 1786029660
2026-08-06T15:22:00Z 1786029720
2026-08-06T15:23:00Z 1786029780
2026-08-06T15:24:00Z 1786029840
2026-08-06T15:25:00Z 1786029900
2026-08-06T15:26:00Z 1786029960
2026-08-06T15:27:00Z 1786030020
2026-08-06T15:28:00Z 1786030080
2026-08-06T15:29:00Z 1786030140
2026-08-06T15:30:00Z 1786030200
2026-08-06T15:31:00Z 1786030260
2026-08-06T15:32:00Z 1786030320
2026-08-06T15:33:00Z 1786030380
2026-08-06T15:34:00Z 1786030440
2026-08-06T15:35:00Z 1786030500
2026-08-06T15:36:00Z 1786030560
2026-08-06T15:37:00Z 1786030620
2026-08-06T15:38:00Z 1786030680
2026-08-06T15:39:00Z 1786030740
2026-08-06T15:40:00Z 1786030800
2026-08-06T15:41:00Z 1786030860
2026-08-06T15:42:00Z 1786030920
2026-08-06T15:43:00Z 1786030980
2026-08-06T15:44:00Z 1786031040
2026-08-06T15:45:00Z 1786031100
2026-08-06T15:46:00Z 1786031160
2026-08-06T15:47:00Z 1786031220
2026-08-06T15:48:00Z 1786031280
2026-08-06T15:49:00Z 1786031340
2026-08-06T15:50:00Z 1786031400
2026-08-06T15:51:00Z 1786031460
2026-08-06T15:52:00Z 1786031520
2026-08-06T15:53:00Z 1786031580
2026-08-06T15:54:00Z 1786031640
2026-08-06T15:55:00Z 1786031700
2026-08-06T15:56:00Z 1786031760
2026-08-06T15:57:00Z 1786031820
2026-08-06T15:58:00Z 1786031880
2026-08-06T15:59:00Z 1786031940
2026-08-06T16:00:00Z 1786032000
2026-08-06T16:01:00Z 1786032060
2026-08-06T16:02:00Z 1786032120
2026-08-06T16:03:00Z 1786032180
2026-08-06T16:04:00Z 1786032240
2026-08-06T16:05:00Z 1786032300
2026-08-06T16:06:00Z 1786032360
2026-08-06T16:07:00Z 1786032420
2026-08-06T16:08:00Z 1786032480
2026-08-06T16:09:00Z 1786032540
2026-08-06T16:10:00Z 1786032600
2026-08-06T16:11:00Z 1786032660
2026-08-06T16:12:00Z 1786032720
2026-08-06T16:13:00Z 1786032780
2026-08-06T16:14:00Z 1786032840
2026-08-06T16:15:00Z 1786032900
2026-08-06T16:16:00Z 1786032960
2026-08-06T16:17:00Z 1786033020
2026-08-06T16:18:00Z 1786033080
2026-08-06T16:19:00Z 1786033140
2026-08-06T16:20:00Z 1786033200
2026-08-06T16:21:00Z 1786033260
2026-08-06T16:22:00Z 1786033320
2026-08-06T16:23:00Z 1786033380
2026-08-06T16:24:00Z 1786033440
2026-08-06T16:25:00Z 1786033500
2026-08-06T16:26:00Z 1786033560
2026-08-06T16:27:00Z 1786033620
2026-08-06T16:28:00Z 1786033680
2026-08-06T16:29:00Z 1786033740
2026-08-06T16:30:00Z 1786033800
2026-08-06T16:31:00Z 1786033860
2026-08-06T16:32:00Z 1786033920
2026-08-06T16:33:00Z 1786033980
2026-08-06T16:34:00Z 1786034040
2026-08-06T16:35:00Z 1786034100
2026-08-06T16:36:00Z 1786034160
2026-08-06T16:37:00Z 1786034220
2026-08-06T16:38:00Z 1786034280
2026-08-06T16:39:00Z 1786034340
2026-08-06T16:40:00Z 1786034400
2026-08-06T16:41:00Z 1786034460
2026-08-06T16:42:00Z 1786034520
2026-08-06T16:43:00Z 1786034580
2026-08-06T16:44:00Z 1786034640
2026-08-06T16:45:00Z 1786034700
2026-08-06T16:46:00Z 1786034760
2026-08-06T16:47:00Z 1786034820
2026-08-06T16:48:00Z 1786034880
2026-08-06T16:49:00Z 1786034940
2026-08-06T16:50:00Z 1786035000
2026-08-06T16:51:00Z 1786035060
2026-08-06T16:52:00Z 1786035120
2026-08-06T16:53:00Z 1786035180
2026-08-06T16:54:00Z 1786035240
2026-08-06T16:55:00Z 1786035300
2026-08-06T16:56:00Z 1786035360
2026-08-06T16:57:00Z 1786035420
2026-08-06T16:58:00Z 1786035480
2026-08-06T16:59:00Z 1786035540
2026-08-06T17:00:00Z 1786035600
2026-08-06T17:01:00Z 1786035660
2026-08-06T17:02:00Z 1786035720
2026-08-06T17:03:00Z 1786035780
2026-08-06T17:04:00Z 1786035840
2026-08-06T17:05:00Z 1786035900
2026-08-06T17:06:00Z 1786035960
2026-08-06T17:07:00Z 1786036020
2026-08-06T17:08:00Z 1786036080
2026-08-06T17:09:00Z 1786036140
2026-08-06T17:10:00Z 1786036200
2026-08-06T17:11:00Z 1786036260
2026-08-06T17:12:00Z 1786036320
2026-08-06T17:13:00Z 1786036380
2026-08-06T17:14:00Z 1786036440
2026-08-06T17:15:00Z 1786036500
2026-08-06T17:16:00Z 1786036560
2026-08-06T17:17:00Z 1786036620
2026-08-06T17:18:00Z 1786036680
2026-08-06T17:19:00Z 1786036740
2026-08-06T17:20:00Z 1786036800
2026-08-06T17:21:00Z 1786036860
2026-08-06T17:22:00Z 1786036920
2026-08-06T17:23:00Z 1786036980
2026-08-06T17:24:00Z 1786037040
2026-08-06T17:25:00Z 1786037100
2026-08-06T17:26:00Z 1786037160
2026-08-06T17:27:00Z 1786037220
2026-08-06T17:28:00Z 1786037280
2026-08-06T17:29:00Z 1786037340
2026-08-06T17:30:00Z 1786037400
2026-08-06T17:31:00Z 1786037460
2026-08-06T17:32:00Z 1786037520
2026-08-06T17:33:00Z 1786037580
2026-08-06T17:34:00Z 1786037640
2026-08-06T17:35:00Z 1786037700
2026-08-06T17:36:00Z 1786037760
2026-08-06T17:37:00Z 1786037820
2026-08-06T17:38:00Z 1786037880
2026-08-06T17:39:00Z 1786037940
2026-08-06T17:40:00Z 1786038000
2026-08-06T17:41:00Z 1786038060
2026-08-06T17:42:00Z 1786038120
2026-08-06T17:43:00Z 1786038180
2026-08-06T17:44:00Z 1786038240
2026-08-06T17:45:00Z 1786038300
2026-08-06T17:46:00Z 1786038360
2026-08-06T17:47:00Z 1786038420
2026-08-06T17:48:00Z 1786038480
2026-08-06T17:49:00Z 1786038540
2026-08-06T17:50:00Z 1786038600
2026-08-06T17:51:00Z 1786038660
2026-08-06T17:52:00Z 1786038720
2026-08-06T17:53:00Z 1786038780
2026-08-06T17:54:00Z 1786038840
2026-08-06T17:55:00Z 1786038900
2026-08-06T17:56:00Z 1786038960
2026-08-06T17:57:00Z 1786039020
2026-08-06T17:58:00Z 1786039080
2026-08-06T17:59:00Z 1786039140
2026-08-06T18:00:00Z 1786039200
2026-08-06T18:01:00Z 1786039260
2026-08-06T18:02:00Z 1786039320
2026-08-06T18:03:00Z 1786039380
2026-08-06T18:04:00Z 1786039440
2026-08-06T18:05:00Z 1786039500
2026-08-06T18:06:00Z 1786039560
2026-08-06T18:07:00Z 1786039620
2026-08-06T18:08:00Z 1786039680
2026-08-06T18:09:00Z 1786039740
2026-08-06T18:10:00Z 1786039800
2026-08-06T18:11:00Z 1786039860
2026-08-06T18:12:00Z 1786039920
2026-08-06T18:13:00Z 1786039980
2026-08-06T18:14:00Z 1786040040
2026-08-06T18:15:00Z 1786040100
2026-08-06T18:16:00Z 1786040160
2026-08-06T18:17:00Z 1786040220
2026-08-06T18:18:00Z 1786040280
2026-08-06T18:19:00Z 1786040340
2026-08-06T18:20:00Z 1786040400
2026-08-06T18:21:00Z 1786040460
2026-08-06T18:22:00Z 1786040520
2026-08-06T18:23:00Z 1786040580
2026-08-06T18:24:00Z 1786040640
2026-08-06T18:25:00Z 1786040700
2026-08-06T18:26:00Z 1786040760
2026-08-06T18:27:00Z 1786040820
2026-08-06T18:28:00Z 1786040880
2026-08-06T18:29:00Z 1786040940
2026-08-06T18:30:00Z 1786041000
2026-08-06T18:31:00Z 1786041060
2026-08-06T18:32:00Z 1786041120
2026-08-06T18:33:00Z 1786041180
2026-08-06T18:34:00Z 1786041240
2026-08-06T18:35:00Z 1786041300
2026-08-06T18:36:00Z 1786041360
2026-08-06T18:37:00Z 1786041420
2026-08-06T18:38:00Z 1786041480
2026-08-06T18:39:00Z 1786041540
2026-08-06T18:40:00Z 1786041600
2026-08-06T18:41:00Z 1786041660
2026-08-06T18:42:00Z 1786041720
2026-08-06T18:43:00Z 1786041780
2026-08-06T18:44:00Z 1786041840
2026-08-06T18:45:00Z 1786041900
2026-08-06T18:46:00Z 1786041960
2026-08-06T18:47:00Z 1786042020
2026-08-06T18:48:00Z 1786042080
2026-08-06T18:49:00Z 1786042140
2026-08-06T18:50:00Z 1786042200
2026-08-06T18:51:00Z 1786042260
2026-08-06T18:52:00Z 1786042320
2026-08-06T18:53:00Z 1786042380
2026-08-06T18:54:00Z 1786042440
2026-08-06T18:55:00Z 1786042500
2026-08-06T18:56:00Z 1786042560
2026-08-06T18:57:00Z 1786042620
2026-08-06T18:58:00Z 1786042680
2026-08-06T18:59:00Z 1786042740
2026-08-06T19:00:00Z 1786042800
2026-08-06T19:01:00Z 1786042860
2026-08-06T19:02:00Z 1786042920
2026-08-06T19:03:00Z 1786042980
2026-08-06T19:04:00Z 1786043040
2026-08-06T19:05:00Z 1786043100
2026-08-06T19:06:00Z 1786043160
2026-08-06T19:07:00Z 1786043220
2026-08-06T19:08:00Z 1786043280
2026-08-06T19:09:00Z 1786043340
2026-08-06T19:10:00Z 1786043400
2026-08-06T19:11:00Z 1786043460
2026-08-06T19:12:00Z 1786043520
2026-08-06T19:13:00Z 1786043580
2026-08-06T19:14:00Z 1786043640
2026-08-06T19:15:00Z 1786043700
2026-08-06T19:16:00Z 1786043760
2026-08-06T19:17:00Z 1786043820
2026-08-06T19:18:00Z 1786043880
2026-08-06T19:19:00Z 1786043940
2026-08-06T19:20:00Z 1786044000
2026-08-06T19:21:00Z 1786044060
2026-08-06T19:22:00Z 1786044120
2026-08-06T19:23:00Z 1786044180
2026-08-06T19:24:00Z 1786044240
2026-08-06T19:25:00Z 1786044300
2026-08-06T19:26:00Z 1786044360
2026-08-06T19:27:00Z 1786044420
2026-08-06T19:28:00Z 1786044480
2026-08-06T19:29:00Z 1786044540
2026-08-06T19:30:00Z 1786044600
2026-08-06T19:31:00Z 1786044660
2026-08-06T19:32:00Z 1786044720
2026-08-06T19:33:00Z 1786044780
2026-08-06T19:34:00Z 1786044840
2026-08-06T19:35:00Z 1786044900
2026-08-06T19:36:00Z 1786044960
2026-08-06T19:37:00Z 1786045020
2026-08-06T19:38:00Z 1786045080
2026-08-06T19:39:00Z 1786045140
2026-08-06T19:40:00Z 1786045200
2026-08-06T19:41:00Z 1786045260
2026-08-06T19:42:00Z 1786045320
2026-08-06T19:43:00Z 1786045380
2026-08-06T19:44:00Z 1786045440
2026-08-06T19:45:00Z 1786045500
2026-08-06T19:46:00Z 1786045560
2026-08-06T19:47:00Z 1786045620
2026-08-06T19:48:00Z 1786045680
2026-08-06T19:49:00Z 1786045740
2026-08-06T19:50:00Z 1786045800
2026-08-06T19:51:00Z 1786045860
2026-08-06T19:52:00Z 1786045920
2026-08-06T19:53:00Z 1786045980
2026-08-06T19:54:00Z 1786046040
2026-08-06T19:55:00Z 1786046100
2026-08-06T19:56:00Z 1786046160
2026-08-06T19:57:00Z 1786046220
2026-08-06T19:58:00Z 1786046280
2026-08-06T19:59:00Z 1786046340
2026-08-06T20:00:00Z 1786046400
2026-08-06T20:01:00Z 1786046460
2026-08-06T20:02:00Z 1786046520
2026-08-06T20:03:00Z 1786046580
2026-08-06T20:04:00Z 1786046640
2026-08-06T20:05:00Z 1786046700
2026-08-06T20:06:00Z 1786046760
2026-08-06T20:07:00Z 1786046820
2026-08-06T20:08:00Z 1786046880
2026-08-06T20:09:00Z 1786046940
2026-08-06T20:10:00Z 1786047000
2026-08-06T20:11:00Z 1786047060
2026-08-06T20:12:00Z 1786047120
2026-08-06T20:13:00Z 1786047180
2026-08-06T20:14:00Z 1786047240
2026-08-06T20:15:00Z 1786047300
2026-08-06T20:16:00Z 1786047360
2026-08-06T20:17:00Z 1786047420
2026-08-06T20:18:00Z 1786047480
2026-08-06T20:19:00Z 1786047540
2026-08-06T20:20:00Z 1786047600
2026-08-06T20:21:00Z 1786047660
2026-08-06T20:22:00Z 1786047720
2026-08-06T20:23:00Z 1786047780
2026-08-06T20:24:00Z 1786047840
2026-08-06T20:25:00Z 1786047900
2026-08-06T20:26:00Z 1786047960
2026-08-06T20:27:00Z 1786048020
2026-08-06T20:28:00Z 1786048080
2026-08-06T20:29:00Z 1786048140
2026-08-06T20:30:00Z 1786048200
2026-08-06T20:31:00Z 1786048260
2026-08-06T20:32:00Z 1786048320
2026-08-06T20:33:00Z 1786048380
2026-08-06T20:34:00Z 1786048440
2026-08-06T20:35:00Z 1786048500
2026-08-06T20:36:00Z 1786048560
2026-08-06T20:37:00Z 1786048620
2026-08-06T20:38:00Z 1786048680
2026-08-06T20:39:00Z 1786048740
2026-08-06T20:40:00Z 1786048800
2026-08-06T20:41:00Z 1786048860
2026-08-06T20:42:00Z 1786048920
2026-08-06T20:43:00Z 1786048980
2026-08-06T20:44:00Z 1786049040
2026-08-06T20:45:00Z 1786049100
2026-08-06T20:46:00Z 1786049160
2026-08-06T20:47:00Z 1786049220
2026-08-06T20:48:00Z 1786049280
2026-08-06T20:49:00Z 1786049340
2026-08-06T20:50:00Z 1786049400
2026-08-06T20:51:00Z 1786049460
2026-08-06T20:52:00Z 1786049520
2026-08-06T20:53:00Z 1786049580
2026-08-06T20:54:00Z 1786049640
2026-08-06T20:55:00Z 1786049700
2026-08-06T20:56:00Z 1786049760
2026-08-06T20:57:00Z 1786049820
2026-08-06T20:58:00Z 1786049880
2026-08-06T20:59:00Z 1786049940
2026-08-06T21:00:00Z 1786050000
2026-08-06T21:01:00Z 1786050060
2026-08-06T21:02:00Z 1786050120
2026-08-06T21:03:00Z 1786050180
2026-08-06T21:04:00Z 1786050240
2026-08-06T21:05:00Z 1786050300
2026-08-06T21:06:00Z 1786050360
2026-08-06T21:07:00Z 1786050420
2026-08-06T21:08:00Z 1786050480
2026-08-06T21:09:00Z 1786050540
2026-08-06T21:10:00Z 1786050600
2026-08-06T21:11:00Z 1786050660
2026-08-06T21:12:00Z 1786050720
2026-08-06T21:13:00Z 1786050780
2026-08-06T21:14:00Z 1786050840
2026-08-06T21:15:00Z 1786050900
2026-08-06T21:16:00Z 1786050960
2026-08-06T21:17:00Z 1786051020
2026-08-06T21:18:00Z 1786051080
2026-08-06T21:19:00Z 1786051140
2026-08-06T21:20:00Z 1786051200
2026-08-06T21:21:00Z 1786051260
2026-08-06T21:22:00Z 1786051320
2026-08-06T21:23:00Z 1786051380
2026-08-06T21:24:00Z 1786051440
2026-08-06T21:25:00Z 1786051500
2026-08-06T21:26:00Z 1786051560
2026-08-06T21:27:00Z 1786051620
2026-08-06T21:28:00Z 1786051680
2026-08-06T21:29:00Z 1786051740
2026-08-06T21:30:00Z 1786051800
2026-08-06T21:31:00Z 1786051860
2026-08-06T21:32:00Z 1786051920
2026-08-06T21:33:00Z 1786051980
2026-08-06T21:34:00Z 1786052040
2026-08-06T21:35:00Z 1786052100
2026-08-06T21:36:00Z 1786052160
2026-08-06T21:37:00Z 1786052220
2026-08-06T21:38:00Z 1786052280
2026-08-06T21:39:00Z 1786052340
2026-08-06T21:40:00Z 1786052400
2026-08-06T21:41:00Z 1786052460
2026-08-06T21:42:00Z 1786052520
2026-08-06T21:43:00Z 1786052580
2026-08-06T21:44:00Z 1786052640
2026-08-06T21:45:00Z 1786052700
2026-08-06T21:46:00Z 1786052760
2026-08-06T21:47:00Z 1786052820
2026-08-06T21:48:00Z 1786052880
2026-08-06T21:49:00Z 1786052940
2026-08-06T21:50:00Z 1786053000
2026-08-06T21:51:00Z 1786053060
2026-08-06T21:52:00Z 1786053120
2026-08-06T21:53:00Z 1786053180
2026-08-06T21:54:00Z 1786053240
2026-08-06T21:55:00Z 1786053300
2026-08-06T21:56:00Z 1786053360
2026-08-06T21:57:00Z 1786053420
2026-08-06T21:58:00Z 1786053480
2026-08-06T21:59:00Z 1786053540
2026-08-06T22:00:00Z 1786053600
2026-08-06T22:01:00Z 1786053660
2026-08-06T22:02:00Z 1786053720
2026-08-06T22:03:00Z 1786053780
2026-08-06T22:04:00Z 1786053840
2026-08-06T22:05:00Z 1786053900
2026-08-06T22:06:00Z 1786053960
2026-08-06T22:07:00Z 1786054020
2026-08-06T22:08:00Z 1786054080
2026-08-06T22:09:00Z 1786054140
2026-08-06T22:10:00Z 1786054200
2026-08-06T22:11:00Z 1786054260
2026-08-06T22:12:00Z 1786054320
2026-08-06T22:13:00Z 1786054380
2026-08-06T22:14:00Z 1786054440
2026-08-06T22:15:00Z 1786054500
2026-08-06T22:16:00Z 1786054560
2026-08-06T22:17:00Z 1786054620
2026-08-06T22:18:00Z 1786054680
2026-08-06T22:19:00Z 1786054740
2026-08-06T22:20:00Z 1786054800
2026-08-06T22:21:00Z 1786054860
2026-08-06T22:22:00Z 1786054920
2026-08-06T22:23:00Z 1786054980
2026-08-06T22:24:00Z 1786055040
2026-08-06T22:25:00Z 1786055100
2026-08-06T22:26:00Z 1786055160
2026-08-06T22:27:00Z 1786055220
2026-08-06T22:28:00Z 1786055280
2026-08-06T22:29:00Z 1786055340
2026-08-06T22:30:00Z 1786055400
2026-08-06T22:31:00Z 1786055460
2026-08-06T22:32:00Z 1786055520
2026-08-06T22:33:00Z 1786055580
2026-08-06T22:34:00Z 1786055640
2026-08-06T22:35:00Z 1786055700
2026-08-06T22:36:00Z 1786055760
2026-08-06T22:37:00Z 1786055820
2026-08-06T22:38:00Z 1786055880
2026-08-06T22:39:00Z 1786055940
2026-08-06T22:40:00Z 1786056000
2026-08-06T22:41:00Z 1786056060
2026-08-06T22:42:00Z 1786056120
2026-08-06T22:43:00Z 1786056180
2026-08-06T22:44:00Z 1786056240
2026-08-06T22:45:00Z 1786056300
2026-08-06T22:46:00Z 1786056360
2026-08-06T22:47:00Z 1786056420
2026-08-06T22:48:00Z 1786056480
2026-08-06T22:49:00Z 1786056540
2026-08-06T22:50:00Z 1786056600
2026-08-06T22:51:00Z 1786056660
2026-08-06T22:52:00Z 1786056720
2026-08-06T22:53:00Z 1786056780
2026-08-06T22:54:00Z 1786056840
2026-08-06T22:55:00Z 1786056900
2026-08-06T22:56:00Z 1786056960
2026-08-06T22:57:00Z 1786057020
2026-08-06T22:58:00Z 1786057080
2026-08-06T22:59:00Z 1786057140
2026-08-06T23:00:00Z 1786057200
2026-08-06T23:01:00Z 1786057260
2026-08-06T23:02:00Z 1786057320
2026-08-06T23:03:00Z 1786057380
2026-08-06T23:04:00Z 1786057440
2026-08-06T23:05:00Z 1786057500
2026-08-06T23:06:00Z 1786057560
2026-08-06T23:07:00Z 1786057620
2026-08-06T23:08:00Z 1786057680
2026-08-06T23:09:00Z 1786057740
2026-08-06T23:10:00Z 1786057800
2026-08-06T23:11:00Z 1786057860
2026-08-06T23:12:00Z 1786057920
2026-08-06T23:13:00Z 1786057980
2026-08-06T23:14:00Z 1786058040
2026-08-06T23:15:00Z 1786058100
2026-08-06T23:16:00Z 1786058160
2026-08-06T23:17:00Z 1786058220
2026-08-06T23:18:00Z 1786058280
2026-08-06T23:19:00Z 1786058340
2026-08-06T23:20:00Z 1786058400
2026-08-06T23:21:00Z 1786058460
2026-08-06T23:22:00Z 1786058520
2026-08-06T23:23:00Z 1786058580
2026-08-06T23:24:00Z 1786058640
2026-08-06T23:25:00Z 1786058700
2026-08-06T23:26:00Z 1786058760
2026-08-06T23:27:00Z 1786058820
2026-08-06T23:28:00Z 1786058880
2026-08-06T23:29:00Z 1786058940
2026-08-06T23:30:00Z 1786059000
2026-08-06T23:31:00Z 1786059060
2026-08-06T23:32:00Z 1786059120
2026-08-06T23:33:00Z 1786059180
2026-08-06T23:34:00Z 1786059240
2026-08-06T23:35:00Z 1786059300
2026-08-06T23:36:00Z 1786059360
2026-08-06T23:37:00Z 1786059420
2026-08-06T23:38:00Z 1786059480
2026-08-06T23:39:00Z 1786059540
2026-08-06T23:40:00Z 1786059600
2026-08-06T23:41:00Z 1786059660
2026-08-06T23:42:00Z 1786059720
2026-08-06T23:43:00Z 1786059780
2026-08-06T23:44:00Z 1786059840
2026-08-06T23:45:00Z 1786059900
2026-08-06T23:46:00Z 1786059960
2026-08-06T23:47:00Z 1786060020
2026-08-06T23:48:00Z 1786060080
2026-08-06T23:49:00Z 1786060140
2026-08-06T23:50:00Z 1786060200
2026-08-06T23:51:00Z 1786060260
2026-08-06T23:52:00Z 1786060320
2026-08-06T23:53:00Z 1786060380
2026-08-06T23:54:00Z 1786060440
2026-08-06T23:55:00Z 1786060500
2026-08-06T23:56:00Z 1786060560
2026-08-06T23:57:00Z 1786060620
2026-08-06T23:58:00Z 1786060680
2026-08-06T23:59:00Z 1786060740
2026-08-07T00:00:00Z 1786060800
2026-08-07T00:01:00Z 1786060860
2026-08-07T00:02:00Z 1786060920
2026-08-07T00:03:00Z 1786060980
2026-08-07T00:04:00Z 1786061040
2026-08-07T00:05:00Z 1786061100
2026-08-07T00:06:00Z 1786061160
2026-08-07T00:07:00Z 1786061220
2026-08-07T00:08:00Z 1786061280
2026-08-07T00:09:00Z 1786061340
2026-08-07T00:10:00Z 1786061400
2026-08-07T00:11:00Z 1786061460
2026-08-07T00:12:00Z 1786061520
2026-08-07T00:13:00Z 1786061580
2026-08-07T00:14:00Z 1786061640
2026-08-07T00:15:00Z 1786061700
2026-08-07T00:16:00Z 1786061760
2026-08-07T00:17:00Z 1786061820
2026-08-07T00:18:00Z 1786061880
2026-08-07T00:19:00Z 1786061940
2026-08-07T00:20:00Z 1786062000
2026-08-07T00:21:00Z 1786062060
2026-08-07T00:22:00Z 1786062120
2026-08-07T00:23:00Z 1786062180
2026-08-07T00:24:00Z 1786062240
2026-08-07T00:25:00Z 1786062300
2026-08-07T00:26:00Z 1786062360
2026-08-07T00:27:00Z 1786062420
2026-08-07T00:28:00Z 1786062480
2026-08-07T00:29:00Z 1786062540
2026-08-07T00:30:00Z 1786062600
2026-08-07T00:31:00Z 1786062660
2026-08-07T00:32:00Z 1786062720
2026-08-07T00:33:00Z 1786062780
2026-08-07T00:34:00Z 1786062840
2026-08-07T00:35:00Z 1786062900
2026-08-07T00:36:00Z 1786062960
2026-08-07T00:37:00Z 1786063020
2026-08-07T00:38:00Z 1786063080
2026-08-07T00:39:00Z 1786063140
2026-08-07T00:40:00Z 1786063200
2026-08-07T00:41:00Z 1786063260
2026-08-07T00:42:00Z 1786063320
2026-08-07T00:43:00Z 1786063380
2026-08-07T00:44:00Z 1786063440
2026-08-07T00:45:00Z 1786063500
2026-08-07T00:46:00Z 1786063560
2026-08-07T00:47:00Z 1786063620
2026-08-07T00:48:00Z 1786063680
2026-08-07T00:49:00Z 1786063740
2026-08-07T00:50:00Z 1786063800
2026-08-07T00:51:00Z 1786063860
2026-08-07T00:52:00Z 1786063920
2026-08-07T00:53:00Z 1786063980
2026-08-07T00:54:00Z 1786064040
2026-08-07T00:55:00Z 1786064100
2026-08-07T00:56:00Z 1786064160
2026-08-07T00:57:00Z 1786064220
2026-08-07T00:58:00Z 1786064280
2026-08-07T00:59:00Z 1786064340
2026-08-07T01:00:00Z 1786064400
2026-08-07T01:01:00Z 1786064460
2026-08-07T01:02:00Z 1786064520
2026-08-07T01:03:00Z 1786064580
2026-08-07T01:04:00Z 1786064640
2026-08-07T01:05:00Z 1786064700
2026-08-07T01:06:00Z 1786064760
2026-08-07T01:07:00Z 1786064820
2026-08-07T01:08:00Z 1786064880
2026-08-07T01:09:00Z 1786064940
2026-08-07T01:10:00Z 1786065000
2026-08-07T01:11:00Z 1786065060
2026-08-07T01:12:00Z 1786065120
2026-08-07T01:13:00Z 1786065180
2026-08-07T01:14:00Z 1786065240
2026-08-07T01:15:00Z 1786065300
2026-08-07T01:16:00Z 1786065360
2026-08-07T01:17:00Z 1786065420
2026-08-07T01:18:00Z 1786065480
2026-08-07T01:19:00Z 1786065540
2026-08-07T01:20:00Z 1786065600
2026-08-07T01:21:00Z 1786065660
2026-08-07T01:22:00Z 1786065720
2026-08-07T01:23:00Z 1786065780
2026-08-07T01:24:00Z 1786065840
2026-08-07T01:25:00Z 1786065900
2026-08-07T01:26:00Z 1786065960
2026-08-07T01:27:00Z 1786066020
2026-08-07T01:28:00Z 1786066080
2026-08-07T01:29:00Z 1786066140
2026-08-07T01:30:00Z 1786066200
2026-08-07T01:31:00Z 1786066260
2026-08-07T01:32:00Z 1786066320
2026-08-07T01:33:00Z 1786066380
2026-08-07T01:34:00Z 1786066440
2026-08-07T01:35:00Z 1786066500
2026-08-07T01:36:00Z 1786066560
2026-08-07T01:37:00Z 1786066620
2026-08-07T01:38:00Z 1786066680
2026-08-07T01:39:00Z 1786066740
2026-08-07T01:40:00Z 1786066800
2026-08-07T01:41:00Z 1786066860
2026-08-07T01:42:00Z 1786066920
2026-08-07T01:43:00Z 1786066980
2026-08-07T01:44:00Z 1786067040
2026-08-07T01:45:00Z 1786067100
2026-08-07T01:46:00Z 1786067160
2026-08-07T01:47:00Z 1786067220
2026-08-07T01:48:00Z 1786067280
2026-08-07T01:49:00Z 1786067340
2026-08-07T01:50:00Z 1786067400
2026-08-07T01:51:00Z 1786067460
2026-08-07T01:52:00Z 1786067520
2026-08-07T01:53:00Z 1786067580
2026-08-07T01:54:00Z 1786067640
2026-08-07T01:55:00Z 1786067700
2026-08-07T01:56:00Z 1786067760
2026-08-07T01:57:00Z 1786067820
2026-08-07T01:58:00Z 1786067880
2026-08-07T01:59:00Z 1786067940
2026-08-07T02:00:00Z 1786068000
2026-08-07T02:01:00Z 1786068060
2026-08-07T02:02:00Z 1786068120
2026-08-07T02:03:00Z 1786068180
2026-08-07T02:04:00Z 1786068240
2026-08-07T02:05:00Z 1786068300
2026-08-07T02:06:00Z 1786068360
2026-08-07T02:07:00Z 1786068420
2026-08-07T02:08:00Z 1786068480
2026-08-07T02:09:00Z 1786068540
2026-08-07T02:10:00Z 1786068600
2026-08-07T02:11:00Z 1786068660
2026-08-07T02:12:00Z 1786068720
2026-08-07T02:13:00Z 1786068780
2026-08-07T02:14:00Z 1786068840
2026-08-07T02:15:00Z 1786068900
2026-08-07T02:16:00Z 1786068960
2026-08-07T02:17:00Z 1786069020
2026-08-07T02:18:00Z 1786069080
2026-08-07T02:19:00Z 1786069140
2026-08-07T02:20:00Z 1786069200
2026-08-07T02:21:00Z 1786069260
2026-08-07T02:22:00Z 1786069320
2026-08-07T02:23:00Z 1786069380
2026-08-07T02:24:00Z 1786069440
2026-08-07T02:25:00Z 1786069500
2026-08-07T02:26:00Z 1786069560
2026-08-07T02:27:00Z 1786069620
2026-08-07T02:28:00Z 1786069680
2026-08-07T02:29:00Z 1786069740
2026-08-07T02:30:00Z 1786069800
2026-08-07T02:31:00Z 1786069860
2026-08-07T02:32:00Z 1786069920
2026-08-07T02:33:00Z 1786069980
2026-08-07T02:34:00Z 1786070040
2026-08-07T02:35:00Z 1786070100
2026-08-07T02:36:00Z 1786070160
2026-08-07T02:37:00Z 1786070220
2026-08-07T02:38:00Z 1786070280
2026-08-07T02:39:00Z 1786070340
2026-08-07T02:40:00Z 1786070400
2026-08-07T02:41:00Z 1786070460
2026-08-07T02:42:00Z 1786070520
2026-08-07T02:43:00Z 1786070580
2026-08-07T02:44:00Z 1786070640
2026-08-07T02:45:00Z 1786070700
2026-08-07T02:46:00Z 1786070760
2026-08-07T02:47:00Z 1786070820
2026-08-07T02:48:00Z 1786070880
2026-08-07T02:49:00Z 1786070940
2026-08-07T02:50:00Z 1786071000
2026-08-07T02:51:00Z 1786071060
2026-08-07T02:52:00Z 1786071120
2026-08-07T02:53:00Z 1786071180
2026-08-07T02:54:00Z 1786071240
2026-08-07T02:55:00Z 1786071300
2026-08-07T02:56:00Z 1786071360
2026-08-07T02:57:00Z 1786071420
2026-08-07T02:58:00Z 1786071480
2026-08-07T02:59:00Z 1786071540
2026-08-07T03:00:00Z 1786071600
2026-08-07T03:01:00Z 1786071660
2026-08-07T03:02:00Z 1786071720
2026-08-07T03:03:00Z 1786071780
2026-08-07T03:04:00Z 1786071840
2026-08-07T03:05:00Z 1786071900
2026-08-07T03:06:00Z 1786071960
2026-08-07T03:07:00Z 1786072020
2026-08-07T03:08:00Z 1786072080
2026-08-07T03:09:00Z 1786072140
2026-08-07T03:10:00Z 1786072200
2026-08-07T03:11:00Z 1786072260
2026-08-07T03:12:00Z 1786072320
2026-08-07T03:13:00Z 1786072380
2026-08-07T03:14:00Z 1786072440
2026-08-07T03:15:00Z 1786072500
2026-08-07T03:16:00Z 1786072560
2026-08-07T03:17:00Z 1786072620
2026-08-07T03:18:00Z 1786072680
2026-08-07T03:19:00Z 1786072740
2026-08-07T03:20:00Z 1786072800
2026-08-07T03:21:00Z 1786072860
2026-08-07T03:22:00Z 1786072920
2026-08-07T03:23:00Z 1786072980
2026-08-07T03:24:00Z 1786073040
2026-08-07T03:25:00Z 1786073100
2026-08-07T03:26:00Z 1786073160
2026-08-07T03:27:00Z 1786073220
2026-08-07T03:28:00Z 1786073280
2026-08-07T03:29:00Z 1786073340
2026-08-07T03:30:00Z 1786073400
2026-08-07T03:31:00Z 1786073460
2026-08-07T03:32:00Z 1786073520
2026-08-07T03:33:00Z 1786073580
2026-08-07T03:34:00Z 1786073640
2026-08-07T03:35:00Z 1786073700
2026-08-07T03:36:00Z 1786073760
2026-08-07T03:37:00Z 1786073820
2026-08-07T03:38:00Z 1786073880
2026-08-07T03:39:00Z 1786073940
2026-08-07T03:40:00Z 1786074000
2026-08-07T03:41:00Z 1786074060
2026-08-07T03:42:00Z 1786074120
2026-08-07T03:43:00Z 1786074180
2026-08-07T03:44:00Z 1786074240
2026-08-07T03:45:00Z 1786074300
2026-08-07T03:46:00Z 1786074360
2026-08-07T03:47:00Z 1786074420
2026-08-07T03:48:00Z 1786074480
2026-08-07T03:49:00Z 1786074540
2026-08-07T03:50:00Z 1786074600
2026-08-07T03:51:00Z 1786074660
2026-08-07T03:52:00Z 1786074720
2026-08-07T03:53:00Z 1786074780
2026-08-07T03:54:00Z 1786074840
2026-08-07T03:55:00Z 1786074900
2026-08-07T03:56:00Z 1786074960
2026-08-07T03:57:00Z 1786075020
2026-08-07T03:58:00Z 1786075080
2026-08-07T03:59:00Z 1786075140
2026-08-07T04:00:00Z 1786075200
2026-08-07T04:01:00Z 1786075260
2026-08-07T04:02:00Z 1786075320
2026-08-07T04:03:00Z 1786075380
2026-08-07T04:04:00Z 1786075440
2026-08-07T04:05:00Z 1786075500
2026-08-07T04:06:00Z 1786075560
2026-08-07T04:07:00Z 1786075620
2026-08-07T04:08:00Z 1786075680
2026-08-07T04:09:00Z 1786075740
2026-08-07T04:10:00Z 1786075800
2026-08-07T04:11:00Z 1786075860
2026-08-07T04:12:00Z 1786075920
2026-08-07T04:13:00Z 1786075980
2026-08-07T04:14:00Z 1786076040
2026-08-07T04:15:00Z 1786076100
2026-08-07T04:16:00Z 1786076160
2026-08-07T04:17:00Z 1786076220
2026-08-07T04:18:00Z 1786076280
2026-08-07T04:19:00Z 1786076340
2026-08-07T04:20:00Z 1786076400
2026-08-07T04:21:00Z 1786076460
2026-08-07T04:22:00Z 1786076520
2026-08-07T04:23:00Z 1786076580
2026-08-07T04:24:00Z 1786076640
2026-08-07T04:25:00Z 1786076700
2026-08-07T04:26:00Z 1786076760
2026-08-07T04:27:00Z 1786076820
2026-08-07T04:28:00Z 1786076880
2026-08-07T04:29:00Z 1786076940
2026-08-07T04:30:00Z 1786077000
2026-08-07T04:31:00Z 1786077060
2026-08-07T04:32:00Z 1786077120
2026-08-07T04:33:00Z 1786077180
2026-08-07T04:34:00Z 1786077240
2026-08-07T04:35:00Z 1786077300
2026-08-07T04:36:00Z 1786077360
2026-08-07T04:37:00Z 1786077420
2026-08-07T04:38:00Z 1786077480
2026-08-07T04:39:00Z 1786077540
2026-08-07T04:40:00Z 1786077600
2026-08-07T04:41:00Z 1786077660
2026-08-07T04:42:00Z 1786077720
2026-08-07T04:43:00Z 1786077780
2026-08-07T04:44:00Z 1786077840
2026-08-07T04:45:00Z 1786077900
2026-08-07T04:46:00Z 1786077960
2026-08-07T04:47:00Z 1786078020
2026-08-07T04:48:00Z 1786078080
2026-08-07T04:49:00Z 1786078140
2026-08-07T04:50:00Z 1786078200
2026-08-07T04:51:00Z 1786078260
2026-08-07T04:52:00Z 1786078320
2026-08-07T04:53:00Z 1786078380
2026-08-07T04:54:00Z 1786078440
2026-08-07T04:55:00Z 1786078500
2026-08-07T04:56:00Z 1786078560
2026-08-07T04:57:00Z 1786078620
2026-08-07T04:58:00Z 1786078680
2026-08-07T04:59:00Z 1786078740
2026-08-07T05:00:00Z 1786078800
2026-08-07T05:01:00Z 1786078860
2026-08-07T05:02:00Z 1786078920
2026-08-07T05:03:00Z 1786078980
2026-08-07T05:04:00Z 1786079040
2026-08-07T05:05:00Z 1786079100
2026-08-07T05:06:00Z 1786079160
2026-08-07T05:07:00Z 1786079220
2026-08-07T05:08:00Z 1786079280
2026-08-07T05:09:00Z 1786079340
2026-08-07T05:10:00Z 1786079400
2026-08-07T05:11:00Z 1786079460
2026-08-07T05:12:00Z 1786079520
2026-08-07T05:13:00Z 1786079580
2026-08-07T05:14:00Z 1786079640
2026-08-07T05:15:00Z 1786079700
2026-08-07T05:16:00Z 1786079760
2026-08-07T05:17:00Z 1786079820
2026-08-07T05:18:00Z 1786079880
2026-08-07T05:19:00Z 1786079940
2026-08-07T05:20:00Z 1786080000
2026-08-07T05:21:00Z 1786080060
2026-08-07T05:22:00Z 1786080120
2026-08-07T05:23:00Z 1786080180
2026-08-07T05:24:00Z 1786080240
2026-08-07T05:25:00Z 1786080300
2026-08-07T05:26:00Z 1786080360
2026-08-07T05:27:00Z 1786080420
2026-08-07T05:28:00Z 1786080480
2026-08-07T05:29:00Z 1786080540
2026-08-07T05:30:00Z 1786080600
2026-08-07T05:31:00Z 1786080660
2026-08-07T05:32:00Z 1786080720
2026-08-07T05:33:00Z 1786080780
2026-08-07T05:34:00Z 1786080840
2026-08-07T05:35:00Z 1786080900
2026-08-07T05:36:00Z 1786080960
2026-08-07T05:37:00Z 1786081020
2026-08-07T05:38:00Z 1786081080
2026-08-07T05:39:00Z 1786081140
2026-08-07T05:40:00Z 1786081200
2026-08-07T05:41:00Z 1786081260
2026-08-07T05:42:00Z 1786081320
2026-08-07T05:43:00Z 1786081380
2026-08-07T05:44:00Z 1786081440
2026-08-07T05:45:00Z 1786081500
2026-08-07T05:46:00Z 1786081560
2026-08-07T05:47:00Z 1786081620
2026-08-07T05:48:00Z 1786081680
2026-08-07T05:49:00Z 1786081740
2026-08-07T05:50:00Z 1786081800
2026-08-07T05:51:00Z 1786081860
2026-08-07T05:52:00Z 1786081920
2026-08-07T05:53:00Z 1786081980
2026-08-07T05:54:00Z 1786082040
2026-08-07T05:55:00Z 1786082100
2026-08-07T05:56:00Z 1786082160
2026-08-07T05:57:00Z 1786082220
2026-08-07T05:58:00Z 1786082280
2026-08-07T05:59:00Z 1786082340
2026-08-07T06:00:00Z 1786082400
2026-08-07T06:01:00Z 1786082460
2026-08-07T06:02:00Z 1786082520
2026-08-07T06:03:00Z 1786082580
2026-08-07T06:04:00Z 1786082640
2026-08-07T06:05:00Z 1786082700
2026-08-07T06:06:00Z 1786082760
2026-08-07T06:07:00Z 1786082820
2026-08-07T06:08:00Z 1786082880
2026-08-07T06:09:00Z 1786082940
2026-08-07T06:10:00Z 1786083000
2026-08-07T06:11:00Z 1786083060
2026-08-07T06:12:00Z 1786083120
2026-08-07T06:13:00Z 1786083180
2026-08-07T06:14:00Z 1786083240
2026-08-07T06:15:00Z 1786083300
2026-08-07T06:16:00Z 1786083360
2026-08-07T06:17:00Z 1786083420
2026-08-07T06:18:00Z 1786083480
2026-08-07T06:19:00Z 1786083540
2026-08-07T06:20:00Z 1786083600
2026-08-07T06:21:00Z 1786083660
2026-08-07T06:22:00Z 1786083720
2026-08-07T06:23:00Z 1786083780
2026-08-07T06:24:00Z 1786083840
2026-08-07T06:25:00Z 1786083900
2026-08-07T06:26:00Z 1786083960
2026-08-07T06:27:00Z 1786084020
2026-08-07T06:28:00Z 1786084080
2026-08-07T06:29:00Z 1786084140
2026-08-07T06:30:00Z 1786084200
2026-08-07T06:31:00Z 1786084260
2026-08-07T06:32:00Z 1786084320
2026-08-07T06:33:00Z 1786084380
2026-08-07T06:34:00Z 1786084440
2026-08-07T06:35:00Z 1786084500
2026-08-07T06:36:00Z 1786084560
2026-08-07T06:37:00Z 1786084620
2026-08-07T06:38:00Z 1786084680
2026-08-07T06:39:00Z 1786084740
2026-08-07T06:40:00Z 1786084800
2026-08-07T06:41:00Z 1786084860
2026-08-07T06:42:00Z 1786084920
2026-08-07T06:43:00Z 1786084980
2026-08-07T06:44:00Z 1786085040
2026-08-07T06:45:00Z 1786085100
2026-08-07T06:46:00Z 1786085160
2026-08-07T06:47:00Z 1786085220
2026-08-07T06:48:00Z 1786085280
2026-08-07T06:49:00Z 1786085340
2026-08-07T06:50:00Z 1786085400
2026-08-07T06:51:00Z 1786085460
2026-08-07T06:52:00Z 1786085520
2026-08-07T06:53:00Z 1786085580
2026-08-07T06:54:00Z 1786085640
2026-08-07T06:55:00Z 1786085700
2026-08-07T06:56:00Z 1786085760
2026-08-07T06:57:00Z 1786085820
2026-08-07T06:58:00Z 1786085880
2026-08-07T06:59:00Z 1786085940
2026-08-07T07:00:00Z 1786086000
2026-08-07T07:01:00Z 1786086060
2026-08-07T07:02:00Z 1786086120
2026-08-07T07:03:00Z 1786086180
2026-08-07T07:04:00Z 1786086240
2026-08-07T07:05:00Z 1786086300
2026-08-07T07:06:00Z 1786086360
2026-08-07T07:07:00Z 1786086420
2026-08-07T07:08:00Z 1786086480
2026-08-07T07:09:00Z 1786086540
2026-08-07T07:10:00Z 1786086600
2026-08-07T07:11:00Z 1786086660
2026-08-07T07:12:00Z 1786086720
2026-08-07T07:13:00Z 1786086780
2026-08-07T07:14:00Z 1786086840
2026-08-07T07:15:00Z 1786086900
2026-08-07T07:16:00Z 1786086960
2026-08-07T07:17:00Z 1786087020
2026-08-07T07:18:00Z 1786087080
2026-08-07T07:19:00Z 1786087140
2026-08-07T07:20:00Z 1786087200
2026-08-07T07:21:00Z 1786087260
2026-08-07T07:22:00Z 1786087320
2026-08-07T07:23:00Z 1786087380
2026-08-07T07:24:00Z 1786087440
2026-08-07T07:25:00Z 1786087500
2026-08-07T07:26:00Z 1786087560
2026-08-07T07:27:00Z 1786087620
2026-08-07T07:28:00Z 1786087680
2026-08-07T07:29:00Z 1786087740
2026-08-07T07:30:00Z 1786087800
2026-08-07T07:31:00Z 1786087860
2026-08-07T07:32:00Z 1786087920
2026-08-07T07:33:00Z 1786087980
2026-08-07T07:34:00Z 1786088040
2026-08-07T07:35:00Z 1786088100
2026-08-07T07:36:00Z 1786088160
2026-08-07T07:37:00Z 1786088220
2026-08-07T07:38:00Z 1786088280
2026-08-07T07:39:00Z 1786088340
2026-08-07T07:40:00Z 1786088400
2026-08-07T07:41:00Z 1786088460
2026-08-07T07:42:00Z 1786088520
2026-08-07T07:43:00Z 1786088580
2026-08-07T07:44:00Z 1786088640
2026-08-07T07:45:00Z 1786088700
2026-08-07T07:46:00Z 1786088760
2026-08-07T07:47:00Z 1786088820
2026-08-07T07:48:00Z 1786088880
2026-08-07T07:49:00Z 1786088940
2026-08-07T07:50:00Z 1786089000
2026-08-07T07:51:00Z 1786089060
2026-08-07T07:52:00Z 1786089120
2026-08-07T07:53:00Z 1786089180
2026-08-07T07:54:00Z 1786089240
2026-08-07T07:55:00Z 1786089300
2026-08-07T07:56:00Z 1786089360
2026-08-07T07:57:00Z 1786089420
2026-08-07T07:58:00Z 1786089480
2026-08-07T07:59:00Z 1786089540
2026-08-07T08:00:00Z 1786089600
2026-08-07T08:01:00Z 1786089660
2026-08-07T08:02:00Z 1786089720
2026-08-07T08:03:00Z 1786089780
2026-08-07T08:04:00Z 1786089840
2026-08-07T08:05:00Z 1786089900
2026-08-07T08:06:00Z 1786089960
2026-08-07T08:07:00Z 1786090020
2026-08-07T08:08:00Z 1786090080
2026-08-07T08:09:00Z 1786090140
2026-08-07T08:10:00Z 1786090200
2026-08-07T08:11:00Z 1786090260
2026-08-07T08:12:00Z 1786090320
2026-08-07T08:13:00Z 1786090380
2026-08-07T08:14:00Z 1786090440
2026-08-07T08:15:00Z 1786090500
2026-08-07T08:16:00Z 1786090560
2026-08-07T08:17:00Z 1786090620
2026-08-07T08:18:00Z 1786090680
2026-08-07T08:19:00Z 1786090740
2026-08-07T08:20:00Z 1786090800
2026-08-07T08:21:00Z 1786090860
2026-08-07T08:22:00Z 1786090920
2026-08-07T08:23:00Z 1786090980
2026-08-07T08:24:00Z 1786091040
2026-08-07T08:25:00Z 1786091100
2026-08-07T08:26:00Z 1786091160
2026-08-07T08:27:00Z 1786091220
2026-08-07T08:28:00Z 1786091280
2026-08-07T08:29:00Z 1786091340
2026-08-07T08:30:00Z 1786091400
2026-08-07T08:31:00Z 1786091460
2026-08-07T08:32:00Z 1786091520
2026-08-07T08:33:00Z 1786091580
2026-08-07T08:34:00Z 1786091640
2026-08-07T08:35:00Z 1786091700
2026-08-07T08:36:00Z 1786091760
2026-08-07T08:37:00Z 1786091820
2026-08-07T08:38:00Z 1786091880
2026-08-07T08:39:00Z 1786091940
2026-08-07T08:40:00Z 1786092000
2026-08-07T08:41:00Z 1786092060
2026-08-07T08:42:00Z 1786092120
2026-08-07T08:43:00Z 1786092180
2026-08-07T08:44:00Z 1786092240
2026-08-07T08:45:00Z 1786092300
2026-08-07T08:46:00Z 1786092360
2026-08-07T08:47:00Z 1786092420
2026-08-07T08:48:00Z 1786092480
2026-08-07T08:49:00Z 1786092540
2026-08-07T08:50:00Z 1786092600
2026-08-07T08:51:00Z 1786092660
2026-08-07T08:52:00Z 1786092720
2026-08-07T08:53:00Z 1786092780
2026-08-07T08:54:00Z 1786092840
2026-08-07T08:55:00Z 1786092900
2026-08-07T08:56:00Z 1786092960
2026-08-07T08:57:00Z 1786093020
2026-08-07T08:58:00Z 1786093080
2026-08-07T08:59:00Z 1786093140
2026-08-07T09:00:00Z 1786093200
2026-08-07T09:01:00Z 1786093260
2026-08-07T09:02:00Z 1786093320
2026-08-07T09:03:00Z 1786093380
2026-08-07T09:04:00Z 1786093440
2026-08-07T09:05:00Z 1786093500
2026-08-07T09:06:00Z 1786093560
2026-08-07T09:07:00Z 1786093620
2026-08-07T09:08:00Z 1786093680
2026-08-07T09:09:00Z 1786093740
2026-08-07T09:10:00Z 1786093800
2026-08-07T09:11:00Z 1786093860
2026-08-07T09:12:00Z 1786093920
2026-08-07T09:13:00Z 1786093980
2026-08-07T09:14:00Z 1786094040
2026-08-07T09:15:00Z 1786094100
2026-08-07T09:16:00Z 1786094160
2026-08-07T09:17:00Z 1786094220
2026-08-07T09:18:00Z 1786094280
2026-08-07T09:19:00Z 1786094340
2026-08-07T09:20:00Z 1786094400
2026-08-07T09:21:00Z 1786094460
2026-08-07T09:22:00Z 1786094520
2026-08-07T09:23:00Z 1786094580
2026-08-07T09:24:00Z 1786094640
2026-08-07T09:25:00Z 1786094700
2026-08-07T09:26:00Z 1786094760
2026-08-07T09:27:00Z 1786094820
2026-08-07T09:28:00Z 1786094880
2026-08-07T09:29:00Z 1786094940
2026-08-07T09:30:00Z 1786095000
2026-08-07T09:31:00Z 1786095060
2026-08-07T09:32:00Z 1786095120
2026-08-07T09:33:00Z 1786095180
2026-08-07T09:34:00Z 1786095240
2026-08-07T09:35:00Z 1786095300
2026-08-07T09:36:00Z 1786095360
2026-08-07T09:37:00Z 1786095420
2026-08-07T09:38:00Z 1786095480
2026-08-07T09:39:00Z 1786095540
2026-08-07T09:40:00Z 1786095600
2026-08-07T09:41:00Z 1786095660
2026-08-07T09:42:00Z 1786095720
2026-08-07T09:43:00Z 1786095780
2026-08-07T09:44:00Z 1786095840
2026-08-07T09:45:00Z 1786095900
2026-08-07T09:46:00Z 1786095960
2026-08-07T09:47:00Z 1786096020
2026-08-07T09:48:00Z 1786096080
2026-08-07T09:49:00Z 1786096140
2026-08-07T09:50:00Z 1786096200
2026-08-07T09:51:00Z 1786096260
2026-08-07T09:52:00Z 1786096320
2026-08-07T09:53:00Z 1786096380
2026-08-07T09:54:00Z 1786096440
2026-08-07T09:55:00Z 1786096500
2026-08-07T09:56:00Z 1786096560
2026-08-07T09:57:00Z 1786096620
2026-08-07T09:58:00Z 1786096680
2026-08-07T09:59:00Z 1786096740
2026-08-07T10:00:00Z 1786096800
2026-08-07T10:01:00Z 1786096860
2026-08-07T10:02:00Z 1786096920
2026-08-07T10:03:00Z 1786096980
2026-08-07T10:04:00Z 1786097040
2026-08-07T10:05:00Z 1786097100
2026-08-07T10:06:00Z 1786097160
2026-08-07T10:07:00Z 1786097220
2026-08-07T10:08:00Z 1786097280
2026-08-07T10:09:00Z 1786097340
2026-08-07T10:10:00Z 1786097400
2026-08-07T10:11:00Z 1786097460
2026-08-07T10:12:00Z 1786097520
2026-08-07T10:13:00Z 1786097580
2026-08-07T10:14:00Z 1786097640
2026-08-07T10:15:00Z 1786097700
2026-08-07T10:16:00Z 1786097760
2026-08-07T10:17:00Z 1786097820
2026-08-07T10:18:00Z 1786097880
2026-08-07T10:19:00Z 1786097940
2026-08-07T10:20:00Z 1786098000
2026-08-07T10:21:00Z 1786098060
2026-08-07T10:22:00Z 1786098120
2026-08-07T10:23:00Z 1786098180
2026-08-07T10:24:00Z 1786098240
2026-08-07T10:25:00Z 1786098300
2026-08-07T10:26:00Z 1786098360
2026-08-07T10:27:00Z 1786098420
2026-08-07T10:28:00Z 1786098480
2026-08-07T10:29:00Z 1786098540
2026-08-07T10:30:00Z 1786098600
2026-08-07T10:31:00Z 1786098660
2026-08-07T10:32:00Z 1786098720
2026-08-07T10:33:00Z 1786098780
2026-08-07T10:34:00Z 1786098840
2026-08-07T10:35:00Z 1786098900
2026-08-07T10:36:00Z 1786098960
2026-08-07T10:37:00Z 1786099020
2026-08-07T10:38:00Z 1786099080
2026-08-07T10:39:00Z 1786099140
2026-08-07T10:40:00Z 1786099200
2026-08-07T10:41:00Z 1786099260
2026-08-07T10:42:00Z 1786099320
2026-08-07T10:43:00Z 1786099380
2026-08-07T10:44:00Z 1786099440
2026-08-07T10:45:00Z 1786099500
2026-08-07T10:46:00Z 1786099560
2026-08-07T10:47:00Z 1786099620
2026-08-07T10:48:00Z 1786099680
2026-08-07T10:49:00Z 1786099740
2026-08-07T10:50:00Z 1786099800
2026-08-07T10:51:00Z 1786099860
2026-08-07T10:52:00Z 1786099920
2026-08-07T10:53:00Z 1786099980
2026-08-07T10:54:00Z 1786100040
2026-08-07T10:55:00Z 1786100100
2026-08-07T10:56:00Z 1786100160
2026-08-07T10:57:00Z 1786100220
2026-08-07T10:58:00Z 1786100280
2026-08-07T10:59:00Z 1786100340
2026-08-07T11:00:00Z 1786100400
2026-08-07T11:01:00Z 1786100460
2026-08-07T11:02:00Z 1786100520
2026-08-07T11:03:00Z 1786100580
2026-08-07T11:04:00Z 1786100640
2026-08-07T11:05:00Z 1786100700
2026-08-07T11:06:00Z 1786100760
2026-08-07T11:07:00Z 1786100820
2026-08-07T11:08:00Z 1786100880
2026-08-07T11:09:00Z 1786100940
2026-08-07T11:10:00Z 1786101000
2026-08-07T11:11:00Z 1786101060
2026-08-07T11:12:00Z 1786101120
2026-08-07T11:13:00Z 1786101180
2026-08-07T11:14:00Z 1786101240
2026-08-07T11:15:00Z 1786101300
2026-08-07T11:16:00Z 1786101360
2026-08-07T11:17:00Z 1786101420
2026-08-07T11:18:00Z 1786101480
2026-08-07T11:19:00Z 1786101540
2026-08-07T11:20:00Z 1786101600
2026-08-07T11:21:00Z 1786101660
2026-08-07T11:22:00Z 1786101720
2026-08-07T11:23:00Z 1786101780
2026-08-07T11:24:00Z 1786101840
2026-08-07T11:25:00Z 1786101900
2026-08-07T11:26:00Z 1786101960
2026-08-07T11:27:00Z 1786102020
2026-08-07T11:28:00Z 1786102080
2026-08-07T11:29:00Z 1786102140
2026-08-07T11:30:00Z 1786102200
2026-08-07T11:31:00Z 1786102260
2026-08-07T11:32:00Z 1786102320
2026-08-07T11:33:00Z 1786102380
2026-08-07T11:34:00Z 1786102440
2026-08-07T11:35:00Z 1786102500
2026-08-07T11:36:00Z 1786102560
2026-08-07T11:37:00Z 1786102620
2026-08-07T11:38:00Z 1786102680
2026-08-07T11:39:00Z 1786102740
2026-08-07T11:40:00Z 1786102800
2026-08-07T11:41:00Z 1786102860
2026-08-07T11:42:00Z 1786102920
2026-08-07T11:43:00Z 1786102980
2026-08-07T11:44:00Z 1786103040
2026-08-07T11:45:00Z 1786103100
2026-08-07T11:46:00Z 1786103160
2026-08-07T11:47:00Z 1786103220
2026-08-07T11:48:00Z 1786103280
2026-08-07T11:49:00Z 1786103340
2026-08-07T11:50:00Z 1786103400
2026-08-07T11:51:00Z 1786103460
2026-08-07T11:52:00Z 1786103520
2026-08-07T11:53:00Z 1786103580
2026-08-07T11:54:00Z 1786103640
2026-08-07T11:55:00Z 1786103700
2026-08-07T11:56:00Z 1786103760
2026-08-07T11:57:00Z 1786103820
2026-08-07T11:58:00Z 1786103880
2026-08-07T11:59:00Z 1786103940
2026-08-07T12:00:00Z 1786104000
2026-08-07T12:01:00Z 1786104060
2026-08-07T12:02:00Z 1786104120
2026-08-07T12:03:00Z 1786104180
2026-08-07T12:04:00Z 1786104240
2026-08-07T12:05:00Z 1786104300
2026-08-07T12:06:00Z 1786104360
2026-08-07T12:07:00Z 1786104420
2026-08-07T12:08:00Z 1786104480
2026-08-07T12:09:00Z 1786104540
2026-08-07T12:10:00Z 1786104600
2026-08-07T12:11:00Z 1786104660
2026-08-07T12:12:00Z 1786104720
2026-08-07T12:13:00Z 1786104780
2026-08-07T12:14:00Z 1786104840
2026-08-07T12:15:00Z 1786104900
2026-08-07T12:16:00Z 1786104960
2026-08-07T12:17:00Z 1786105020
2026-08-07T12:18:00Z 1786105080
2026-08-07T12:19:00Z 1786105140
2026-08-07T12:20:00Z 1786105200
2026-08-07T12:21:00Z 1786105260
2026-08-07T12:22:00Z 1786105320
2026-08-07T12:23:00Z 1786105380
2026-08-07T12:24:00Z 1786105440
2026-08-07T12:25:00Z 1786105500
2026-08-07T12:26:00Z 1786105560
2026-08-07T12:27:00Z 1786105620
2026-08-07T12:28:00Z 1786105680
2026-08-07T12:29:00Z 1786105740
2026-08-07T12:30:00Z 1786105800
2026-08-07T12:31:00Z 1786105860
2026-08-07T12:32:00Z 1786105920
2026-08-07T12:33:00Z 1786105980
2026-08-07T12:34:00Z 1786106040
2026-08-07T12:35:00Z 1786106100
2026-08-07T12:36:00Z 1786106160
2026-08-07T12:37:00Z 1786106220
2026-08-07T12:38:00Z 1786106280
2026-08-07T12:39:00Z 1786106340
2026-08-07T12:40:00Z 1786106400
2026-08-07T12:41:00Z 1786106460
2026-08-07T12:42:00Z 1786106520
2026-08-07T12:43:00Z 1786106580
2026-08-07T12:44:00Z 1786106640
2026-08-07T12:45:00Z 1786106700
2026-08-07T12:46:00Z 1786106760
2026-08-07T12:47:00Z 1786106820
2026-08-07T12:48:00Z 1786106880
2026-08-07T12:49:00Z 1786106940
2026-08-07T12:50:00Z 1786107000
2026-08-07T12:51:00Z 1786107060
2026-08-07T12:52:00Z 1786107120
2026-08-07T12:53:00Z 1786107180
2026-08-07T12:54:00Z 1786107240
2026-08-07T12:55:00Z 1786107300
2026-08-07T12:56:00Z 1786107360
2026-08-07T12:57:00Z 1786107420
2026-08-07T12:58:00Z 1786107480
2026-08-07T12:59:00Z 1786107540
2026-08-07T13:00:00Z 1786107600
2026-08-07T13:01:00Z 1786107660
2026-08-07T13:02:00Z 1786107720
2026-08-07T13:03:00Z 1786107780
2026-08-07T13:04:00Z 1786107840
2026-08-07T13:05:00Z 1786107900
2026-08-07T13:06:00Z 1786107960
2026-08-07T13:07:00Z 1786108020
2026-08-07T13:08:00Z 1786108080
2026-08-07T13:09:00Z 1786108140
2026-08-07T13:10:00Z 1786108200
2026-08-07T13:11:00Z 1786108260
2026-08-07T13:12:00Z 1786108320
2026-08-07T13:13:00Z 1786108380
2026-08-07T13:14:00Z 1786108440
2026-08-07T13:15:00Z 1786108500
2026-08-07T13:16:00Z 1786108560
2026-08-07T13:17:00Z 1786108620
2026-08-07T13:18:00Z 1786108680
2026-08-07T13:19:00Z 1786108740
2026-08-07T13:20:00Z 1786108800
2026-08-07T13:21:00Z 1786108860
2026-08-07T13:22:00Z 1786108920
2026-08-07T13:23:00Z 1786108980
2026-08-07T13:24:00Z 1786109040
2026-08-07T13:25:00Z 1786109100
2026-08-07T13:26:00Z 1786109160
2026-08-07T13:27:00Z 1786109220
2026-08-07T13:28:00Z 1786109280
2026-08-07T13:29:00Z 1786109340
2026-08-07T13:30:00Z 1786109400
2026-08-07T13:31:00Z 1786109460
2026-08-07T13:32:00Z 1786109520
2026-08-07T13:33:00Z 1786109580
2026-08-07T13:34:00Z 1786109640
2026-08-07T13:35:00Z 1786109700
2026-08-07T13:36:00Z 1786109760
2026-08-07T13:37:00Z 1786109820
2026-08-07T13:38:00Z 1786109880
2026-08-07T13:39:00Z 1786109940
2026-08-07T13:40:00Z 1786110000
2026-08-07T13:41:00Z 1786110060
2026-08-07T13:42:00Z 1786110120
2026-08-07T13:43:00Z 1786110180
2026-08-07T13:44:00Z 1786110240
2026-08-07T13:45:00Z 1786110300
2026-08-07T13:46:00Z 1786110360
2026-08-07T13:47:00Z 1786110420
2026-08-07T13:48:00Z 1786110480
2026-08-07T13:49:00Z 1786110540
2026-08-07T13:50:00Z 1786110600
2026-08-07T13:51:00Z 1786110660
2026-08-07T13:52:00Z 1786110720
2026-08-07T13:53:00Z 1786110780
2026-08-07T13:54:00Z 1786110840
2026-08-07T13:55:00Z 1786110900
2026-08-07T13:56:00Z 1786110960
2026-08-07T13:57:00Z 1786111020
2026-08-07T13:58:00Z 1786111080
2026-08-07T13:59:00Z 1786111140
2026-08-07T14:00:00Z 1786111200
2026-08-07T14:01:00Z 1786111260
